<?xml version="1.0" encoding="UTF-8"?><extraction><clueid>99352544</clueid><fullpath><![CDATA[http://www.xiachufang.com/recipe/1068739/]]></fullpath><realpath><![CDATA[http://www.xiachufang.com/recipe/1068739/]]></realpath><theme>food_detail_page</theme><middle>规则_2</middle><createdate>2019-5-13 23:14:58</createdate><pageno>0</pageno><actionno></actionno><actionvalue></actionvalue><prestamp>DSEngine-+--+-0</prestamp><currentstamp>DSEngine-+-ds_browser_top-+-1557760498405</currentstamp><timestamp>1557760498405</timestamp><baseURI><bucketBaseURI><bucketName>page_detail</bucketName><uri><![CDATA[http://www.xiachufang.com/recipe/1068739/]]></uri></bucketBaseURI></baseURI><customInfo><![CDATA[]]></customInfo><dsName>DSEngine</dsName><dsThread>datascraper_top</dsThread><version>80700</version>
<page_detail><item><foodname>
      美式炒蛋 scrambled eggs
      </foodname><score>8.2</score><heat>4465</heat><author>馒头家的小尘</author><materials><item><mate>
                  

    鸡蛋

                </mate><quantity>
                    2个
                </quantity></item><item><mate>
                  

    低脂牛奶

                </mate><quantity>
                    2茶匙
                </quantity></item><item><mate>
                  

    黄油

                </mate><quantity>
                    适量
                </quantity></item><item><mate>
                  

    盐

                </mate><quantity>
                    微量
                </quantity></item><item><mate>
                  

    黑胡椒粉

                </mate><quantity>
                    适量
                </quantity></item></materials><steps>
            
            
              打蛋
            
            
            
              不沾锅中低温加油。加入黄油，让它融化。
            
            
            
              在此期间加牛奶和盐到蛋液中~继续搅打使蛋液融入充分的空气
            
            
            
              黄油烧热时（考虑到国内的孩纸们都是明火灶比较强悍，可以在这一步就先关火，不强悍就小火）倒入蛋液。不要搅拌！让鸡蛋慢慢慢慢慢温热一分钟直到底部成型（如果你家煤气灶比较强悍可能不要一分钟）
            
            
            
              不要犹豫，拿起小木铲把鸡蛋从边缘往中间推，上层蛋液会流向锅底，凝固了接着往中间推，直到鸡蛋没有继续熟的迹象，（之前关火了的可以把锅放回到小火上继续疯狂的推拌，总之全程小火啊，不可以让鸡蛋上色 上色表示老了）
            
            
            
              看不到流动液体时 赶紧离火并继续搅拌，差不多变结实了就可以装盘了
            
            
            
              装盘 此时他们应该是柔软潮湿的。。据说鸡蛋很奇特他们还会继续变熟一点(后熟阶段）。。。所以在锅里千万不要炒过头就是这样喵！
            
            
            
              撒上黑胡椒
            
          </steps><tips>
          1）想吃的更丰富可以在第六步那里加上炒好的番茄丁，洋葱丁，培根丁，切好的芝士小丁，等等。。。(总之不会再出水的东东）2）2个蛋2茶匙牛奶只是比例噢~其实蛋多一点（比如3个蛋3茶匙牛奶）会比较好炒~ =v=3）使用平底锅（不粘锅）。4）考虑到很多人是一人食就炒一两个鸡蛋，口径比较小的锅或许更方便在锅中均匀搅拌5）不喜欢黑胡椒的可以不撒，我有朋友是喜欢挤上番茄酱吃的 萌萌哒！
        </tips><tags>
        早餐
        快手菜
        平底锅
        减肥
        宿舍
        美式炒蛋
        炒蛋
        美式咖啡
        美式松饼
        美式烤鸡
      </tags></item></page_detail></extraction>