<?xml version="1.0" encoding="UTF-8"?><extraction><clueid>99352399</clueid><fullpath><![CDATA[http://www.xiachufang.com/recipe/99409/]]></fullpath><realpath><![CDATA[http://www.xiachufang.com/recipe/99409/]]></realpath><theme>food_detail_page</theme><middle>规则_2</middle><createdate>2019-5-13 22:49:42</createdate><pageno>0</pageno><actionno></actionno><actionvalue></actionvalue><prestamp>DSEngine-+--+-0</prestamp><currentstamp>DSEngine-+-ds_browser_top-+-1557758982743</currentstamp><timestamp>1557758982743</timestamp><baseURI><bucketBaseURI><bucketName>page_detail</bucketName><uri><![CDATA[http://www.xiachufang.com/recipe/99409/]]></uri></bucketBaseURI></baseURI><customInfo><![CDATA[]]></customInfo><dsName>DSEngine</dsName><dsThread>datascraper_top</dsThread><version>80700</version>
<page_detail><item><foodname>
      板栗烧鸡
    </foodname><score>7.8</score><heat>3489</heat><author>83小钟</author><materials><item><mate>
                  

    鸡全腿

                </mate><quantity>
                </quantity></item><item><mate>
                  

    板栗

                </mate><quantity>
                </quantity></item><item><mate>
                  

    葱

                </mate><quantity>
                </quantity></item><item><mate>
                  

    姜

                </mate><quantity>
                </quantity></item><item><mate>
                  

    料酒

                </mate><quantity>
                </quantity></item><item><mate>
                  

    酱油

                </mate><quantity>
                </quantity></item><item><mate>
                  

    盐

                </mate><quantity>
                </quantity></item><item><mate>
                  

    白糖

                </mate><quantity>
                </quantity></item></materials><steps>
            
            
              去壳的板栗入锅煮4分钟左右捞出沥干水备用
              
            
            
            
              锅中放油，油的量可以稍多点，放入板栗炒到表面变色后捞出备用
              
            
            
            
              余油再次烧热，放入葱姜片爆香，倒入鸡块翻炒
              
            
            
            
              鸡块表面微黄后调入料酒，酱油，盐，少许白糖加入板栗
              
            
            
            
              倒入开水，大火烧开后转小火盖上盖，煮20分钟左右
              
            
            
            
              再大火收干水份，撒入葱段即可
              
            
          </steps><tips/><tags>
        家常菜
        板栗烧鸡
        板栗香菇烧鸡
        烧鸡
        板栗
        鲍鱼烧鸡
      </tags></item></page_detail></extraction>