<?xml version="1.0" encoding="UTF-8"?><extraction><clueid>99352402</clueid><fullpath><![CDATA[http://www.xiachufang.com/recipe/26675/]]></fullpath><realpath><![CDATA[http://www.xiachufang.com/recipe/26675/]]></realpath><theme>food_detail_page</theme><middle>规则_2</middle><createdate>2019-5-13 22:50:34</createdate><pageno>0</pageno><actionno></actionno><actionvalue></actionvalue><prestamp>DSEngine-+--+-0</prestamp><currentstamp>DSEngine-+-ds_browser_top-+-1557759034488</currentstamp><timestamp>1557759034488</timestamp><baseURI><bucketBaseURI><bucketName>page_detail</bucketName><uri><![CDATA[http://www.xiachufang.com/recipe/26675/]]></uri></bucketBaseURI></baseURI><customInfo><![CDATA[]]></customInfo><dsName>DSEngine</dsName><dsThread>datascraper_top</dsThread><version>80700</version>
<page_detail><item><foodname>
      干煸四季豆
    </foodname><score>7.8</score><heat>3707</heat><author>80后男人的厨房</author><materials><item><mate>
                  

    四季豆

                </mate><quantity>
                    
                </quantity></item><item><mate>
                  

    干辣椒

                </mate><quantity>
                    
                </quantity></item><item><mate>
                  

    蒜头

                </mate><quantity>
                    多一些
                </quantity></item><item><mate>
                  

    酱油

                </mate><quantity>
                    少许
                </quantity></item><item><mate>
                  

    糖

                </mate><quantity>
                    
                </quantity></item><item><mate>
                  

    盐

                </mate><quantity>
                    
                </quantity></item><item><mate>
                  

    鸡精

                </mate><quantity>
                    
                </quantity></item></materials><steps>
            
            
              四季豆洗净
              
            
            
            
              去两头，把筋撕掉
              
            
            
            
              然后沥干水分，一定要干，不然炸四季豆的时候会有油溅出来的，很危险的
              
            
            
            
              锅中稍微放多些油，用大火炸四季豆
              
            
            
            
              大概3，4分钟这样，炸至外皮微皱即捞出盛起，滴去油份
              
            
            
            
              事先干辣椒切小段，蒜头用刀拍一下
              
            
            
            
              把四季豆捞出后，把锅中多余的油，装到碗中，锅中留点底油，油热倒入干辣椒，蒜头，姜丝爆香一下
              
            
            
            
              倒入捞出的四季豆
              
            
            
            
              加少许酱油，放糖,盐,鸡精(鸡精不推荐多吃),翻炒均匀就可以啦
              
            
          </steps><tips>
          没有熟透的四季豆会引起食物中毒，所以在炸的时候一定要将其炸透了。

如果你喜欢吃荤点，干煸四季豆里可以再加点肉末会更好吃，此菜外面有点儿焦，里面嫩嫩的，吃起来辣辣的，很下饭的哦！
        </tips><tags>
        家常菜
        素菜
        干煸四季豆
        四季豆
        干煸肉末四季豆
        干煸
        四季豆蒸面
      </tags></item></page_detail></extraction>