<?xml version="1.0" encoding="UTF-8"?><extraction><clueid>99353139</clueid><fullpath><![CDATA[http://www.xiachufang.com/recipe/100435385/]]></fullpath><realpath><![CDATA[http://www.xiachufang.com/recipe/100435385/]]></realpath><theme>food_detail_page</theme><middle>规则_2</middle><createdate>2019-5-14 13:34:7</createdate><pageno>0</pageno><actionno></actionno><actionvalue></actionvalue><prestamp>DSEngine-+--+-0</prestamp><currentstamp>DSEngine-+-ds_browser_top-+-1557812047773</currentstamp><timestamp>1557812047773</timestamp><baseURI><bucketBaseURI><bucketName>page_detail</bucketName><uri><![CDATA[http://www.xiachufang.com/recipe/100435385/]]></uri></bucketBaseURI></baseURI><customInfo><![CDATA[]]></customInfo><dsName>DSEngine</dsName><dsThread>datascraper_top</dsThread><version>80700</version>
<page_detail><item><foodname>
      养颜补血八宝粥
      </foodname><score/><heat>29</heat><author>陈兮兮儿</author><materials><item><mate>
                  

    黑米

                </mate><quantity>
                    用量全部都是小手抓一把就好 (●'◡'●)ﾉ
                </quantity></item><item><mate>
                  

    黑豆

                </mate><quantity>
                    黑豆tops：黑豆难煮烂，需要泡水2个小时
                </quantity></item><item><mate>
                  

    红豆

                </mate><quantity>
                    
                </quantity></item><item><mate>
                  

    黑芝麻

                </mate><quantity>
                    
                </quantity></item><item><mate>
                  

    桂圆

                </mate><quantity>
                    七八个
                </quantity></item><item><mate>
                  

    红枣

                </mate><quantity>
                    五六个
                </quantity></item><item><mate>
                  

    小米

                </mate><quantity>
                    
                </quantity></item><item><mate>
                  

    红糖

                </mate><quantity>
                    适量
                </quantity></item></materials><steps>
            
            
              黑芝麻无需洗，最后放。如果要想洗就用漏网接住，不然倒洗米水的时候很容易会被倒掉。做的时候没拍图，我的漏网给大家看一下好了。
              
            
            
            
              黑豆需要提前泡2个小时，不泡的话高压锅要煮一个小时
              
            
            
            
              材料洗干净，丢进锅里，高压锅煮粥模式，我因为黑豆忘记提前泡好，所以煮了75分钟- -然后，其实我煮了有7分满的量，图中是吃了2碗后的样子｡:.ﾟヽ(｡◕‿◕｡)ﾉﾟ.:｡+ﾟ
              
            
            
            
              更多美食关注搜索公众号：【陈兮兮儿】简介：一个不正经的美食博主，偶尔唠嗑爱美这件小事。
              
            
          </steps><tips>
          1.黑豆tops：黑豆难煮烂，需要泡水2个小时2.黑芝麻可以不需洗，洗就要用漏网接住。3.因为养颜补血，自然是红糖最好。冰糖和白糖虽然也是糖，但是！没错！我就是歧视它们！嗷嗷捂脸~~没有啦都是甜，但我就是喜欢红糖啦~~你们也可以放冰糖白糖~~~最重要的tips：，这么简单的菜谱我都上图，你们快来刷我的菜谱吧么么哒~！！ (๑•́ ₃•̀๑٥)
        </tips><tags>
        补血
        粥
      </tags></item></page_detail></extraction>