<?xml version="1.0" encoding="UTF-8"?><extraction><clueid>99353223</clueid><fullpath><![CDATA[http://www.xiachufang.com/recipe/1060957/]]></fullpath><realpath><![CDATA[http://www.xiachufang.com/recipe/1060957/]]></realpath><theme>food_detail_page</theme><middle>规则_2</middle><createdate>2019-5-14 14:53:54</createdate><pageno>0</pageno><actionno></actionno><actionvalue></actionvalue><prestamp>DSEngine-+--+-0</prestamp><currentstamp>DSEngine-+-ds_browser_top-+-1557816834407</currentstamp><timestamp>1557816834407</timestamp><baseURI><bucketBaseURI><bucketName>page_detail</bucketName><uri><![CDATA[http://www.xiachufang.com/recipe/1060957/]]></uri></bucketBaseURI></baseURI><customInfo><![CDATA[]]></customInfo><dsName>DSEngine</dsName><dsThread>datascraper_top</dsThread><version>80700</version>
<page_detail><item><foodname>
      蜂蜜肉桂生姜柠檬茶
      </foodname><score/><heat>15</heat><author>小羽私厨</author><materials><item><mate>
                  

    黄砂糖

                </mate><quantity>
                    100g
                </quantity></item><item><mate>
                  

    肉桂棒

                </mate><quantity>
                    1根
                </quantity></item><item><mate>
                  

    柠檬

                </mate><quantity>
                    3个
                </quantity></item><item><mate>
                  

    生姜

                </mate><quantity>
                    50g
                </quantity></item><item><mate>
                  

    蜂蜜

                </mate><quantity>
                    250g
                </quantity></item></materials><steps>
            
            
              将柠檬带皮切片，生姜去皮后用刮皮刀刮成很薄的片。
            
            
            
              将柠檬片、蜂蜜、生姜片、黄砂糖一层层的放入玻璃容器中，肉桂棒插到一边。
            
            
            
              密封后放到冰箱里，三至四天后可喝。
            
            
            
              喝时取出柠檬片、生姜片和析出的汁液冲水。冷热皆可。
            
          </steps><tips>
          1、喜欢姜的味道的，可以多放些。
2、肉桂气味特殊，不保证每个人都喜欢。可用肉桂粉代替。或者用桂皮代替，分量减半。
        </tips><tags>
        饮品
      </tags></item></page_detail></extraction>