<?xml version="1.0" encoding="UTF-8"?><extraction><clueid>99352277</clueid><fullpath><![CDATA[http://www.xiachufang.com/recipe/263049/]]></fullpath><realpath><![CDATA[http://www.xiachufang.com/recipe/263049/]]></realpath><theme>food_detail_page</theme><middle>规则_2</middle><createdate>2019-5-13 22:27:17</createdate><pageno>0</pageno><actionno></actionno><actionvalue></actionvalue><prestamp>DSEngine-+--+-0</prestamp><currentstamp>DSEngine-+-ds_browser_top-+-1557757637687</currentstamp><timestamp>1557757637687</timestamp><baseURI><bucketBaseURI><bucketName>page_detail</bucketName><uri><![CDATA[http://www.xiachufang.com/recipe/263049/]]></uri></bucketBaseURI></baseURI><customInfo><![CDATA[]]></customInfo><dsName>DSEngine</dsName><dsThread>datascraper_top</dsThread><version>80700</version>
<page_detail><item><foodname>
      家常豆腐
      </foodname><score>7.9</score><heat>6741</heat><author>olivia85</author><materials><item><mate>
                  

    豆腐

                </mate><quantity>
                    1块
                </quantity></item><item><mate>
                  

    鸡蛋

                </mate><quantity>
                    2个
                </quantity></item><item><mate>
                  

    青椒

                </mate><quantity>
                    1个
                </quantity></item><item><mate>
                  

    红椒

                </mate><quantity>
                    1个
                </quantity></item><item><mate>
                  

    木耳

                </mate><quantity>
                    少许（泡发并切成丝）
                </quantity></item><item><mate>
                  

    老干妈豆豉

                </mate><quantity>
                    1大勺
                </quantity></item><item><mate>
                  

    泡椒

                </mate><quantity>
                    1大勺
                </quantity></item><item><mate>
                  

    生抽

                </mate><quantity>
                    1小勺
                </quantity></item><item><mate>
                  

    老抽

                </mate><quantity>
                    1小勺
                </quantity></item><item><mate>
                  

    鸡精

                </mate><quantity>
                    少许
                </quantity></item><item><mate>
                  

    糖

                </mate><quantity>
                    1小勺
                </quantity></item><item><mate>
                  

    水

                </mate><quantity>
                    少许
                </quantity></item><item><mate>
                  

    水淀粉

                </mate><quantity>
                    少许
                </quantity></item></materials><steps>
            
            
              将豆腐切成方块
              
            
            
            
              放入打散的鸡蛋里使之沾均匀
              
            
            
            
              锅内少许油放入沾好鸡蛋液的豆腐
              
            
            
            
              两边煎成金黄色捞出备用
              
            
            
            
              另起油锅,放入老干妈豆豉和泡椒炒香
              
            
            
            
              放入青红椒和木耳煸炒
              
            
            
            
              放入煎好的豆腐块,翻炒一下，放入生抽，老抽，鸡精，糖，加入少许水
              
            
            
            
              大火快速翻炒一下,转中火2分钟后淋如水淀粉快速翻炒即可~
              
            
          </steps><tips/><tags>
        家常菜
        素菜
        单身食谱
        家常豆腐
        豆腐家常
        家常焖豆腐
        家常煎豆腐
        脆皮家常豆腐
      </tags></item></page_detail></extraction>