<?xml version="1.0" encoding="UTF-8"?><extraction><clueid>99352982</clueid><fullpath><![CDATA[http://www.xiachufang.com/recipe/1000611/]]></fullpath><realpath><![CDATA[http://www.xiachufang.com/recipe/1000611/]]></realpath><theme>food_detail_page</theme><middle>规则_2</middle><createdate>2019-5-14 11:53:5</createdate><pageno>0</pageno><actionno></actionno><actionvalue></actionvalue><prestamp>DSEngine-+--+-0</prestamp><currentstamp>DSEngine-+-ds_browser_top-+-1557805985074</currentstamp><timestamp>1557805985074</timestamp><baseURI><bucketBaseURI><bucketName>page_detail</bucketName><uri><![CDATA[http://www.xiachufang.com/recipe/1000611/]]></uri></bucketBaseURI></baseURI><customInfo><![CDATA[]]></customInfo><dsName>DSEngine</dsName><dsThread>datascraper_top</dsThread><version>80700</version>
<page_detail><item><foodname>
      蒜蓉烤香菇
    </foodname><score>6.8</score><heat>204</heat><author>Ms.A扑柔</author><materials><item><mate>
                  

    香菇

                </mate><quantity>
                    300g
                </quantity></item><item><mate>
                  

    蒜蓉

                </mate><quantity>
                    适量
                </quantity></item><item><mate>
                  

    盐

                </mate><quantity>
                    3g
                </quantity></item><item><mate>
                  

    辣椒粉

                </mate><quantity>
                    两大勺
                </quantity></item><item><mate>
                  

    橄榄油

                </mate><quantity>
                    少许
                </quantity></item></materials><steps>
            
            
              香菇洗净去蒂，划十字花刀
            
            
            
              将油刷在香菇表面，撒上蒜蓉、盐、辣椒粉
            
            
            
              烤箱预热220度，烤箱中层10分钟
            
          </steps><tips>
          减肥餐啊同学们！！可以根据自己口味加各种调味品哟~
        </tips><tags>
        减肥
        烤箱
      </tags></item></page_detail></extraction>