<?xml version="1.0" encoding="UTF-8"?><extraction><clueid>99352312</clueid><fullpath><![CDATA[http://www.xiachufang.com/recipe/1012720/]]></fullpath><realpath><![CDATA[http://www.xiachufang.com/recipe/1012720/]]></realpath><theme>food_detail_page</theme><middle>规则_2</middle><createdate>2019-5-13 22:34:33</createdate><pageno>0</pageno><actionno></actionno><actionvalue></actionvalue><prestamp>DSEngine-+--+-0</prestamp><currentstamp>DSEngine-+-ds_browser_top-+-1557758073730</currentstamp><timestamp>1557758073730</timestamp><baseURI><bucketBaseURI><bucketName>page_detail</bucketName><uri><![CDATA[http://www.xiachufang.com/recipe/1012720/]]></uri></bucketBaseURI></baseURI><customInfo><![CDATA[]]></customInfo><dsName>DSEngine</dsName><dsThread>datascraper_top</dsThread><version>80700</version>
<page_detail><item><foodname>
      黄瓜木耳炒鸡蛋
      </foodname><score>7.5</score><heat>4326</heat><author>机器猫姑娘</author><materials><item><mate>
                  

    鸡蛋

                </mate><quantity>
                </quantity></item><item><mate>
                  

    黄瓜

                </mate><quantity>
                </quantity></item><item><mate>
                  

    黑木耳

                </mate><quantity>
                </quantity></item><item><mate>
                  

    葱花

                </mate><quantity>
                </quantity></item><item><mate>
                  

    油

                </mate><quantity>
                </quantity></item><item><mate>
                  

    盐

                </mate><quantity>
                </quantity></item><item><mate>
                  

    料酒

                </mate><quantity>
                </quantity></item></materials><steps>
            
            
              黄瓜洗净，切片。木耳泡发，去蒂，洗净
            
            
            
              鸡蛋打入碗内，这个时候关键的步骤来了！！！！在鸡蛋里面加一点点料酒、水、一点点盐，然后顺着一个方向将鸡蛋搅匀，这样搅出来的鸡蛋口感更好
            
            
            
              热锅热油倒入打好的蛋液翻炒，稍微成型之后快速盛出
            
            
            
              再次热锅倒油，葱花儿爆锅，放木耳进去翻炒，之后放鸡蛋，最后放切好的黄瓜
            
            
            
              出锅之前放盐，因为之前蛋液里面放过一点了，所以要比平时炒菜时稍微少一点
            
            
            
              起锅，装盘，得嘞~
            
          </steps><tips>
          1。搅蛋液的时候加料酒和水，可以去除鸡蛋的腥味，而且会让炒出的鸡蛋更蓬松一点，口感更好。
2。鸡蛋成型之后一定要快速盛出，因为后面还要二次入锅，鸡蛋老了不好吃。
3。放盐的时候，因为之前蛋液里面放过一点了，所以要比平时炒菜时稍微少一点。
        </tips><tags>
        家常菜
        快手菜
        减肥
        清淡
        素菜
        宴客
        单身食谱
        黄瓜木耳炒鸡蛋
        木耳炒鸡蛋
        黄瓜炒鸡蛋
        黄瓜木耳
        菠菜木耳炒鸡蛋
      </tags></item></page_detail></extraction>