<?xml version="1.0" encoding="UTF-8"?><extraction><clueid>99353006</clueid><fullpath><![CDATA[http://www.xiachufang.com/recipe/103718496/]]></fullpath><realpath><![CDATA[http://www.xiachufang.com/recipe/103718496/]]></realpath><theme>food_detail_page</theme><middle>规则_2</middle><createdate>2019-5-14 12:5:29</createdate><pageno>0</pageno><actionno></actionno><actionvalue></actionvalue><prestamp>DSEngine-+--+-0</prestamp><currentstamp>DSEngine-+-ds_browser_top-+-1557806729777</currentstamp><timestamp>1557806729777</timestamp><baseURI><bucketBaseURI><bucketName>page_detail</bucketName><uri><![CDATA[http://www.xiachufang.com/recipe/103718496/]]></uri></bucketBaseURI></baseURI><customInfo><![CDATA[]]></customInfo><dsName>DSEngine</dsName><dsThread>datascraper_top</dsThread><version>80700</version>
<page_detail><item><foodname>
      减脂|美味又低脂的虾油虾仁意大利面
    </foodname><score>8.0</score><heat>200</heat><author>大宝贝小甜心</author><materials><item><mate>
                  

    意大利面

                </mate><quantity>
                    50克
                </quantity></item><item><mate>
                  

    西兰花

                </mate><quantity>
                    150克
                </quantity></item><item><mate>
                  

    洋葱

                </mate><quantity>
                    50克
                </quantity></item><item><mate>
                  

    基围虾

                </mate><quantity>
                    10几只视大小
                </quantity></item><item><mate>
                  

    橄榄油(或任意油)

                </mate><quantity>
                    适量
                </quantity></item><item><mate>
                  

    生抽

                </mate><quantity>
                    1勺
                </quantity></item><item><mate>
                  

    蚝油

                </mate><quantity>
                    1勺
                </quantity></item></materials><steps>
            
            
              开水下锅煮意面，10分钟左右
              
            
            
            
              虾拔头剥壳，拔头时总手上，虾线能一起拉出来，很快手。西兰花开水烫1一2分钟备用
              
            
            
            
              1勺生抽，1勺蚝油调汁备用
              
            
            
            
              加油炸虾头，炸至冒很多泡时捞出不要了，虾头会带油出来，所以油量可以略微多点，加虾仁炒至变色，加洋葱炒香
              
            
            
            
              依次加面，西兰花，酱汁，翻炒均匀
              
            
            
            
              太太美味了
              
            
            
            
              超级好吃呀
              
            
            
            
              无比鲜美
              
            
          </steps><tips>
          1.减肥的宝宝最好用橄榄油，不减肥随意用2.油可以略多些，因为虾头不要了，会带走一些油3.这是一个人的份量
        </tips><tags>
        早餐
        快手菜
        面条
        减肥
        面
      </tags></item></page_detail></extraction>