<?xml version="1.0" encoding="UTF-8"?><extraction><clueid>99353920</clueid><fullpath><![CDATA[http://www.xiachufang.com/recipe/250884/]]></fullpath><realpath><![CDATA[http://www.xiachufang.com/recipe/250884/]]></realpath><theme>food_detail_page</theme><middle>规则_2</middle><createdate>2019-5-14 20:21:14</createdate><pageno>0</pageno><actionno></actionno><actionvalue></actionvalue><prestamp>DSEngine-+--+-0</prestamp><currentstamp>DSEngine-+-ds_browser_top-+-1557836474037</currentstamp><timestamp>1557836474037</timestamp><baseURI><bucketBaseURI><bucketName>page_detail</bucketName><uri><![CDATA[http://www.xiachufang.com/recipe/250884/]]></uri></bucketBaseURI></baseURI><customInfo><![CDATA[]]></customInfo><dsName>DSEngine</dsName><dsThread>datascraper_top</dsThread><version>80700</version>
<page_detail><item><foodname>
      自制阿胶膏
    </foodname><score/><heat>7</heat><author>瞪圆眼睛看海</author><materials><item><mate>
                  

    无核红枣

                </mate><quantity>
                    500克
                </quantity></item><item><mate>
                  

    阿胶

                </mate><quantity>
                    250克
                </quantity></item><item><mate>
                  

    核桃仁

                </mate><quantity>
                    500克
                </quantity></item><item><mate>
                  

    黑芝麻

                </mate><quantity>
                    500克
                </quantity></item><item><mate>
                  

    冰糖

                </mate><quantity>
                    200克
                </quantity></item><item><mate>
                  

    加饭酒

                </mate><quantity>
                    500ML，或黄酒米酒
                </quantity></item><item><mate>
                  

    水

                </mate><quantity>
                    250ML
                </quantity></item></materials><steps>
            
            
              250克东阿阿胶
              
            
            
            
              用小铁锤将阿胶块儿敲碎。（越碎越好，这样好泡）
              
            
            
            
              加饭酒（黄酒、米酒均可）500ML
              
            
            
            
              将敲碎的阿胶放入一个干净无水无油的器皿里，倒入500ML加饭酒，盖上盖泡3-5天全部融化成胶状即可
              
            
            
            
              500克核桃仁，炒熟
              
            
            
            
              用料理机打成核桃碎末
              
            
            
            
              500克黑芝麻，炒熟
              
            
            
            
              用料理机打成黑芝麻碎末
              
            
            
            
              无核大红枣500克
              
            
            
            
              用料理机打成红枣粉
              
            
            
            
              冰糖200克
              
            
            
            
              用料理机打成糖粉
              
            
          </steps><tips>
          东阿阿胶泡的过程中应经常搅拌，防止阿胶沉淀粘盆底不爱融化。
因核桃和黑芝麻都有油，打的太碎的话出油即成酱了，所以打的时间不宜长，打到图中的状态即可。大枣最好选用无核脆枣，这样的枣干，好打。如选用湿枣我觉得不太好打成粉而且还得手动去核，挺费劲的。
两种方法在做的过程中都要搅拌，防止糊锅底只是一方面，另一方面，这样成品后混合物膏体上下均匀。
        </tips><tags>
        补血
        自制阿胶膏
        阿胶膏
        阿胶桂圆膏
        东阿阿胶膏
        阿胶核桃膏
      </tags></item></page_detail></extraction>