<?xml version="1.0" encoding="UTF-8"?><extraction><clueid>99352850</clueid><fullpath><![CDATA[http://www.xiachufang.com/recipe/102803800/]]></fullpath><realpath><![CDATA[http://www.xiachufang.com/recipe/102803800/]]></realpath><theme>food_detail_page</theme><middle>规则_2</middle><createdate>2019-5-14 10:18:58</createdate><pageno>0</pageno><actionno></actionno><actionvalue></actionvalue><prestamp>DSEngine-+--+-0</prestamp><currentstamp>DSEngine-+-ds_browser_top-+-1557800338953</currentstamp><timestamp>1557800338953</timestamp><baseURI><bucketBaseURI><bucketName>page_detail</bucketName><uri><![CDATA[http://www.xiachufang.com/recipe/102803800/]]></uri></bucketBaseURI></baseURI><customInfo><![CDATA[]]></customInfo><dsName>DSEngine</dsName><dsThread>datascraper_top</dsThread><version>80700</version>
<page_detail><item><foodname>
      无油美式炒蛋
      </foodname><score>8.1</score><heat>400</heat><author>唐啊胖吃不胖</author><materials><item><mate>
                  

    鸡蛋

                </mate><quantity>
                    2个
                </quantity></item><item><mate>
                  

    牛奶

                </mate><quantity>
                    2大勺
                </quantity></item><item><mate>
                  

    盐

                </mate><quantity>
                    适量
                </quantity></item><item><mate>
                  

    黑胡椒

                </mate><quantity>
                    少许
                </quantity></item></materials><steps>
            
            
              鸡蛋里加适量盐。不用太多，淡了吃的时候再补点。
              
            
            
            
              倒入牛奶。
              
            
            
            
              搅打均匀。
              
            
            
            
              冷锅倒入蛋液，全程保持小火。
              
            
            
            
              底部略微凝结开始翻炒。
              
            
            
            
              炒到鸡蛋成型就离火。
              
            
            
            
              嫩嫩的无油美式炒蛋就做好了。再磨点黑胡椒，绝配！
              
            
          </steps><tips>
          1，不粘锅很重要。2，想要嫩嫩的，一定要全程小火。不好控制火候的话可以间断性离火翻炒。
        </tips><tags>
        早餐
        减肥
        快手菜
      </tags></item></page_detail></extraction>