<?xml version="1.0" encoding="UTF-8"?><extraction><clueid>99353389</clueid><fullpath><![CDATA[http://www.xiachufang.com/recipe/35772/]]></fullpath><realpath><![CDATA[http://www.xiachufang.com/recipe/35772/]]></realpath><theme>food_detail_page</theme><middle>规则_2</middle><createdate>2019-5-14 15:25:10</createdate><pageno>0</pageno><actionno></actionno><actionvalue></actionvalue><prestamp>DSEngine-+--+-0</prestamp><currentstamp>DSEngine-+-ds_browser_top-+-1557818710216</currentstamp><timestamp>1557818710216</timestamp><baseURI><bucketBaseURI><bucketName>page_detail</bucketName><uri><![CDATA[http://www.xiachufang.com/recipe/35772/]]></uri></bucketBaseURI></baseURI><customInfo><![CDATA[]]></customInfo><dsName>DSEngine</dsName><dsThread>datascraper_top</dsThread><version>80700</version>
<page_detail><item><foodname>
      蒜蓉蒸丝瓜
    </foodname><score>7.9</score><heat>1354</heat><author>玉池桃红</author><materials><item><mate>
                  

    丝瓜

                </mate><quantity>
                    
                </quantity></item><item><mate>
                  

    蒜

                </mate><quantity>
                    
                </quantity></item><item><mate>
                  

    红辣椒

                </mate><quantity>
                    
                </quantity></item><item><mate>
                  

    生抽

                </mate><quantity>
                    
                </quantity></item><item><mate>
                  

    盐

                </mate><quantity>
                    
                </quantity></item><item><mate>
                  

    白糖

                </mate><quantity>
                    
                </quantity></item><item><mate>
                  

    鸡粉

                </mate><quantity>
                    
                </quantity></item><item><mate>
                  

    麻油

                </mate><quantity>
                    2匙
                </quantity></item></materials><steps>
            
            
              丝瓜两根刮去外皮洗净（间隔着刮，这样好看，不会影响口感的），切成段，可以在丝瓜的段上面划几刀，这样更入味
              
            
            
            
              蒜头剁成蒜蓉。红辣椒洗净，去蒂和籽，剁成末儿
            
            
            
              炒锅入油烧热，倒入蒜蓉翻炒几下，加入生抽、盐、少许白糖和鸡粉拌匀后熄火
              
            
            
            
              再将蒜蓉撒到丝瓜段上
              
            
            
            
              锅内放水烧开，放入盛丝瓜的盘子，大火隔水蒸5分钟后取出（丝瓜很容易熟的，不要蒸太久哦）
            
            
            
              热锅添入2汤匙麻油，爆香红椒末后熄火，将红椒末和香油淋在丝瓜上即可。（不喜欢香油的，这步就可以省略哦）
            
          </steps><tips>
          丝瓜中含防止皮肤老化的维生素B1，增白皮肤的维生素C等成分，具有润肤美容的作用。长期食用可以消除雀斑、皮肤洁白、细嫩、去皱；丝瓜汁素有“美人水”之称，是增白、去皱的天然美容品，用丝瓜汁擦脸，也能使人的皮肤变得更加光滑、细腻，还具有消炎效果。丝瓜适合女性食用的另一个重要原因是丝瓜性平味甘，有通经络、行血脉、凉血解毒的功效，对调理月经不顺有帮助。
        </tips><tags>
        蒸
        清淡
        素菜
        蒜蓉蒸丝瓜
        蒜蓉粉丝蒸丝瓜
        蒜蓉丝瓜
        蒸丝瓜
        蒜蓉炒丝瓜
      </tags></item></page_detail></extraction>