<?xml version="1.0" encoding="UTF-8"?><extraction><clueid>99353410</clueid><fullpath><![CDATA[http://www.xiachufang.com/recipe/37787/]]></fullpath><realpath><![CDATA[http://www.xiachufang.com/recipe/37787/]]></realpath><theme>food_detail_page</theme><middle>规则_2</middle><createdate>2019-5-14 15:27:31</createdate><pageno>0</pageno><actionno></actionno><actionvalue></actionvalue><prestamp>DSEngine-+--+-0</prestamp><currentstamp>DSEngine-+-ds_browser_top-+-1557818851653</currentstamp><timestamp>1557818851653</timestamp><baseURI><bucketBaseURI><bucketName>page_detail</bucketName><uri><![CDATA[http://www.xiachufang.com/recipe/37787/]]></uri></bucketBaseURI></baseURI><customInfo><![CDATA[]]></customInfo><dsName>DSEngine</dsName><dsThread>datascraper_top</dsThread><version>80700</version>
<page_detail><item><foodname>
      苦瓜炒鸡蛋
    </foodname><score>6.9</score><heat>714</heat><author>万万</author><materials><item><mate>
                  

    苦瓜

                </mate><quantity>
                    一根
                </quantity></item><item><mate>
                  

    笨鸡蛋

                </mate><quantity>
                    3个（柴鸡蛋）
                </quantity></item><item><mate>
                  

    葱

                </mate><quantity>
                    
                </quantity></item><item><mate>
                  

    姜

                </mate><quantity>
                    几片
                </quantity></item><item><mate>
                  

    花生油

                </mate><quantity>
                    2汤匙
                </quantity></item><item><mate>
                  

    盐

                </mate><quantity>
                    1/2茶匙
                </quantity></item><item><mate>
                  

    大蒜

                </mate><quantity>
                    几瓣（拍碎）
                </quantity></item></materials><steps>
            
            
              备料
              
            
            
            
              苦瓜洗净，对半切开，去瓤
              
            
            
            
              切薄片
              
            
            
            
              过热水焯30秒钟立刻捞出浸凉水
              
            
            
            
              控干备用
              
            
            
            
              鸡蛋打散，备用
              
            
            
            
              锅里热油，加葱姜爆香，倒入苦瓜翻炒几下
              
            
            
            
              立刻倒入蛋液
              
            
            
            
              大火翻炒一小会，看蛋液基本凝固，加上盐，蒜碎即刻关火，拌匀，利用余温让蛋液全部凝固
              
            
          </steps><tips>
          1.如果你一定要吃不苦的苦瓜，可以选用嫩苦瓜，采用泡盐水，过水焯的办法。
2.用后放鸡蛋的办法，这样使得鸡蛋包裹住苦瓜，更加美味。
3.倒入蛋液翻炒一小会即可。不用等鸡蛋全熟。锅里的余温会让鸡蛋全熟。若本来炒过了，再加上锅里的余温，鸡蛋就不嫩了。
4.喜欢的话，最后加入蒜碎非常提味。
        </tips><tags>
        清淡
        素菜
        苦瓜炒鸡蛋
        苦瓜
        炒鸡蛋
        酿苦瓜
        苦瓜煎蛋
      </tags></item></page_detail></extraction>