<?xml version="1.0" encoding="UTF-8"?><extraction><clueid>99353511</clueid><fullpath><![CDATA[http://www.xiachufang.com/recipe/102398352/]]></fullpath><realpath><![CDATA[http://www.xiachufang.com/recipe/102398352/]]></realpath><theme>food_detail_page</theme><middle>规则_2</middle><createdate>2019-5-14 15:43:33</createdate><pageno>0</pageno><actionno></actionno><actionvalue></actionvalue><prestamp>DSEngine-+--+-0</prestamp><currentstamp>DSEngine-+-ds_browser_top-+-1557819813416</currentstamp><timestamp>1557819813416</timestamp><baseURI><bucketBaseURI><bucketName>page_detail</bucketName><uri><![CDATA[http://www.xiachufang.com/recipe/102398352/]]></uri></bucketBaseURI></baseURI><customInfo><![CDATA[]]></customInfo><dsName>DSEngine</dsName><dsThread>datascraper_top</dsThread><version>80700</version>
<page_detail><item><foodname>
      潮汕凉茶(清热解毒)
      </foodname><score/><heat>2</heat><author>linglong_lin</author><materials><item><mate>
                  

    白花蛇舌草

                </mate><quantity>
                    15g
                </quantity></item><item><mate>
                  

    黑豆

                </mate><quantity>
                    30g
                </quantity></item><item><mate>
                  

    冰糖/红糖

                </mate><quantity>
                    适量
                </quantity></item><item><mate>
                  

    水

                </mate><quantity>
                    700ml(大概)
                </quantity></item></materials><steps>
            
            
              把白花蛇舌草和黑豆过两次水清洗一下，最后加入干净的清水浸泡30分钟;
              
            
            
            
              大火烧开后转小火30分钟就可以;
              
            
            
            
              最后一步是加入冰糖或红糖，也可以不加糖，糖加多少随自己口味，喜欢甜就多加点。
              
            
            
            
              凉了就可以喝了
              
            
          </steps><tips>
          白花蛇舌草在中药材店是可以买的到的。
        </tips><tags>
        饮品
      </tags></item></page_detail></extraction>