<?xml version="1.0" encoding="UTF-8"?><extraction><clueid>99352226</clueid><fullpath><![CDATA[http://www.xiachufang.com/recipe/1000357/]]></fullpath><realpath><![CDATA[http://www.xiachufang.com/recipe/1000357/]]></realpath><theme>food_detail_page</theme><middle>规则_2</middle><createdate>2019-5-13 21:56:45</createdate><pageno>0</pageno><actionno></actionno><actionvalue></actionvalue><prestamp>DSEngine-+--+-0</prestamp><currentstamp>DSEngine-+-ds_browser_top-+-1557755805859</currentstamp><timestamp>1557755805859</timestamp><baseURI><bucketBaseURI><bucketName>page_detail</bucketName><uri><![CDATA[http://www.xiachufang.com/recipe/1000357/]]></uri></bucketBaseURI></baseURI><customInfo><![CDATA[]]></customInfo><dsName>DSEngine</dsName><dsThread>datascraper_top</dsThread><version>80700</version>
<page_detail><item><foodname>
      番茄炒蛋
    </foodname><score>7.9</score><heat>15741</heat><author>猫厨房</author><materials><item><mate>
                  

    番茄

                </mate><quantity>
                </quantity></item><item><mate>
                  

    鸡蛋

                </mate><quantity>
                </quantity></item><item><mate>
                  

    盐

                </mate><quantity>
                </quantity></item><item><mate>
                  

    糖

                </mate><quantity>
                </quantity></item></materials><steps>
            
            
              鸡蛋打散，放小半汤匙的盐
            
            
            
              番茄（要够熟）切好待用
            
            
            
              热锅，放油（要比平时炒菜放多一倍油），看到油冒白烟时倒鸡蛋下去，边倒
            
            
            
              边用锅铲打圈搅拌（油热够的话，你会看到倒下去的蛋液冒泡似的翻起来），鸡蛋都凝固了，基本OK，盛起
            
            
            
              再放点油，切好的番茄倒进去，翻炒一下，小火上盖 7分钟
            
            
            
              看到已经有些番茄汁出来了，放糖，放鸡蛋翻炒，糖的量自己估计，试下甜度
            
            
            
              开大火，汁收的差不多了，上碟（基本完成）
            
            
            
              加分的一步，锅里还有不少番茄汁吧，大火把他熬粘稠了，铲起淋在菜上完成~ （这汁最好吃了，我把锅铲的都添了 - -...）
            
          </steps><tips/><tags>
        家常菜
        快手菜
        素菜
        宴客
        单身食谱
        番茄炒蛋
        番茄炒蛋饭
        番茄炒蛋拌面
        番茄洋葱炒蛋
        炒蛋
      </tags></item></page_detail></extraction>