<?xml version="1.0" encoding="UTF-8"?><extraction><clueid>99353010</clueid><fullpath><![CDATA[http://www.xiachufang.com/recipe/98041/]]></fullpath><realpath><![CDATA[http://www.xiachufang.com/recipe/98041/]]></realpath><theme>food_detail_page</theme><middle>规则_2</middle><createdate>2019-5-14 12:8:23</createdate><pageno>0</pageno><actionno></actionno><actionvalue></actionvalue><prestamp>DSEngine-+--+-0</prestamp><currentstamp>DSEngine-+-ds_browser_top-+-1557806903677</currentstamp><timestamp>1557806903677</timestamp><baseURI><bucketBaseURI><bucketName>page_detail</bucketName><uri><![CDATA[http://www.xiachufang.com/recipe/98041/]]></uri></bucketBaseURI></baseURI><customInfo><![CDATA[]]></customInfo><dsName>DSEngine</dsName><dsThread>datascraper_top</dsThread><version>80700</version>
<page_detail><item><foodname>
      黄瓜猕猴桃汁
    </foodname><score>7.9</score><heat>259</heat><author>塞北主妇</author><materials><item><mate>
                  

    猕猴桃

                </mate><quantity>
                    2个
                </quantity></item><item><mate>
                  

    黄瓜

                </mate><quantity>
                    一根
                </quantity></item><item><mate>
                  

    蜂蜜

                </mate><quantity>
                    
                </quantity></item></materials><steps>
            
            
              猕猴桃去皮，切块
            
            
            
              黄瓜洗净，切块
            
            
            
              把切好的猕猴桃和黄瓜块放入搅拌机中，榨成汁
            
            
            
              调入蜂蜜即可
            
          </steps><tips>
          这一阵，连着出门旅游，在外胡吃海塞，难免水喝的少，蔬菜、水果吃得也少，加上前天和老公生气，肝火旺盛，导致口腔溃疡、嘴唇干裂，这不赶紧用食疗来应对。我们知道黄瓜能清热解毒，利水。可治疗身热、烦渴、咽喉肿痛、防治口角炎、唇炎；而猕猴桃解热止渴，所以两者合用能润口唇、治口腔溃疡。这不每天吃饭前饮一杯，已经好多了。
        </tips><tags>
        饮品
        减肥
        果汁
        豆浆
        甜品
        榨汁机
      </tags></item></page_detail></extraction>