<?xml version="1.0" encoding="UTF-8"?><extraction><clueid>99353769</clueid><fullpath><![CDATA[http://www.xiachufang.com/recipe/102747185/]]></fullpath><realpath><![CDATA[http://www.xiachufang.com/recipe/102747185/]]></realpath><theme>food_detail_page</theme><middle>规则_2</middle><createdate>2019-5-14 17:38:33</createdate><pageno>0</pageno><actionno></actionno><actionvalue></actionvalue><prestamp>DSEngine-+--+-0</prestamp><currentstamp>DSEngine-+-ds_browser_top-+-1557826713803</currentstamp><timestamp>1557826713803</timestamp><baseURI><bucketBaseURI><bucketName>page_detail</bucketName><uri><![CDATA[http://www.xiachufang.com/recipe/102747185/]]></uri></bucketBaseURI></baseURI><customInfo><![CDATA[]]></customInfo><dsName>DSEngine</dsName><dsThread>datascraper_top</dsThread><version>80700</version>
<page_detail><item><foodname>
      干贝青瓜羹
      </foodname><score>9.1</score><heat>66</heat><author>红妆微醉</author><materials><item><mate>
                  

    干贝

                </mate><quantity>
                    20-30粒
                </quantity></item><item><mate>
                  

    黄瓜

                </mate><quantity>
                    150克
                </quantity></item><item><mate>
                  

    胡萝卜

                </mate><quantity>
                    50克
                </quantity></item><item><mate>
                  

    金针菇

                </mate><quantity>
                    50g
                </quantity></item><item><mate>
                  

    鸡蛋清

                </mate><quantity>
                    2个
                </quantity></item><item><mate>
                  

    地瓜粉＼淀粉

                </mate><quantity>
                    15g\30g
                </quantity></item><item><mate>
                  

    葱花

                </mate><quantity>
                    10克
                </quantity></item></materials><steps>
            
            
              备好材料
              
            
            
            
              干贝浸泡软以后，用手捏碎（活脱脱女汉子一枚😁）黄瓜一根洗净用擦丝器擦粗丝，胡萝卜一小段擦细丝，金针菇适量洗净切小段，取蛋清两个……
              
            
            
            
              预备一碗葱花油！葱花备好，放在碗里，冷锅倒油，加热后，淋在葱花碗里即可哦！
              
            
            
            
              油锅加热，倒入干贝碎稍微翻炒。
              
            
            
            
              干贝炒香以后加入冷水和胡萝卜丝，煮沸～
              
            
            
            
              水沸以后，加入金针菇，黄瓜丝，搅拌均匀，中火继续加热……
              
            
            
            
              汤加热过程中可制作水淀粉！第一种用地瓜粉15g兑水。第二种用淀粉25g兑水。任选一种制作水淀粉方法哦！
              
            
            
            
              调好水淀粉加入汤內，搅拌。
              
            
            
            
              最后再加入蛋清，稍微搅拌……
              
            
            
            
              水沸以后可捞去浮沫哦，保持汤清清爽爽的哦～
              
            
            
            
              关火加适量调味，盐，鸡精，倒入葱花油即可哦！
              
            
            
            
              一道清爽不油腻的干贝青瓜羹诞生啦～哈哈，慢点喝，小心烫口哦😊
              
            
          </steps><tips>
          1.干贝尽量捏碎，味道出来比较快，而且和其他切丝的蔬菜类一起，喝起来比较顺口哦😊2.蛋清要等水淀粉先下锅以后在加蛋清哦！这样水淀粉会使蛋清漂浮的更好看哈！3.配方中的量，是我们家大小四号人的量，如果人增减，水量不同，水淀粉要随着改变哦～4.如果不喜欢葱味，可以按此方法调换成其它香菜，芹菜，韭菜类哦！5.水淀粉可用两种方法，地瓜粉和淀粉。地瓜粉浓稠度比淀粉要好，所以使用的量就比淀粉少！记住哦😊
        </tips><tags>
        小清新
      </tags></item></page_detail></extraction>