<?xml version="1.0" encoding="UTF-8"?><extraction><clueid>99352368</clueid><fullpath><![CDATA[http://www.xiachufang.com/recipe/1060968/]]></fullpath><realpath><![CDATA[http://www.xiachufang.com/recipe/1060968/]]></realpath><theme>food_detail_page</theme><middle>规则_2</middle><createdate>2019-5-13 22:44:12</createdate><pageno>0</pageno><actionno></actionno><actionvalue></actionvalue><prestamp>DSEngine-+--+-0</prestamp><currentstamp>DSEngine-+-ds_browser_top-+-1557758652259</currentstamp><timestamp>1557758652259</timestamp><baseURI><bucketBaseURI><bucketName>page_detail</bucketName><uri><![CDATA[http://www.xiachufang.com/recipe/1060968/]]></uri></bucketBaseURI></baseURI><customInfo><![CDATA[]]></customInfo><dsName>DSEngine</dsName><dsThread>datascraper_top</dsThread><version>80700</version>
<page_detail><item><foodname>
      豉椒蒸土豆排骨
    </foodname><score>8.1</score><heat>2840</heat><author>烟火间</author><materials><item><mate>
                  

    猪小排

                </mate><quantity>
                    350克
                </quantity></item><item><mate>
                  

    土豆

                </mate><quantity>
                    1个
                </quantity></item><item><mate>
                  

    豆豉

                </mate><quantity>
                    1大勺
                </quantity></item><item><mate>
                  

    小红尖椒

                </mate><quantity>
                    1-2个
                </quantity></item><item><mate>
                  

    香葱

                </mate><quantity>
                    1棵
                </quantity></item><item><mate>
                  

    姜

                </mate><quantity>
                    2片
                </quantity></item><item><mate>
                  

    蒜头

                </mate><quantity>
                    2-3瓣
                </quantity></item><item><mate>
                  

    料酒

                </mate><quantity>
                    1大勺
                </quantity></item><item><mate>
                  

    淡色鲜酱油

                </mate><quantity>
                    1大勺
                </quantity></item><item><mate>
                  

    蚝油

                </mate><quantity>
                    1大勺
                </quantity></item><item><mate>
                  

    盐

                </mate><quantity>
                    1/4小勺
                </quantity></item><item><mate>
                  

    糖

                </mate><quantity>
                    1/2小勺
                </quantity></item><item><mate>
                  

    胡椒粉

                </mate><quantity>
                    少许
                </quantity></item><item><mate>
                  

    淀粉

                </mate><quantity>
                    1小勺
                </quantity></item></materials><steps>
            
            
              豆豉用冷水泡个3、5分钟，葱、姜、蒜、红尖椒切碎，与所有腌料（料酒、酱油、蚝油、盐、糖、胡椒粉、淀粉）混合拌匀
              
            
            
            
              猪小排用清水彻底洗去血水，沥干水分，把排骨放入腌料中腌制大约1小时左右入味
              
            
            
            
              土豆削皮切成小块，铺放在盘子底部
              
            
            
            
              腌好的排骨放在土豆上面，上蒸锅中火蒸30分-40分钟即可（喜欢软一点口感的适当延长蒸煮时间）
              
            
          </steps><tips>
          垫在排骨下面的土豆尽量平铺，不要贪多，堆叠得太厚，导致排骨熟了，土豆还没有软烂。
        </tips><tags>
        家常菜
        蒸
        宴客
        豉椒蒸土豆排骨
        豉椒蒸排骨
        豉汁蒸排骨
        豉香蒸排骨
      </tags></item></page_detail></extraction>