<?xml version="1.0" encoding="UTF-8"?><extraction><clueid>99353980</clueid><fullpath><![CDATA[http://www.xiachufang.com/recipe/182273/]]></fullpath><realpath><![CDATA[http://www.xiachufang.com/recipe/182273/]]></realpath><theme>food_detail_page</theme><middle>规则_2</middle><createdate>2019-5-14 21:5:57</createdate><pageno>0</pageno><actionno></actionno><actionvalue></actionvalue><prestamp>DSEngine-+--+-0</prestamp><currentstamp>DSEngine-+-ds_browser_top-+-1557839157455</currentstamp><timestamp>1557839157455</timestamp><baseURI><bucketBaseURI><bucketName>page_detail</bucketName><uri><![CDATA[http://www.xiachufang.com/recipe/182273/]]></uri></bucketBaseURI></baseURI><customInfo><![CDATA[]]></customInfo><dsName>DSEngine</dsName><dsThread>datascraper_top</dsThread><version>80700</version>
<page_detail><item><foodname>
      洛神玫瑰枸杞茶
    </foodname><score/><heat>5</heat><author>燕拍拍</author><materials><item><mate>
                  

    洛神花

                </mate><quantity>
                    5g（紫茄）
                </quantity></item><item><mate>
                  

    玫瑰花

                </mate><quantity>
                    5g
                </quantity></item><item><mate>
                  

    菊花

                </mate><quantity>
                    5g
                </quantity></item><item><mate>
                  

    枸杞

                </mate><quantity>
                    4g
                </quantity></item><item><mate>
                  

    冰糖

                </mate><quantity>
                    适量
                </quantity></item></materials><steps>
            
            
              先将洛神，玫瑰，菊花，混合放入锅中，加入适量的清水，煮沸5分钟，再加入枸杞，适量冰糖调味，再煮上3-5分钟即可饮用
              
            
          </steps><tips>
          此茶的菊花也可以换成桂花，如果觉得煮茶麻烦，也可以用沸水冲泡，在办公室最好用微波容器，在微波炉里高火6-7分钟，枸杞最好随茶水一起吃更能吸收它的营养价值。
        </tips><tags>
        饮品
        减肥
      </tags></item></page_detail></extraction>