<?xml version="1.0" encoding="UTF-8"?><extraction><clueid>99352314</clueid><fullpath><![CDATA[http://www.xiachufang.com/recipe/100459629/]]></fullpath><realpath><![CDATA[http://www.xiachufang.com/recipe/100459629/]]></realpath><theme>food_detail_page</theme><middle>规则_2</middle><createdate>2019-5-13 22:35:19</createdate><pageno>0</pageno><actionno></actionno><actionvalue></actionvalue><prestamp>DSEngine-+--+-0</prestamp><currentstamp>DSEngine-+-ds_browser_top-+-1557758119206</currentstamp><timestamp>1557758119206</timestamp><baseURI><bucketBaseURI><bucketName>page_detail</bucketName><uri><![CDATA[http://www.xiachufang.com/recipe/100459629/]]></uri></bucketBaseURI></baseURI><customInfo><![CDATA[]]></customInfo><dsName>DSEngine</dsName><dsThread>datascraper_top</dsThread><version>80700</version>
<page_detail><item><foodname>
      超简单的菜  可乐鸡翅
      </foodname><score>8.0</score><heat>4529</heat><author>小美的美食</author><materials><item><mate>
                  

    鸡中翅

                </mate><quantity>
                    11只
                </quantity></item><item><mate>
                  

    可乐

                </mate><quantity>
                    300ml
                </quantity></item><item><mate>
                  

    生抽

                </mate><quantity>
                    1勺
                </quantity></item><item><mate>
                  

    料酒

                </mate><quantity>
                    3勺
                </quantity></item><item><mate>
                  

    老抽

                </mate><quantity>
                    2勺
                </quantity></item></materials><steps>
            
            
              在生鸡翅上划刀（两面），用两勺老抽，两勺料酒腌30分钟以上。有时间可以提前腌制。
              
            
            
            
              锅中放水煮开，鸡翅下锅煮沸出浮沫后，立即捞出沥干。
              
            
            
            
              中火，锅中放一点油，将鸡翅煎成金黄。
              
            
            
            
              然后将可乐300ml、酱油1勺、料酒1勺倒入锅中，
              
            
            
            
              中火炖至汤汁浓稠并且裹在鸡翅上即可。
              
            
            
            
              成品欣赏
              
            
            
            
              成品欣赏
              
            
            
            
              成品欣赏
              
            
            
            
              成品欣赏
              
            
            
            
              勺子，就是平时喝汤的小白勺（调羹），
              
            
          </steps><tips>
          1、老抽的味道比较重，如果按照本菜谱的量来，不需要加盐。2、腌制后在沸水中煮，是去血水和去除多余的老抽和料酒味，因为腌制时量放得大。3、可乐的用量是300ml，我是买的大瓶可乐，所以用量杯倒出来的，一听罐装可乐是355ml，亲们也可以直接用一听，这样比较好掌握。4、建议用不沾锅或者电饭煲比较好掌握，当然技术好的亲直接用铁锅也是可以的这个没必须要求。QQ群1: 438996620QQ群2:  234018580微信群：694755640 ‘暗号美食’微信公众号：VSY233
        </tips><tags>
        家常菜
        电饭煲
        下饭菜
        下酒菜
        年夜饭
        可乐鸡翅
        烤可乐鸡翅
        柠檬可乐鸡翅
        家常可乐鸡翅
        可乐鸡翅步骤
      </tags></item></page_detail></extraction>