<?xml version="1.0" encoding="UTF-8"?><extraction><clueid>99353413</clueid><fullpath><![CDATA[http://www.xiachufang.com/recipe/102326595/]]></fullpath><realpath><![CDATA[http://www.xiachufang.com/recipe/102326595/]]></realpath><theme>food_detail_page</theme><middle>规则_2</middle><createdate>2019-5-14 15:28:19</createdate><pageno>0</pageno><actionno></actionno><actionvalue></actionvalue><prestamp>DSEngine-+--+-0</prestamp><currentstamp>DSEngine-+-ds_browser_top-+-1557818899375</currentstamp><timestamp>1557818899375</timestamp><baseURI><bucketBaseURI><bucketName>page_detail</bucketName><uri><![CDATA[http://www.xiachufang.com/recipe/102326595/]]></uri></bucketBaseURI></baseURI><customInfo><![CDATA[]]></customInfo><dsName>DSEngine</dsName><dsThread>datascraper_top</dsThread><version>80700</version>
<page_detail><item><foodname>
      清热止咳海星汤
      </foodname><score/><heat>2</heat><author>手机用户June</author><materials><item><mate>
                  

    红萝卜

                </mate><quantity>
                    适量
                </quantity></item><item><mate>
                  

    海星(干品)

                </mate><quantity>
                    2个
                </quantity></item><item><mate>
                  

    水

                </mate><quantity>
                    1000ml
                </quantity></item><item><mate>
                  

    瘦肉

                </mate><quantity>
                    100克
                </quantity></item><item><mate>
                  

    枸杞子

                </mate><quantity>
                    适量
                </quantity></item><item><mate>
                  

    海底椰

                </mate><quantity>
                    适量
                </quantity></item></materials><steps>
            
            
              把海星泡两小时后把内藏清洗干净，红萝卜 瘦肉切粒。海底椰杞枸子洗净，放下疆片，加入1000ml温水。
              
            
            
            
              加水炖2小时
              
            
            
            
              加适量的盐就可以了！
              
            
          </steps><tips>
          止咳平喘，适用于慢性咽喉炎引起的咳嗽。
        </tips><tags/></item></page_detail></extraction>