<?xml version="1.0" encoding="UTF-8"?><extraction><clueid>99352580</clueid><fullpath><![CDATA[http://www.xiachufang.com/recipe/100209418/]]></fullpath><realpath><![CDATA[http://www.xiachufang.com/recipe/100209418/]]></realpath><theme>food_detail_page</theme><middle>规则_2</middle><createdate>2019-5-13 23:24:34</createdate><pageno>0</pageno><actionno></actionno><actionvalue></actionvalue><prestamp>DSEngine-+--+-0</prestamp><currentstamp>DSEngine-+-ds_browser_top-+-1557761074108</currentstamp><timestamp>1557761074108</timestamp><baseURI><bucketBaseURI><bucketName>page_detail</bucketName><uri><![CDATA[http://www.xiachufang.com/recipe/100209418/]]></uri></bucketBaseURI></baseURI><customInfo><![CDATA[]]></customInfo><dsName>DSEngine</dsName><dsThread>datascraper_top</dsThread><version>80700</version>
<page_detail><item><foodname>
      茄汁海鲜菇
      </foodname><score>7.3</score><heat>2020</heat><author>WantingSu</author><materials><item><mate>
                  

    海鲜菇

                </mate><quantity>
                    若干
                </quantity></item><item><mate>
                  

    西红柿

                </mate><quantity>
                    两个
                </quantity></item><item><mate>
                  

    小葱

                </mate><quantity>
                    两根
                </quantity></item><item><mate>
                  

    蒜头

                </mate><quantity>
                    两瓣
                </quantity></item><item><mate>
                  

    油

                </mate><quantity>
                    
                </quantity></item><item><mate>
                  

    盐

                </mate><quantity>
                    
                </quantity></item><item><mate>
                  

    糖

                </mate><quantity>
                    
                </quantity></item></materials><steps>
            
            
              海鲜菇去根部 洗净，在热水里汆烫熟后捞起；
              
            
            
            
              热油锅 煸香蒜片，西红柿切小块下锅翻炒出汁(觉得汁水不够 可少量加些水)
              
            
            
            
              倒入海鲜菇一起炒匀，适量盐调味 再加点糖提鲜 沸腾后即可出锅，撒上切碎的葱花。
              
            
          </steps><tips/><tags>
        快手菜
        下饭菜
        茄汁海鲜菇
        海鲜菇
        茄汁
        素炒海鲜菇
        蚝油海鲜菇
      </tags></item></page_detail></extraction>