<?xml version="1.0" encoding="UTF-8"?><extraction><clueid>99352819</clueid><fullpath><![CDATA[http://www.xiachufang.com/recipe/127299/]]></fullpath><realpath><![CDATA[http://www.xiachufang.com/recipe/127299/]]></realpath><theme>food_detail_page</theme><middle>规则_2</middle><createdate>2019-5-14 9:59:40</createdate><pageno>0</pageno><actionno></actionno><actionvalue></actionvalue><prestamp>DSEngine-+--+-0</prestamp><currentstamp>DSEngine-+-ds_browser_top-+-1557799180126</currentstamp><timestamp>1557799180126</timestamp><baseURI><bucketBaseURI><bucketName>page_detail</bucketName><uri><![CDATA[http://www.xiachufang.com/recipe/127299/]]></uri></bucketBaseURI></baseURI><customInfo><![CDATA[]]></customInfo><dsName>DSEngine</dsName><dsThread>datascraper_top</dsThread><version>80700</version>
<page_detail><item><foodname>
      南瓜红枣汤
    </foodname><score>8.0</score><heat>747</heat><author>玉池桃红</author><materials><item><mate>
                  

    南瓜

                </mate><quantity>
                    
                </quantity></item><item><mate>
                  

    红枣

                </mate><quantity>
                    
                </quantity></item><item><mate>
                  

    冰糖

                </mate><quantity>
                    或红糖
                </quantity></item></materials><steps>
            
            
              南瓜去皮去瓤后，洗净切成大块
              
            
            
            
              红枣用温水泡一下洗净
              
            
            
            
              锅中放水，水开后放红枣，大火煮开后转中小火，煲15分钟
              
            
            
            
              放入南瓜块继续煮到南瓜软烂，放冰糖至融化即可
              
            
          </steps><tips/><tags>
        补血
        减肥
        甜品
        粥
        宿舍
        南瓜红枣汤
        红枣汤
        红豆红枣汤
        莲子红枣汤
        胡萝卜红枣汤
      </tags></item></page_detail></extraction>