<?xml version="1.0" encoding="UTF-8"?><extraction><clueid>99352499</clueid><fullpath><![CDATA[http://www.xiachufang.com/recipe/100103576/]]></fullpath><realpath><![CDATA[http://www.xiachufang.com/recipe/100103576/]]></realpath><theme>food_detail_page</theme><middle>规则_2</middle><createdate>2019-5-13 23:8:12</createdate><pageno>0</pageno><actionno></actionno><actionvalue></actionvalue><prestamp>DSEngine-+--+-0</prestamp><currentstamp>DSEngine-+-ds_browser_top-+-1557760092846</currentstamp><timestamp>1557760092846</timestamp><baseURI><bucketBaseURI><bucketName>page_detail</bucketName><uri><![CDATA[http://www.xiachufang.com/recipe/100103576/]]></uri></bucketBaseURI></baseURI><customInfo><![CDATA[]]></customInfo><dsName>DSEngine</dsName><dsThread>datascraper_top</dsThread><version>80700</version>
<page_detail><item><foodname>
      超级下饭菜--金针菇日本豆腐
      </foodname><score>7.5</score><heat>6064</heat><author>吃肥了</author><materials><item><mate>
                  

    日本豆腐

                </mate><quantity>
                    3根
                </quantity></item><item><mate>
                  

    金针菇

                </mate><quantity>
                    一捆
                </quantity></item><item><mate>
                  

    大葱

                </mate><quantity>
                    适量
                </quantity></item><item><mate>
                  

    葱

                </mate><quantity>
                    一小把
                </quantity></item><item><mate>
                  

    蒜

                </mate><quantity>
                    适量
                </quantity></item><item><mate>
                  

    盐

                </mate><quantity>
                    适量
                </quantity></item><item><mate>
                  

    耗油

                </mate><quantity>
                    2勺
                </quantity></item><item><mate>
                  

    酱油

                </mate><quantity>
                    2勺
                </quantity></item></materials><steps>
            
            
              日本豆腐这样的。金针菇洗净沥干水备用（去除根部弄散）日本豆腐打开包装横切3刀，切块
              
            
            
            
              大葱，蒜切碎，葱花备用
            
            
            
              锅中倒油烧热，加入日本豆腐煎至表皮焦黄，沥干捞起。剩下的油再加入蒜以及大葱爆香，加入金针菇
            
            
            
              翻炒至金针菇软身，加入一勺酱油，一勺耗油翻炒均匀后加入日本豆腐在金针菇上面，此时再加入一勺酱油及耗油覆盖豆腐上面，盖上盖焖几分钟（2分钟左右）
            
            
            
              在这期间，勾芡备用
            
            
            
              打开锅盖，倒入芡汁，略微翻均匀，再盖上焖一小会儿，待汁收得差不多
            
            
            
              关火，上碟，装饭开吃
            
          </steps><tips>
          很简单，不用什么技巧
        </tips><tags>
        快手菜
        下饭菜
        宴客
        日式
        日本豆腐
        烧日本豆腐
        三鲜日本豆腐
        番茄日本豆腐
        日本豆腐煲
      </tags></item></page_detail></extraction>