<?xml version="1.0" encoding="UTF-8"?><extraction><clueid>99353916</clueid><fullpath><![CDATA[http://www.xiachufang.com/recipe/266147/]]></fullpath><realpath><![CDATA[http://www.xiachufang.com/recipe/266147/]]></realpath><theme>food_detail_page</theme><middle>规则_2</middle><createdate>2019-5-14 20:16:1</createdate><pageno>0</pageno><actionno></actionno><actionvalue></actionvalue><prestamp>DSEngine-+--+-0</prestamp><currentstamp>DSEngine-+-ds_browser_top-+-1557836161086</currentstamp><timestamp>1557836161086</timestamp><baseURI><bucketBaseURI><bucketName>page_detail</bucketName><uri><![CDATA[http://www.xiachufang.com/recipe/266147/]]></uri></bucketBaseURI></baseURI><customInfo><![CDATA[]]></customInfo><dsName>DSEngine</dsName><dsThread>datascraper_top</dsThread><version>80700</version>
<page_detail><item><foodname>
      绿豆莲子鸽子汤
    </foodname><score/><heat>11</heat><author>粉竽粘糖</author><materials><item><mate>
                  

    鸽子

                </mate><quantity>
                    1只
                </quantity></item><item><mate>
                  

    绿豆

                </mate><quantity>
                    60克
                </quantity></item><item><mate>
                  

    莲子

                </mate><quantity>
                    50克
                </quantity></item><item><mate>
                  

    枸杞

                </mate><quantity>
                    20粒
                </quantity></item><item><mate>
                  

    姜

                </mate><quantity>
                    2片
                </quantity></item><item><mate>
                  

    盐

                </mate><quantity>
                    1茶匙
                </quantity></item></materials><steps>
            
            
              材料备好
              
            
            
            
              将洗净的绿豆、莲子、鸽子放入汤煲里，倒入适量的清水
              
            
            
            
              煲至微开时用勺子捞去表面的浮沫
              
            
            
            
              盖上盖子，调小火煲50分钟
              
            
            
            
              50分钟后，打开盖了放入泡洗净的枸杞
              
            
            
            
              再煮5分钟，撒入盐即可
              
            
          </steps><tips>
          1、家里有陈皮可放一片。
2、莲子最好不要去苦芯，苦芯可去火。
3、去火汤煲的时候不能过长，最好不要超过一小时。
        </tips><tags>
        全部菜单
      </tags></item></page_detail></extraction>