<?xml version="1.0" encoding="UTF-8"?><extraction><clueid>99352647</clueid><fullpath><![CDATA[http://www.xiachufang.com/recipe/91841/]]></fullpath><realpath><![CDATA[http://www.xiachufang.com/recipe/91841/]]></realpath><theme>food_detail_page</theme><middle>规则_2</middle><createdate>2019-5-13 23:46:42</createdate><pageno>0</pageno><actionno></actionno><actionvalue></actionvalue><prestamp>DSEngine-+--+-0</prestamp><currentstamp>DSEngine-+-ds_browser_top-+-1557762402483</currentstamp><timestamp>1557762402483</timestamp><baseURI><bucketBaseURI><bucketName>page_detail</bucketName><uri><![CDATA[http://www.xiachufang.com/recipe/91841/]]></uri></bucketBaseURI></baseURI><customInfo><![CDATA[]]></customInfo><dsName>DSEngine</dsName><dsThread>datascraper_top</dsThread><version>80700</version>
<page_detail><item><foodname>
      孜然牛肉粒
    </foodname><score>7.9</score><heat>1348</heat><author>梓晴</author><materials><item><mate>
                  

    牛肉

                </mate><quantity>
                    200克
                </quantity></item><item><mate>
                  

    青红椒

                </mate><quantity>
                    100克
                </quantity></item><item><mate>
                  

    洋葱

                </mate><quantity>
                    60克
                </quantity></item><item><mate>
                  

    生姜

                </mate><quantity>
                    5克
                </quantity></item><item><mate>
                  

    料酒

                </mate><quantity>
                    
                </quantity></item><item><mate>
                  

    盐

                </mate><quantity>
                    
                </quantity></item><item><mate>
                  

    红烧酱油

                </mate><quantity>
                    
                </quantity></item><item><mate>
                  

    孜然（粉末+颗粒）

                </mate><quantity>
                    
                </quantity></item><item><mate>
                  

    水淀粉

                </mate><quantity>
                    
                </quantity></item><item><mate>
                  

    蚝油

                </mate><quantity>
                    
                </quantity></item><item><mate>
                  

    香油

                </mate><quantity>
                    
                </quantity></item><item><mate>
                  

    辣椒粉

                </mate><quantity>
                    
                </quantity></item><item><mate>
                  

    白芝麻

                </mate><quantity>
                    
                </quantity></item></materials><steps>
            
            
              牛肉洗净切小丁；青红椒洗净切小圈状；洋葱切小丁；生姜去皮切片
              
            
            
            
              牛肉丁中加入料酒、盐、红烧酱油、孜然（粉末+颗粒）、水淀粉、蚝油、香油，混合均匀，腌制20分钟
              
            
            
            
              锅中放入适量油加热至5成，放入腌制好的牛肉粒翻炒至变色，盛出备用
              
            
            
            
              锅中放入少许油加热，放入洋葱碎和生姜片炒至微微焦黄色，放入辣椒圈炒出香味
              
            
            
            
              依次放入炒好的牛肉粒、孜然（粉末+颗粒）、辣椒粉、白芝麻翻炒均匀即可
              
            
          </steps><tips/><tags>
        家常菜
        下饭菜
        快手菜
        孜然
        孜然牛肉粒
        牛肉粒
        孜然鸡肉粒
        孜然馒头粒
        孜然牛肉
      </tags></item></page_detail></extraction>