<?xml version="1.0" encoding="UTF-8"?><extraction><clueid>99353136</clueid><fullpath><![CDATA[http://www.xiachufang.com/recipe/100406885/]]></fullpath><realpath><![CDATA[http://www.xiachufang.com/recipe/100406885/]]></realpath><theme>food_detail_page</theme><middle>规则_2</middle><createdate>2019-5-14 13:33:22</createdate><pageno>0</pageno><actionno></actionno><actionvalue></actionvalue><prestamp>DSEngine-+--+-0</prestamp><currentstamp>DSEngine-+-ds_browser_top-+-1557812002635</currentstamp><timestamp>1557812002635</timestamp><baseURI><bucketBaseURI><bucketName>page_detail</bucketName><uri><![CDATA[http://www.xiachufang.com/recipe/100406885/]]></uri></bucketBaseURI></baseURI><customInfo><![CDATA[]]></customInfo><dsName>DSEngine</dsName><dsThread>datascraper_top</dsThread><version>80700</version>
<page_detail><item><foodname>
      皮蛋瘦肉粥
      </foodname><score>7.0</score><heat>58</heat><author>小美的美食</author><materials><item><mate>
                  

    白米粥

                </mate><quantity>
                </quantity></item><item><mate>
                  

    皮蛋

                </mate><quantity>
                </quantity></item><item><mate>
                  

    瘦肉

                </mate><quantity>
                </quantity></item><item><mate>
                  

    生粉

                </mate><quantity>
                </quantity></item><item><mate>
                  

    盐

                </mate><quantity>
                </quantity></item><item><mate>
                  

    油

                </mate><quantity>
                </quantity></item></materials><steps>
            
            
              米放入锅中淘洗干净，加入10倍量的水。我用得是电高压锅，盖上盖子按煮粥功能，煮好之后等待它自然冷却，揭开盖子。
              
            
            
            
              瘦肉切丝，放入生粉搅拌均匀，皮蛋切小丁。
              
            
            
            
              粥煮好之后另取1个锅，炒锅或者砂锅都可以，我用得是砂锅，放适量的白粥在锅中，根据粥的情况加适量的清水、食用油和姜片（粥若煮得比较稀就不用加清水），烧至沸腾。
              
            
            
            
              沸腾之后要不定时的用勺子搅拌粥，防止沾锅。感觉粥有一定的粘度之后，加入拌好生粉的肉丝用勺子或者筷子轻轻的拔散开。
              
            
            
            
              肉丝拨散以后，加入皮蛋、盐、少许鸡精搅拌2分钟左右，关火享用啦。
              
            
            
            
              成品图欣赏
              
            
            
            
              成品图欣赏
              
            
            
            
              成品图欣赏
              
            
          </steps><tips/><tags>
        粥
        清淡
        小吃
        皮蛋瘦肉粥
        电饭煲皮蛋瘦肉粥
        电饭煲版皮蛋瘦肉粥
        电饭锅皮蛋瘦肉粥
        砂锅皮蛋瘦肉粥
      </tags></item></page_detail></extraction>