<?xml version="1.0" encoding="UTF-8"?><extraction><clueid>99353015</clueid><fullpath><![CDATA[http://www.xiachufang.com/recipe/260695/]]></fullpath><realpath><![CDATA[http://www.xiachufang.com/recipe/260695/]]></realpath><theme>food_detail_page</theme><middle>规则_2</middle><createdate>2019-5-14 12:12:11</createdate><pageno>0</pageno><actionno></actionno><actionvalue></actionvalue><prestamp>DSEngine-+--+-0</prestamp><currentstamp>DSEngine-+-ds_browser_top-+-1557807131390</currentstamp><timestamp>1557807131390</timestamp><baseURI><bucketBaseURI><bucketName>page_detail</bucketName><uri><![CDATA[http://www.xiachufang.com/recipe/260695/]]></uri></bucketBaseURI></baseURI><customInfo><![CDATA[]]></customInfo><dsName>DSEngine</dsName><dsThread>datascraper_top</dsThread><version>80700</version>
<page_detail><item><foodname>
      海鲜白菜卷
    </foodname><score>6.7</score><heat>113</heat><author>食尚先生王森</author><materials><item><mate>
                  

    大白菜叶

                </mate><quantity>
                    100g
                </quantity></item><item><mate>
                  

    虾仁

                </mate><quantity>
                    50g
                </quantity></item><item><mate>
                  

    鲜鱿鱼

                </mate><quantity>
                    1条
                </quantity></item><item><mate>
                  

    黄瓜

                </mate><quantity>
                    1根
                </quantity></item><item><mate>
                  

    鸡蛋

                </mate><quantity>
                    1个
                </quantity></item><item><mate>
                  

    盐

                </mate><quantity>
                    少许
                </quantity></item><item><mate>
                  

    干淀粉

                </mate><quantity>
                    1茶匙
                </quantity></item></materials><steps>
            
            
              将大白菜洗净，放入沸水里烫几秒后取出
            
            
            
              黄瓜切成细长条
            
            
            
              把鱿鱼处理干净
            
            
            
              鱿鱼切成稍粗点的丝，虾仁挑去泥线洗净
            
            
            
              将鱿鱼放入沸水锅中捞一下，去腥味
            
            
            
              鱿鱼丝加盐，蛋清、虾仁和干淀粉拌匀成海鲜卷的馅料
            
            
            
              将烫过的大白菜叶切去茎铺在菜板上
            
            
            
              在白菜叶的下端放上黄瓜丝、虾仁、鱿鱼丝
            
            
            
              然后从有馅料的一端向上卷
            
            
            
              卷成长条（要卷紧一点）
            
            
            
              将卷好的白菜海鲜卷放在盘子上，入锅蒸3分钟关火。出锅后将白菜卷切成小段，码在盘子上，吃时沾上自己喜欢的酱料即可
            
          </steps><tips/><tags>
        家常菜
        减肥
        清淡
        单身食谱
      </tags></item></page_detail></extraction>