<?xml version="1.0" encoding="UTF-8"?><extraction><clueid>99353705</clueid><fullpath><![CDATA[http://www.xiachufang.com/recipe/259911/]]></fullpath><realpath><![CDATA[http://www.xiachufang.com/recipe/259911/]]></realpath><theme>food_detail_page</theme><middle>规则_2</middle><createdate>2019-5-14 16:15:9</createdate><pageno>0</pageno><actionno></actionno><actionvalue></actionvalue><prestamp>DSEngine-+--+-0</prestamp><currentstamp>DSEngine-+-ds_browser_top-+-1557821709207</currentstamp><timestamp>1557821709207</timestamp><baseURI><bucketBaseURI><bucketName>page_detail</bucketName><uri><![CDATA[http://www.xiachufang.com/recipe/259911/]]></uri></bucketBaseURI></baseURI><customInfo><![CDATA[]]></customInfo><dsName>DSEngine</dsName><dsThread>datascraper_top</dsThread><version>80700</version>
<page_detail><item><foodname>
      木瓜牛奶炖燕窝
    </foodname><score>8.5</score><heat>537</heat><author>月亮晶晶</author><materials><item><mate>
                  

    干燕条

                </mate><quantity>
                    3g
                </quantity></item><item><mate>
                  

    木瓜

                </mate><quantity>
                    20g
                </quantity></item><item><mate>
                  

    牛奶

                </mate><quantity>
                    20ml
                </quantity></item><item><mate>
                  

    蜂蜜

                </mate><quantity>
                    少量
                </quantity></item></materials><steps>
            
            
              把干燕条洗净表面，放干净碗里，倒入50ml纯净水
              
            
            
            
              泡发4小时左右，至燕条完全发大至通透
              
            
            
            
              泡发好的燕窝大约是原重量的6-7倍
              
            
            
            
              把泡发好的燕条放入过滤网内冲洗干净，如有细小的绒毛用镊子挑出
              
            
            
            
              顺燕窝的纹理把燕条撕成细条放入炖盅，加纯净水，水量高过燕窝一指节
              
            
            
            
              加盖放入锅内，锅内水位至炖盅一半高，隔水小火慢炖45分钟即可
              
            
            
            
              木瓜去皮去籽，切小块
              
            
            
            
              把木瓜和牛奶放入炖好的燕窝内
              
            
            
            
              加入冰糖融化或者稍凉后加入蜂蜜拌匀即可食用
              
            
          </steps><tips>
          1. 鉴别是否特干燕窝的办法是，干燕窝浸泡后的发头效果很好，约是原重量的6-7倍，这可以证明是特干燕窝。
2. 品质好的燕窝炖煮完毕后呈完整的条状结构，口感Q弹爽滑并且吃上去有股蛋白的清香。
3. 用明火隔水小火炖燕窝，一般45钟就够了。用电炖锅的时间要适当延长。
        </tips><tags>
        全部菜单
      </tags></item></page_detail></extraction>