<?xml version="1.0" encoding="UTF-8"?><extraction><clueid>99353859</clueid><fullpath><![CDATA[http://www.xiachufang.com/recipe/180893/]]></fullpath><realpath><![CDATA[http://www.xiachufang.com/recipe/180893/]]></realpath><theme>food_detail_page</theme><middle>规则_2</middle><createdate>2019-5-14 19:37:12</createdate><pageno>0</pageno><actionno></actionno><actionvalue></actionvalue><prestamp>DSEngine-+--+-0</prestamp><currentstamp>DSEngine-+-ds_browser_top-+-1557833832756</currentstamp><timestamp>1557833832756</timestamp><baseURI><bucketBaseURI><bucketName>page_detail</bucketName><uri><![CDATA[http://www.xiachufang.com/recipe/180893/]]></uri></bucketBaseURI></baseURI><customInfo><![CDATA[]]></customInfo><dsName>DSEngine</dsName><dsThread>datascraper_top</dsThread><version>80700</version>
<page_detail><item><foodname>
      香滑健脑核桃糊
      </foodname><score/><heat>16</heat><author>0夏天0</author><materials><item><mate>
                  

    核桃仁

                </mate><quantity>
                    5-6个
                </quantity></item><item><mate>
                  

    米

                </mate><quantity>
                    一勺
                </quantity></item></materials><steps>
            
            
              米洗干净泡水2小时，核桃仁洗干净，炒香（如果怕上火就微炒，但是一定要炒，炒了才香）
              
            
            
            
              核桃和米一起加200ml水，放入搅拌机打成米浆~
              
            
            
            
              过滤渣，放入锅里加冰糖一起煮开，加少许糯米粉调的水，边倒边搅，变浓稠即可
              
            
          </steps><tips/><tags>
        儿童
        补血
      </tags></item></page_detail></extraction>