<?xml version="1.0" encoding="UTF-8"?><extraction><clueid>99352274</clueid><fullpath><![CDATA[http://www.xiachufang.com/recipe/102221807/]]></fullpath><realpath><![CDATA[http://www.xiachufang.com/recipe/102221807/]]></realpath><theme>food_detail_page</theme><middle>规则_2</middle><createdate>2019-5-13 22:5:47</createdate><pageno>0</pageno><actionno></actionno><actionvalue></actionvalue><prestamp>DSEngine-+--+-0</prestamp><currentstamp>DSEngine-+-ds_browser_top-+-1557756347397</currentstamp><timestamp>1557756347397</timestamp><baseURI><bucketBaseURI><bucketName>page_detail</bucketName><uri><![CDATA[http://www.xiachufang.com/recipe/102221807/]]></uri></bucketBaseURI></baseURI><customInfo><![CDATA[]]></customInfo><dsName>DSEngine</dsName><dsThread>datascraper_top</dsThread><version>80700</version>
<page_detail><item><foodname>
      家常豆腐
      </foodname><score>7.9</score><heat>5327</heat><author>我很家常</author><materials><item><mate>
                  

    北豆腐(就是比较结实的那种哈）

                </mate><quantity>
                    一块 (大概380g)
                </quantity></item><item><mate>
                  

    木耳

                </mate><quantity>
                    随意
                </quantity></item><item><mate>
                  

    柿子椒

                </mate><quantity>
                    一个
                </quantity></item><item><mate>
                  

    郫县豆瓣辣酱

                </mate><quantity>
                    一大勺
                </quantity></item><item><mate>
                  

    葱花、姜末

                </mate><quantity>
                    随意
                </quantity></item><item><mate>
                  

    白糖

                </mate><quantity>
                    一小勺
                </quantity></item><item><mate>
                  

    土豆淀粉

                </mate><quantity>
                    一小勺
                </quantity></item></materials><steps>
            
            
              有不少朋友问什么是北豆腐，看图哈，这就是北豆腐，盒装的，比较结实的那种。不知道其他地方怎么称呼。
              
            
            
            
              北豆腐一块切成1厘米厚的三角形片。我买的白玉北豆腐
              
            
            
            
              放油锅中火炸至金黄色每次炸几块，分几次炸完，这样省油，也不容易碎。
              
            
            
            
              捞出备用
              
            
            
            
              木耳提前泡发，去硬根，柿子椒洗净，掰成小块泡发木耳我习惯用热水，比较柔软，如果喜欢脆的口感可用冷水泡，但时间要长。
              
            
            
            
              郫县豆瓣酱，我的豆瓣酱颗粒很大，所以提前用料理机打碎了。还有人问豆瓣辣酱的牌子，我用的牌子是蜀味源，也是在超市随手拿的，没有挑选。
              
            
            
            
              炒锅烧热放底油，加葱花姜末，加入一大勺豆瓣酱。不要放太多，因为会咸。我没有再另外加盐，如果你觉的不咸，可根据自己的口味添加。
              
            
            
            
              小火炒一会儿至炒出红油🌹注意火力不要太大，容易粘锅🌹一定要炒出红油，不然味道不好，颜色也不漂亮。
              
            
            
            
              把木耳、豆腐放入锅中翻炒均匀，加少量清水和一小勺白糖，盖盖子稍煮几分钟入味，最后加入柿子椒翻炒均匀。
              
            
            
            
              出锅前勾稀芡翻炒均匀即可。🌹有朋友问土豆淀粉是干嘛用的？在这儿呢啊，最后一步勾芡。不会勾芡的看过来，淀粉+凉水调开(体积的比例为1:4左右)，淋入锅中，不要一下全倒进去，边倒边翻炒，看到汤汁浓稠即可。宁少勿多！
              
            
          </steps><tips/><tags>
        下饭菜
        快手菜
        家常菜
        家常豆腐
        豆腐家常
        家常焖豆腐
        家常煎豆腐
        脆皮家常豆腐
      </tags></item></page_detail></extraction>