<?xml version="1.0" encoding="UTF-8"?><extraction><clueid>99353082</clueid><fullpath><![CDATA[http://www.xiachufang.com/recipe/1100955/]]></fullpath><realpath><![CDATA[http://www.xiachufang.com/recipe/1100955/]]></realpath><theme>food_detail_page</theme><middle>规则_2</middle><createdate>2019-5-14 12:58:27</createdate><pageno>0</pageno><actionno></actionno><actionvalue></actionvalue><prestamp>DSEngine-+--+-0</prestamp><currentstamp>DSEngine-+-ds_browser_top-+-1557809907882</currentstamp><timestamp>1557809907882</timestamp><baseURI><bucketBaseURI><bucketName>page_detail</bucketName><uri><![CDATA[http://www.xiachufang.com/recipe/1100955/]]></uri></bucketBaseURI></baseURI><customInfo><![CDATA[]]></customInfo><dsName>DSEngine</dsName><dsThread>datascraper_top</dsThread><version>80700</version>
<page_detail><item><foodname>
      补肾补钙养颜酥黑豆~
      </foodname><score>7.4</score><heat>98</heat><author>鱼-39</author><materials><item><mate>
                  

    黑豆

                </mate><quantity>
                    适量
                </quantity></item><item><mate>
                  

    调味盐

                </mate><quantity>
                    适量
                </quantity></item><item><mate>
                  

    糖

                </mate><quantity>
                    适量
                </quantity></item></materials><steps>
            
            
              洗净黑豆，稍稍浸泡（如果喜欢吃软的，可以多浸泡一些时间）后滤出放烤盘中，
            
            
            
              加入调味盐、糖，拌匀，
            
            
            
              入烤箱180°，15到20分钟左右。（如果想不那么脆，就少烤一会儿）
            
          </steps><tips>
          1，烤至近20分钟时黑豆会发出怯生生的细微爆裂声，非常可爱~
2，烘烤期间用筷子翻动两三次，让黑豆受热更加均匀。
        </tips><tags>
        全部菜单
      </tags></item></page_detail></extraction>