<?xml version="1.0" encoding="UTF-8"?><extraction><clueid>99352662</clueid><fullpath><![CDATA[http://www.xiachufang.com/recipe/100350106/]]></fullpath><realpath><![CDATA[http://www.xiachufang.com/recipe/100350106/]]></realpath><theme>food_detail_page</theme><middle>规则_2</middle><createdate>2019-5-13 23:50:51</createdate><pageno>0</pageno><actionno></actionno><actionvalue></actionvalue><prestamp>DSEngine-+--+-0</prestamp><currentstamp>DSEngine-+-ds_browser_top-+-1557762651385</currentstamp><timestamp>1557762651385</timestamp><baseURI><bucketBaseURI><bucketName>page_detail</bucketName><uri><![CDATA[http://www.xiachufang.com/recipe/100350106/]]></uri></bucketBaseURI></baseURI><customInfo><![CDATA[]]></customInfo><dsName>DSEngine</dsName><dsThread>datascraper_top</dsThread><version>80700</version>
<page_detail><item><foodname>
      茄子豆角
    </foodname><score>7.5</score><heat>1117</heat><author>宝宝D猪猪</author><materials><item><mate>
                  

    豆角

                </mate><quantity>
                    250g
                </quantity></item><item><mate>
                  

    茄子

                </mate><quantity>
                    一条
                </quantity></item><item><mate>
                  

    蒜头

                </mate><quantity>
                    
                </quantity></item><item><mate>
                  

    辣椒

                </mate><quantity>
                    
                </quantity></item><item><mate>
                  

    耗油

                </mate><quantity>
                    
                </quantity></item><item><mate>
                  

    油

                </mate><quantity>
                    
                </quantity></item><item><mate>
                  

    盐

                </mate><quantity>
                    
                </quantity></item></materials><steps>
            
            
              茄子和豆角切整齐的段
              
            
            
            
              蒜头和干辣椒切块
              
            
            
            
              热油先炸豆角，炸到豆角表面起泡就好。
              
            
            
            
              豆角捞起来滤油，接着炸茄子看到表面变软就差不多啦。
              
            
            
            
              剩下的油装起来，留下一点爆蒜头和辣椒。
            
            
            
              最后倒入茄子和豆角，加点盐、耗油起锅。
              
            
          </steps><tips>
          油不用倒太多，炸过的油可以用来炒菜。
        </tips><tags>
        家常菜
        快手菜
        茄子豆角
        豆角茄子
        茄子炒豆角
        豆角炖茄子
        茄子炖豆角
      </tags></item></page_detail></extraction>