<?xml version="1.0" encoding="UTF-8"?><extraction><clueid>99353597</clueid><fullpath><![CDATA[http://www.xiachufang.com/recipe/194742/]]></fullpath><realpath><![CDATA[http://www.xiachufang.com/recipe/194742/]]></realpath><theme>food_detail_page</theme><middle>规则_2</middle><createdate>2019-5-14 15:56:56</createdate><pageno>0</pageno><actionno></actionno><actionvalue></actionvalue><prestamp>DSEngine-+--+-0</prestamp><currentstamp>DSEngine-+-ds_browser_top-+-1557820616113</currentstamp><timestamp>1557820616113</timestamp><baseURI><bucketBaseURI><bucketName>page_detail</bucketName><uri><![CDATA[http://www.xiachufang.com/recipe/194742/]]></uri></bucketBaseURI></baseURI><customInfo><![CDATA[]]></customInfo><dsName>DSEngine</dsName><dsThread>datascraper_top</dsThread><version>80700</version>
<page_detail><item><foodname>
      蜜汁玫瑰山药
    </foodname><score/><heat>8</heat><author>梅依旧</author><materials><item><mate>
                  

    山药

                </mate><quantity>
                    200g
                </quantity></item><item><mate>
                  

    鲜玫瑰花

                </mate><quantity>
                    一朵
                </quantity></item><item><mate>
                  

    白糖

                </mate><quantity>
                    1大匙
                </quantity></item><item><mate>
                  

    蜂蜜

                </mate><quantity>
                    3大匙
                </quantity></item><item><mate>
                  

    玫瑰酱

                </mate><quantity>
                    20克
                </quantity></item></materials><steps>
            
            
              玫瑰花剥下花瓣，清洗后放入淡盐水中浸泡2小时
              
            
            
            
              山药去皮，用清水洗净后切成长条。锅中注入清水，大火烧开，放入山药，氽一下捞出，在盘里码放整齐
              
            
            
            
              锅里放水约100ML，放入白糖和玫瑰酱煮至玫瑰酱化开
              
            
            
            
              粘稠后放入蜂蜜，将汁熬浓，浇在山药上
              
            
            
            
              将玫瑰花瓣围放在山药周围，装饰好即可
              
            
          </steps><tips>
          1、山药在购买时要选择切口处洁白的，如果色泽发暗的就是切开时间比较长的，新鲜程度就要打
折扣了。
2、新鲜山药容易跟空气中的氧产生氧化作用，与铁或金属接触也会形成褐化现象，所以切开山药
最好用竹刀或塑料刀片。先在皮上画线后，再用手剥开成段。
3、储藏时切口处容易氧化，可以先用米酒泡一泡，然后以吹风机吹干，促使伤口愈合，再用餐巾纸包好，外围包几层报纸，放在阴凉墙角处即可。
        </tips><tags>
        情人节
      </tags></item></page_detail></extraction>