<?xml version="1.0" encoding="UTF-8"?><extraction><clueid>99352821</clueid><fullpath><![CDATA[http://www.xiachufang.com/recipe/100113024/]]></fullpath><realpath><![CDATA[http://www.xiachufang.com/recipe/100113024/]]></realpath><theme>food_detail_page</theme><middle>规则_2</middle><createdate>2019-5-14 10:0:17</createdate><pageno>0</pageno><actionno></actionno><actionvalue></actionvalue><prestamp>DSEngine-+--+-0</prestamp><currentstamp>DSEngine-+-ds_browser_top-+-1557799217833</currentstamp><timestamp>1557799217833</timestamp><baseURI><bucketBaseURI><bucketName>page_detail</bucketName><uri><![CDATA[http://www.xiachufang.com/recipe/100113024/]]></uri></bucketBaseURI></baseURI><customInfo><![CDATA[]]></customInfo><dsName>DSEngine</dsName><dsThread>datascraper_top</dsThread><version>80700</version>
<page_detail><item><foodname>
      咸味黑芝麻普雷结
      </foodname><score>7.6</score><heat>945</heat><author>中岛老师的烘焙教室</author><materials><item><mate>
                  

    低筋粉

                </mate><quantity>
                    100克
                </quantity></item><item><mate>
                  

    熟黑芝麻

                </mate><quantity>
                    20克
                </quantity></item><item><mate>
                  

    泡打粉

                </mate><quantity>
                    1/4 小勺
                </quantity></item><item><mate>
                  

    盐

                </mate><quantity>
                    1/4 小勺
                </quantity></item><item><mate>
                  

    菜籽油

                </mate><quantity>
                    1大勺
                </quantity></item><item><mate>
                  

    豆浆（原味）

                </mate><quantity>
                    50毫升
                </quantity></item></materials><steps>
            
            
              将低筋粉、黑芝麻、泡打粉、盐放入搅拌盆中，用类似淘米的手法搅拌。
              
            
            
            
              加入菜籽油（量勺里剩余的油也要刮入盆中）和豆浆。用同样的手法搅拌至基本看不到干粉。
              
            
            
            
              用刮板将粘在盆壁上的原料刮干净，用手把原料整理成团。
              
            
            
            
              用保鲜膜把面团包起来，室温下松弛30分钟（气温高的时候要把面团放入冰箱冷藏）。烤箱预热至170℃。
              
            
            
            
              把面团擀成厚4毫米的面片（长25 厘米、宽15 厘米）。用直尺（或刮板）把面片切成宽1 厘米的长条。
              
            
            
            
              用双手搓成20厘米长的细条。
              
            
            
            
              把做好的饼干棒摆在烤盘上，留出适当间距。烤箱预热至170℃，烤到饼干上色即可，大约25 分钟。出炉后放在烤盘上冷却。
              
            
          </steps><tips/><tags>
        烘焙
        早餐
        甜品
        减肥
        饼干
        下午茶
        小吃
        中岛老师
      </tags></item></page_detail></extraction>