<?xml version="1.0" encoding="UTF-8"?><extraction><clueid>99353789</clueid><fullpath><![CDATA[http://www.xiachufang.com/recipe/78237/]]></fullpath><realpath><![CDATA[http://www.xiachufang.com/recipe/78237/]]></realpath><theme>food_detail_page</theme><middle>规则_2</middle><createdate>2019-5-14 18:26:29</createdate><pageno>0</pageno><actionno></actionno><actionvalue></actionvalue><prestamp>DSEngine-+--+-0</prestamp><currentstamp>DSEngine-+-ds_browser_top-+-1557829589108</currentstamp><timestamp>1557829589108</timestamp><baseURI><bucketBaseURI><bucketName>page_detail</bucketName><uri><![CDATA[http://www.xiachufang.com/recipe/78237/]]></uri></bucketBaseURI></baseURI><customInfo><![CDATA[]]></customInfo><dsName>DSEngine</dsName><dsThread>datascraper_top</dsThread><version>80700</version>
<page_detail><item><foodname>
      木瓜炖梨
    </foodname><score>8.2</score><heat>71</heat><author>大花花西瓜瓜</author><materials><item><mate>
                  

    木瓜

                </mate><quantity>
                    半个
                </quantity></item><item><mate>
                  

    梨

                </mate><quantity>
                    １个
                </quantity></item><item><mate>
                  

    冰糖

                </mate><quantity>
                    １小块
                </quantity></item></materials><steps>
            
            
              木瓜去籽，梨去皮
            
            
            
              都切成小块
            
            
            
              锅中加水煮沸后，放入木瓜块、梨块、冰糖，煮开后，再小火煮半个小时
            
          </steps><tips>
          梨：生津、润燥、清热、化痰。熟梨滋阴润肺，止咳化痰，对嗓子具有良好的润泽保护作用。
木瓜：其中含有木瓜酶，对人体有促进消化和抗衰老作用。熟木瓜可以养阴润肺、滋润皮肤、延缓衰老，还可治疗燥热咳嗽、干咳无痰、痰多带血等症。
        </tips><tags>
        甜品
      </tags></item></page_detail></extraction>