<?xml version="1.0" encoding="UTF-8"?><extraction><clueid>99353406</clueid><fullpath><![CDATA[http://www.xiachufang.com/recipe/100409525/]]></fullpath><realpath><![CDATA[http://www.xiachufang.com/recipe/100409525/]]></realpath><theme>food_detail_page</theme><middle>规则_2</middle><createdate>2019-5-14 15:26:25</createdate><pageno>0</pageno><actionno></actionno><actionvalue></actionvalue><prestamp>DSEngine-+--+-0</prestamp><currentstamp>DSEngine-+-ds_browser_top-+-1557818785659</currentstamp><timestamp>1557818785659</timestamp><baseURI><bucketBaseURI><bucketName>page_detail</bucketName><uri><![CDATA[http://www.xiachufang.com/recipe/100409525/]]></uri></bucketBaseURI></baseURI><customInfo><![CDATA[]]></customInfo><dsName>DSEngine</dsName><dsThread>datascraper_top</dsThread><version>80700</version>
<page_detail><item><foodname>
      清火绿豆糕
    </foodname><score/><heat>3</heat><author>筱筱-71</author><materials><item><mate>
                  

    绿豆

                </mate><quantity>
                    200g
                </quantity></item><item><mate>
                  

    冰糖粉或白糖

                </mate><quantity>
                    20g
                </quantity></item><item><mate>
                  

    玉米油

                </mate><quantity>
                    20g
                </quantity></item><item><mate>
                  

    水

                </mate><quantity>
                    适量
                </quantity></item><item><mate>
                  

    蜂蜜

                </mate><quantity>
                    40g
                </quantity></item></materials><steps>
            
            
              生绿豆打粉 上锅蒸30分钟
            
            
            
              蒸后压挤过筛 加入油 糖 蜂蜜搅拌均匀 这个过程要仔细
            
            
            
              这时候可以按压一个试试，如果觉得湿度不够，可以适当加一点点水
              
            
          </steps><tips/><tags>
        全部菜单
      </tags></item></page_detail></extraction>