<?xml version="1.0" encoding="UTF-8"?><extraction><clueid>99353510</clueid><fullpath><![CDATA[http://www.xiachufang.com/recipe/102188820/]]></fullpath><realpath><![CDATA[http://www.xiachufang.com/recipe/102188820/]]></realpath><theme>food_detail_page</theme><middle>规则_2</middle><createdate>2019-5-14 15:43:18</createdate><pageno>0</pageno><actionno></actionno><actionvalue></actionvalue><prestamp>DSEngine-+--+-0</prestamp><currentstamp>DSEngine-+-ds_browser_top-+-1557819798462</currentstamp><timestamp>1557819798462</timestamp><baseURI><bucketBaseURI><bucketName>page_detail</bucketName><uri><![CDATA[http://www.xiachufang.com/recipe/102188820/]]></uri></bucketBaseURI></baseURI><customInfo><![CDATA[]]></customInfo><dsName>DSEngine</dsName><dsThread>datascraper_top</dsThread><version>80700</version>
<page_detail><item><foodname>
      清凉祛火粥
    </foodname><score/><heat>1</heat><author>七夕之约</author><materials><item><mate>
                  

    青稞米

                </mate><quantity>
                    适量
                </quantity></item><item><mate>
                  

    小米

                </mate><quantity>
                    适量
                </quantity></item><item><mate>
                  

    绿豆

                </mate><quantity>
                    适量
                </quantity></item><item><mate>
                  

    莲子

                </mate><quantity>
                    适量
                </quantity></item><item><mate>
                  

    枸杞

                </mate><quantity>
                    适量
                </quantity></item></materials><steps>
            
            
              青稞米、绿豆需提前浸泡2~3小时；
            
            
            
              加入青稞米、小米、绿豆，先煮半小时；
            
            
            
              加入莲子、枸杞，文火再煮半小时即可食用。
            
          </steps><tips>
          清爽开胃、清凉祛火，适用于湿热、消化不良、便秘的人群
        </tips><tags>
        粥
        早餐
      </tags></item></page_detail></extraction>