<?xml version="1.0" encoding="UTF-8"?><extraction><clueid>99353710</clueid><fullpath><![CDATA[http://www.xiachufang.com/recipe/103822952/]]></fullpath><realpath><![CDATA[http://www.xiachufang.com/recipe/103822952/]]></realpath><theme>food_detail_page</theme><middle>规则_2</middle><createdate>2019-5-14 16:16:29</createdate><pageno>0</pageno><actionno></actionno><actionvalue></actionvalue><prestamp>DSEngine-+--+-0</prestamp><currentstamp>DSEngine-+-ds_browser_top-+-1557821789030</currentstamp><timestamp>1557821789030</timestamp><baseURI><bucketBaseURI><bucketName>page_detail</bucketName><uri><![CDATA[http://www.xiachufang.com/recipe/103822952/]]></uri></bucketBaseURI></baseURI><customInfo><![CDATA[]]></customInfo><dsName>DSEngine</dsName><dsThread>datascraper_top</dsThread><version>80700</version>
<page_detail><item><foodname>
      【夏日清汤】墨鱼干红萝卜炖猪骨汤
    </foodname><score/><heat>0</heat><author>自己吃饭丰衣足食</author><materials><item><mate>
                  

    猪骨

                </mate><quantity>
                    500克
                </quantity></item><item><mate>
                  

    红萝卜

                </mate><quantity>
                    1根
                </quantity></item><item><mate>
                  

    盐

                </mate><quantity>
                    适量
                </quantity></item><item><mate>
                  

    墨鱼干

                </mate><quantity>
                    1只
                </quantity></item></materials><steps>
            
            
              墨鱼干一只，泡水，洗净，撕碎
              
            
            
            
              猪骨洗净切块
              
            
            
            
              红萝卜1根洗净，去皮，切段
              
            
            
            
              半煲水，萝卜，猪骨，墨鱼干，全部丢下去，熬2小时
              
            
            
            
              出锅，酷暑天气，必备降暑清汤
              
            
          </steps><tips/><tags/></item></page_detail></extraction>