<?xml version="1.0" encoding="UTF-8"?><extraction><clueid>99352943</clueid><fullpath><![CDATA[http://www.xiachufang.com/recipe/100019425/]]></fullpath><realpath><![CDATA[http://www.xiachufang.com/recipe/100019425/]]></realpath><theme>food_detail_page</theme><middle>规则_2</middle><createdate>2019-5-14 11:29:41</createdate><pageno>0</pageno><actionno></actionno><actionvalue></actionvalue><prestamp>DSEngine-+--+-0</prestamp><currentstamp>DSEngine-+-ds_browser_top-+-1557804581297</currentstamp><timestamp>1557804581297</timestamp><baseURI><bucketBaseURI><bucketName>page_detail</bucketName><uri><![CDATA[http://www.xiachufang.com/recipe/100019425/]]></uri></bucketBaseURI></baseURI><customInfo><![CDATA[]]></customInfo><dsName>DSEngine</dsName><dsThread>datascraper_top</dsThread><version>80700</version>
<page_detail><item><foodname>
      光光辣腌包菜
      </foodname><score>8.3</score><heat>223</heat><author>王光光光光</author><materials><item><mate>
                  

    扁包菜

                </mate><quantity>
                </quantity></item><item><mate>
                  

    黄瓜

                </mate><quantity>
                </quantity></item><item><mate>
                  

    红尖椒

                </mate><quantity>
                </quantity></item><item><mate>
                  

    小葱

                </mate><quantity>
                </quantity></item><item><mate>
                  

    大蒜瓣

                </mate><quantity>
                </quantity></item><item><mate>
                  

    纯酿白醋

                </mate><quantity>
                </quantity></item><item><mate>
                  

    香辣酱

                </mate><quantity>
                </quantity></item><item><mate>
                  

    生抽

                </mate><quantity>
                </quantity></item><item><mate>
                  

    鱼露

                </mate><quantity>
                </quantity></item><item><mate>
                  

    鸡精

                </mate><quantity>
                </quantity></item></materials><steps>
            
            
              包菜、黄瓜都切丝 黄瓜可以用刨刀去处理
            
            
            
              小葱切两厘米长段 大蒜瓣拍碎剁成末
            
            
            
              找一个大碗内倒入包菜丝和黄瓜丝后加入 三汤匙白醋、两汤匙生抽、一汤匙香辣酱、一茶匙鱼露和一小撮鸡精 用手把它们拌匀 让每一片包菜叶子都沾上腌料
            
            
            
              倒入密封罐子内放入冰箱一天即可食用 食用时用干净筷子夹出放入盘内食用 存放时间越长味道越好
            
            
            
              香辣酱我用的是味事达的豆豉香辣酱 这个酱我很喜欢吃 已经吃了不知道多少罐了 如果没有可以选择类似的或者使用辣椒面腌制 味道可能稍许有差
              
            
          </steps><tips>
          大厨的配料其实还有胡萝卜、绿豆芽、香菜  但是我没有准备这些就没放了 大厨的腌料里还有红油 很香 如果材料都有的话不妨试试看
        </tips><tags>
        快手菜
        减肥
        小吃
        辣
      </tags></item></page_detail></extraction>