<?xml version="1.0" encoding="UTF-8"?><extraction><clueid>99353635</clueid><fullpath><![CDATA[http://www.xiachufang.com/recipe/101936928/]]></fullpath><realpath><![CDATA[http://www.xiachufang.com/recipe/101936928/]]></realpath><theme>food_detail_page</theme><middle>规则_2</middle><createdate>2019-5-14 16:3:27</createdate><pageno>0</pageno><actionno></actionno><actionvalue></actionvalue><prestamp>DSEngine-+--+-0</prestamp><currentstamp>DSEngine-+-ds_browser_top-+-1557821007506</currentstamp><timestamp>1557821007506</timestamp><baseURI><bucketBaseURI><bucketName>page_detail</bucketName><uri><![CDATA[http://www.xiachufang.com/recipe/101936928/]]></uri></bucketBaseURI></baseURI><customInfo><![CDATA[]]></customInfo><dsName>DSEngine</dsName><dsThread>datascraper_top</dsThread><version>80700</version>
<page_detail><item><foodname>
      【苦瓜黄豆排骨汤】清热解暑良方
    </foodname><score/><heat>1</heat><author>Inness猫</author><materials><item><mate>
                  

    苦瓜

                </mate><quantity>
                    500g
                </quantity></item><item><mate>
                  

    黄豆

                </mate><quantity>
                    2把
                </quantity></item><item><mate>
                  

    排骨

                </mate><quantity>
                    250g
                </quantity></item><item><mate>
                  

    盐

                </mate><quantity>
                    适量
                </quantity></item></materials><steps>
            
            
              黄豆洗净稍微泡一泡
              
            
            
            
              苦瓜洗净，去囊
              
            
            
            
              苦瓜切块
              
            
            
            
              排骨剁成段
              
            
            
            
              取一汤锅，倒入约6碗水。排骨冷水下锅，煮至沸腾，撇去浮沫。倒入黄豆和一半的苦瓜。武火煮沸后转文火煲一个小时。倒入剩下的苦瓜，继续小火煲半小时，加盐调味即可。
              
            
            
            
              淡淡的苦味，细品下回味清爽甘甜。
              
            
            
            
              夏天喝最合适。我习惯是汤煲好以后盛出来，剩下苦瓜黄豆和排骨再加调料（盐、酱油、蚝油、料酒、胡椒粉等）焖煮一会儿，变成一道菜，非常好吃。
              
            
          </steps><tips>
          汤煲好以后盛出来，剩下苦瓜黄豆和排骨再加调料（盐、酱油、蚝油、料酒、胡椒粉等）焖煮一会儿，变成一道菜，非常好吃。
        </tips><tags/></item></page_detail></extraction>