<?xml version="1.0" encoding="UTF-8"?><extraction><clueid>99353135</clueid><fullpath><![CDATA[http://www.xiachufang.com/recipe/1016702/]]></fullpath><realpath><![CDATA[http://www.xiachufang.com/recipe/1016702/]]></realpath><theme>food_detail_page</theme><middle>规则_2</middle><createdate>2019-5-14 13:33:6</createdate><pageno>0</pageno><actionno></actionno><actionvalue></actionvalue><prestamp>DSEngine-+--+-0</prestamp><currentstamp>DSEngine-+-ds_browser_top-+-1557811986781</currentstamp><timestamp>1557811986781</timestamp><baseURI><bucketBaseURI><bucketName>page_detail</bucketName><uri><![CDATA[http://www.xiachufang.com/recipe/1016702/]]></uri></bucketBaseURI></baseURI><customInfo><![CDATA[]]></customInfo><dsName>DSEngine</dsName><dsThread>datascraper_top</dsThread><version>80700</version>
<page_detail><item><foodname>
      红烧猪蹄
      </foodname><score/><heat>101</heat><author>赧水水❤</author><materials><item><mate>
                  

    猪蹄

                </mate><quantity>
                </quantity></item><item><mate>
                  

    冰糖

                </mate><quantity>
                </quantity></item><item><mate>
                  

    八角

                </mate><quantity>
                </quantity></item><item><mate>
                  

    桂皮

                </mate><quantity>
                </quantity></item><item><mate>
                  

    草果

                </mate><quantity>
                </quantity></item><item><mate>
                  

    香叶

                </mate><quantity>
                </quantity></item><item><mate>
                  

    干辣椒

                </mate><quantity>
                </quantity></item><item><mate>
                  

    盐

                </mate><quantity>
                </quantity></item><item><mate>
                  

    生抽

                </mate><quantity>
                </quantity></item><item><mate>
                  

    老抽

                </mate><quantity>
                </quantity></item><item><mate>
                  

    料酒

                </mate><quantity>
                </quantity></item><item><mate>
                  

    姜蒜

                </mate><quantity>
                </quantity></item></materials><steps>
            
            
              猪蹄洗净，飞水。姜蒜切片
            
            
            
              热锅凉油，加冰糖炒化至焦糖色，下焯过水的猪蹄上色
            
            
            
              然后加入姜蒜片，干辣椒等所有其他材料，加入高汤至盖过猪蹄，烧开
            
            
            
              小火焖煮一个半小时，或煮到猪蹄软烂，筷子可轻易插入，即用大火收干汤汁
            
          </steps><tips/><tags>
        红烧
        家常菜
        红烧猪蹄
        红烧黄豆猪蹄
        高压锅红烧猪蹄
        猪蹄
        椒盐猪蹄
      </tags></item></page_detail></extraction>