<?xml version="1.0" encoding="UTF-8"?><extraction><clueid>99352620</clueid><fullpath><![CDATA[http://www.xiachufang.com/recipe/1008253/]]></fullpath><realpath><![CDATA[http://www.xiachufang.com/recipe/1008253/]]></realpath><theme>food_detail_page</theme><middle>规则_2</middle><createdate>2019-5-13 23:42:14</createdate><pageno>0</pageno><actionno></actionno><actionvalue></actionvalue><prestamp>DSEngine-+--+-0</prestamp><currentstamp>DSEngine-+-ds_browser_top-+-1557762134206</currentstamp><timestamp>1557762134206</timestamp><baseURI><bucketBaseURI><bucketName>page_detail</bucketName><uri><![CDATA[http://www.xiachufang.com/recipe/1008253/]]></uri></bucketBaseURI></baseURI><customInfo><![CDATA[]]></customInfo><dsName>DSEngine</dsName><dsThread>datascraper_top</dsThread><version>80700</version>
<page_detail><item><foodname>
      韭黄炒蛋
      </foodname><score>7.5</score><heat>2648</heat><author>让心休息</author><materials><item><mate>
                  

    韭黄

                </mate><quantity>
                    半斤
                </quantity></item><item><mate>
                  

    鸡蛋

                </mate><quantity>
                    2只
                </quantity></item><item><mate>
                  

    盐

                </mate><quantity>
                    
                </quantity></item></materials><steps>
            
            
              鸡蛋加一点点盐，打匀
            
            
            
              韭黄切成段，大概3cm就行，不要太长😯！
            
            
            
              开中大火，锅里放油，锅热后放入韭黄，加一点点盐，翻炒一下下就好改成中小火，倒入蛋桨
            
            
            
              等蛋桨凝固后，用铲子分成小块，翻一下就可以了
            
            
            
              如果喜欢香一点，可以煎到差不多这个颜色哦！喜欢嫩一点就如主图那样刚好熟就可以了！
              
            
          </steps><tips>
          可以根据自己喜欢适量加点胡椒粉，或者辣椒！我个人喜欢只放盐！
        </tips><tags>
        家常菜
        快手菜
        韭黄炒蛋
        韭黄
        炒蛋
        炒韭黄
        韭黄春卷
      </tags></item></page_detail></extraction>