<?xml version="1.0" encoding="UTF-8"?><extraction><clueid>99353975</clueid><fullpath><![CDATA[http://www.xiachufang.com/recipe/170236/]]></fullpath><realpath><![CDATA[http://www.xiachufang.com/recipe/170236/]]></realpath><theme>food_detail_page</theme><middle>规则_2</middle><createdate>2019-5-14 21:1:12</createdate><pageno>0</pageno><actionno></actionno><actionvalue></actionvalue><prestamp>DSEngine-+--+-0</prestamp><currentstamp>DSEngine-+-ds_browser_top-+-1557838872463</currentstamp><timestamp>1557838872463</timestamp><baseURI><bucketBaseURI><bucketName>page_detail</bucketName><uri><![CDATA[http://www.xiachufang.com/recipe/170236/]]></uri></bucketBaseURI></baseURI><customInfo><![CDATA[]]></customInfo><dsName>DSEngine</dsName><dsThread>datascraper_top</dsThread><version>80700</version>
<page_detail><item><foodname>
      红豆糖藕粥
    </foodname><score/><heat>9</heat><author>飘的灶下书</author><materials><item><mate>
                  

    老藕

                </mate><quantity>
                    
                </quantity></item><item><mate>
                  

    红豆

                </mate><quantity>
                    一大把
                </quantity></item><item><mate>
                  

    糯米

                </mate><quantity>
                    两把
                </quantity></item></materials><steps>
            
            
              红豆跟糯米洗净，放上切细碎的藕丁，加水，我是用焖烧锅做的，固体的量差不多五分之一的样子，这样煲出来粥稀稠度合适．喜欢汤水多就少放点米
            
          </steps><tips/><tags>
        焖
        粥
      </tags></item></page_detail></extraction>