<?xml version="1.0" encoding="UTF-8"?><extraction><clueid>99353640</clueid><fullpath><![CDATA[http://www.xiachufang.com/recipe/103028642/]]></fullpath><realpath><![CDATA[http://www.xiachufang.com/recipe/103028642/]]></realpath><theme>food_detail_page</theme><middle>规则_2</middle><createdate>2019-5-14 16:4:45</createdate><pageno>0</pageno><actionno></actionno><actionvalue></actionvalue><prestamp>DSEngine-+--+-0</prestamp><currentstamp>DSEngine-+-ds_browser_top-+-1557821085241</currentstamp><timestamp>1557821085241</timestamp><baseURI><bucketBaseURI><bucketName>page_detail</bucketName><uri><![CDATA[http://www.xiachufang.com/recipe/103028642/]]></uri></bucketBaseURI></baseURI><customInfo><![CDATA[]]></customInfo><dsName>DSEngine</dsName><dsThread>datascraper_top</dsThread><version>80700</version>
<page_detail><item><foodname>
      清火养生冬瓜玉米排骨汤
    </foodname><score/><heat>0</heat><author>吉吉如律令-今天吃什么</author><materials><item><mate>
                  

    姜

                </mate><quantity>
                    4片
                </quantity></item><item><mate>
                  

    当归

                </mate><quantity>
                    1棵
                </quantity></item><item><mate>
                  

    八角

                </mate><quantity>
                    4颗
                </quantity></item><item><mate>
                  

    黄芪

                </mate><quantity>
                    4瓣
                </quantity></item><item><mate>
                  

    豆蔻

                </mate><quantity>
                    4颗
                </quantity></item><item><mate>
                  

    小葱

                </mate><quantity>
                    一捆
                </quantity></item><item><mate>
                  

    筒骨

                </mate><quantity>
                    7块
                </quantity></item><item><mate>
                  

    玉米

                </mate><quantity>
                    一根
                </quantity></item><item><mate>
                  

    冬瓜

                </mate><quantity>
                    250克
                </quantity></item><item><mate>
                  

    食盐

                </mate><quantity>
                    1.5勺
                </quantity></item><item><mate>
                  

    鸡精

                </mate><quantity>
                    半勺
                </quantity></item><item><mate>
                  

    桂皮

                </mate><quantity>
                    1片
                </quantity></item><item><mate>
                  

    香叶

                </mate><quantity>
                    4片
                </quantity></item></materials><steps>
            
            
              准备好煲汤用辅料：姜、八角、豆蔻、黄芪、桂皮、香叶、小葱、当归（可不放或少放，当归活血调经，但略带苦味，所以汤里加了甜玉米来中和）
              
            
            
            
              排骨洗净，一定要把剁排骨时产生的骨渣都冲干净，不然很影响喝汤的口感。
              
            
            
            
              锅内放水烧开的同时，把玉米处理干净。
              
            
            
            
              玉米切小段备用。
              
            
            
            
              水烧开后放排骨大火煮三分钟左右，捞去浮沫，排骨盛出备用。
              
            
            
            
              将大料都放进瓦罐里。
              
            
            
            
              放入排骨，加清水和捆好的小葱。
              
            
            
            
              大火煮开后加一勺盐和几滴料酒提鲜，如果想喝清淡一点的汤也可不加。
              
            
            
            
              然后转小火煲30分钟，其间可以把冬瓜切好，切厚片。
              
            
            
            
              小火煲半小时后加入玉米，继续小火煲半小时。
              
            
            
            
              再次煲半小时后加入冬瓜。
              
            
            
            
              冬瓜再煲15分钟后，尝一下汤，如果太淡就加半勺盐和半勺鸡精，如果觉得不淡就可以出锅啦～
              
            
          </steps><tips>
          1.姜可以多加一点，去腥2.当归如果吃不惯可以不加
        </tips><tags/></item></page_detail></extraction>