<?xml version="1.0" encoding="UTF-8"?><extraction><clueid>99352461</clueid><fullpath><![CDATA[http://www.xiachufang.com/recipe/25302/]]></fullpath><realpath><![CDATA[http://www.xiachufang.com/recipe/25302/]]></realpath><theme>food_detail_page</theme><middle>规则_2</middle><createdate>2019-5-13 23:1:7</createdate><pageno>0</pageno><actionno></actionno><actionvalue></actionvalue><prestamp>DSEngine-+--+-0</prestamp><currentstamp>DSEngine-+-ds_browser_top-+-1557759667315</currentstamp><timestamp>1557759667315</timestamp><baseURI><bucketBaseURI><bucketName>page_detail</bucketName><uri><![CDATA[http://www.xiachufang.com/recipe/25302/]]></uri></bucketBaseURI></baseURI><customInfo><![CDATA[]]></customInfo><dsName>DSEngine</dsName><dsThread>datascraper_top</dsThread><version>80700</version>
<page_detail><item><foodname>
      猪肉白菜炖粉条
    </foodname><score>7.8</score><heat>2359</heat><author>yaya小舍</author><materials><item><mate>
                  

    猪肉

                </mate><quantity>
                </quantity></item><item><mate>
                  

    粉条

                </mate><quantity>
                </quantity></item><item><mate>
                  

    白菜

                </mate><quantity>
                </quantity></item><item><mate>
                  

    淀粉

                </mate><quantity>
                </quantity></item><item><mate>
                  

    生抽

                </mate><quantity>
                </quantity></item><item><mate>
                  

    盐

                </mate><quantity>
                </quantity></item><item><mate>
                  

    五香粉

                </mate><quantity>
                </quantity></item><item><mate>
                  

    葱

                </mate><quantity>
                </quantity></item><item><mate>
                  

    老抽

                </mate><quantity>
                </quantity></item></materials><steps>
            
            
              白菜洗净切大块，粉条泡软剪开，猪肉切片用淀粉，生抽，盐，五香粉拌匀腌制10分钟
            
            
            
              锅内炒香葱花，下猪肉炒变色，下白菜炒匀
            
            
            
              放粉条和开水，开水没过菜为宜，加少许老抽，盐
            
            
            
              大火烧开中小火焖至汤汁浓稠即可！想喝汤就多加点儿水
            
            
            
              不吃主食，来碗这个就成哈
            
          </steps><tips/><tags>
        家常菜
        高压锅
        下酒菜
        猪肉白菜炖粉条
        白菜猪肉炖粉条
        猪肉炖白菜粉条
        猪肉白菜豆腐炖粉条
        东北猪肉炖粉条
      </tags></item></page_detail></extraction>