<?xml version="1.0" encoding="UTF-8"?><extraction><clueid>99353197</clueid><fullpath><![CDATA[http://www.xiachufang.com/recipe/18244/]]></fullpath><realpath><![CDATA[http://www.xiachufang.com/recipe/18244/]]></realpath><theme>food_detail_page</theme><middle>规则_2</middle><createdate>2019-5-14 14:49:54</createdate><pageno>0</pageno><actionno></actionno><actionvalue></actionvalue><prestamp>DSEngine-+--+-0</prestamp><currentstamp>DSEngine-+-ds_browser_top-+-1557816594575</currentstamp><timestamp>1557816594575</timestamp><baseURI><bucketBaseURI><bucketName>page_detail</bucketName><uri><![CDATA[http://www.xiachufang.com/recipe/18244/]]></uri></bucketBaseURI></baseURI><customInfo><![CDATA[]]></customInfo><dsName>DSEngine</dsName><dsThread>datascraper_top</dsThread><version>80700</version>
<page_detail><item><foodname>
      西兰花炒鲜贝
    </foodname><score>7.0</score><heat>47</heat><author>睡眼惺忪may</author><materials><item><mate>
                  

    蒜姜

                </mate><quantity>
                </quantity></item><item><mate>
                  

    鲜贝

                </mate><quantity>
                </quantity></item><item><mate>
                  

    西兰花

                </mate><quantity>
                </quantity></item><item><mate>
                  

    盐

                </mate><quantity>
                </quantity></item><item><mate>
                  

    生粉

                </mate><quantity>
                </quantity></item></materials><steps>
            
            
              将鲜贝去壳，去多余的边，留下圆形的部分，用盐，生粉抓匀，稍腌制10分钟
            
            
            
              西兰花用刀改成小朵
            
            
            
              蒜姜剁成沫
            
            
            
              将西兰花在加了盐的开水中稍汆烫，捞起沥干
            
            
            
              锅中坐油见热，将蒜姜沫爆香，倒入腌制好的鲜贝，翻炒至8分熟
            
            
            
              倒入汆烫好的西兰花，勾加了盐的芡汁，至粘稠即可
            
          </steps><tips>
          1.如果没有新鲜的鲜贝，可以用速冻的，效果一样，就是需要稍褪冻。
2.剩下的外边也可以一起炒，为了美观我没加。
3.这是一道海鲜菜，切记不可多放盐。
        </tips><tags>
        家常菜
      </tags></item></page_detail></extraction>