<?xml version="1.0" encoding="UTF-8"?><extraction><clueid>99352947</clueid><fullpath><![CDATA[http://www.xiachufang.com/recipe/100502750/]]></fullpath><realpath><![CDATA[http://www.xiachufang.com/recipe/100502750/]]></realpath><theme>food_detail_page</theme><middle>规则_2</middle><createdate>2019-5-14 11:33:41</createdate><pageno>0</pageno><actionno></actionno><actionvalue></actionvalue><prestamp>DSEngine-+--+-0</prestamp><currentstamp>DSEngine-+-ds_browser_top-+-1557804821480</currentstamp><timestamp>1557804821480</timestamp><baseURI><bucketBaseURI><bucketName>page_detail</bucketName><uri><![CDATA[http://www.xiachufang.com/recipe/100502750/]]></uri></bucketBaseURI></baseURI><customInfo><![CDATA[]]></customInfo><dsName>DSEngine</dsName><dsThread>datascraper_top</dsThread><version>80700</version>
<page_detail><item><foodname>
      [无油]十分钟快手甜点——克拉芙提
      </foodname><score>7.5</score><heat>294</heat><author>-鸡汤儿-</author><materials><item><mate>
                  

    樱桃

                </mate><quantity>
                    去核后150g
                </quantity></item><item><mate>
                  

    鸡蛋

                </mate><quantity>
                    2个（去壳后约110g）
                </quantity></item><item><mate>
                  

    面粉

                </mate><quantity>
                    45g
                </quantity></item><item><mate>
                  

    糖

                </mate><quantity>
                    50-60g
                </quantity></item><item><mate>
                  

    牛奶

                </mate><quantity>
                    150g
                </quantity></item><item><mate>
                  

    泡打粉

                </mate><quantity>
                    2.5g
                </quantity></item><item><mate>
                  

    糖粉

                </mate><quantity>
                    吃之前撒表面
                </quantity></item><item><mate>
                  

    黄油

                </mate><quantity>
                    抹在模具内壁防粘。
                </quantity></item><item><mate>
                  

    香草精

                </mate><quantity>
                    适量
                </quantity></item></materials><steps>
            
            
              预热烤箱至200度。黄油隔热水融化。樱桃去核。
            
            
            
              在一个碗里打入鸡蛋，筛入面粉，再加入糖、泡打粉，再打至混合。慢慢倒入牛奶和适量香草精，搅拌，直到面糊光滑。面糊过筛2-3次后倒入模具。
            
            
            
              放入樱桃，烤大约30分钟至周边焦黄。
            
            
            
              吃之前筛上糖粉即可。
            
          </steps><tips>
          菜谱图是没去核的版本！因为是要拿去祸害别楞的哈哈哈哈我只对泥萌的胃负责不对牙齿负责哟。脱模的时候动作一定要温柔哟。要不很容易脱烂。我建议是先用刀切一下再一个个脱出来。
        </tips><tags>
        甜品
        快手菜
        早餐
        减肥
      </tags></item></page_detail></extraction>