<?xml version="1.0" encoding="UTF-8"?><extraction><clueid>99352505</clueid><fullpath><![CDATA[http://www.xiachufang.com/recipe/229921/]]></fullpath><realpath><![CDATA[http://www.xiachufang.com/recipe/229921/]]></realpath><theme>food_detail_page</theme><middle>规则_2</middle><createdate>2019-5-13 23:9:49</createdate><pageno>0</pageno><actionno></actionno><actionvalue></actionvalue><prestamp>DSEngine-+--+-0</prestamp><currentstamp>DSEngine-+-ds_browser_top-+-1557760189902</currentstamp><timestamp>1557760189902</timestamp><baseURI><bucketBaseURI><bucketName>page_detail</bucketName><uri><![CDATA[http://www.xiachufang.com/recipe/229921/]]></uri></bucketBaseURI></baseURI><customInfo><![CDATA[]]></customInfo><dsName>DSEngine</dsName><dsThread>datascraper_top</dsThread><version>80700</version>
<page_detail><item><foodname>
      香煎培根金针菇卷
    </foodname><score>7.9</score><heat>8366</heat><author>玉池桃红</author><materials><item><mate>
                  

    培根

                </mate><quantity>
                </quantity></item><item><mate>
                  

    金针菇

                </mate><quantity>
                </quantity></item><item><mate>
                  

    黑胡椒碎

                </mate><quantity>
                </quantity></item><item><mate>
                  

    熟白芝麻

                </mate><quantity>
                </quantity></item></materials><steps>
            
            
              金针菇剪掉根部洗净
              
            
            
            
              培根中间一刀切2半
              
            
            
            
              取适量金针菇用培根卷住
              
            
            
            
              用牙签固定住
              
            
            
            
              锅中放少许油，烧5成热时，放入培根卷煎熟，撒黑胡椒碎和白芝麻装饰一下即可
              
            
          </steps><tips>
          1、由于培根已经是咸的，不用再放盐了。
2、培根在煎制的过程中会本身会出油，所以放少许油就可以了。
        </tips><tags>
        煎
        快手菜
        家常菜
        野餐
        宴客
        下酒菜
        单身食谱
        香煎培根金针菇卷
        金针菇培根卷
        培根金针菇卷
        烤培根金针菇卷
        煎培根金针菇卷
      </tags></item></page_detail></extraction>