<?xml version="1.0" encoding="UTF-8"?><extraction><clueid>99353167</clueid><fullpath><![CDATA[http://www.xiachufang.com/recipe/101823867/]]></fullpath><realpath><![CDATA[http://www.xiachufang.com/recipe/101823867/]]></realpath><theme>food_detail_page</theme><middle>规则_2</middle><createdate>2019-5-14 13:38:53</createdate><pageno>0</pageno><actionno></actionno><actionvalue></actionvalue><prestamp>DSEngine-+--+-0</prestamp><currentstamp>DSEngine-+-ds_browser_top-+-1557812333386</currentstamp><timestamp>1557812333386</timestamp><baseURI><bucketBaseURI><bucketName>page_detail</bucketName><uri><![CDATA[http://www.xiachufang.com/recipe/101823867/]]></uri></bucketBaseURI></baseURI><customInfo><![CDATA[]]></customInfo><dsName>DSEngine</dsName><dsThread>datascraper_top</dsThread><version>80700</version>
<page_detail><item><foodname>
      Q版-我行我素（少油版素菜类）
      </foodname><score/><heat>100</heat><author>Q版-国产007</author><materials><item><mate>
                  

    应季蔬菜

                </mate><quantity>
                    适量
                </quantity></item><item><mate>
                  

    盐

                </mate><quantity>
                    少许
                </quantity></item><item><mate>
                  

    料酒

                </mate><quantity>
                    少许
                </quantity></item></materials><steps>
            
            
              以下是过往我做过的素菜类：1上汤娃娃菜
              
            
            
            
              2清炒红薯叶
              
            
            
            
              3白灼西蓝花
              
            
            
            
              4炒椰菜花
              
            
            
            
              5五色凉拌养生菜
              
            
            
            
              6炒菜心
              
            
            
            
              7炒空心菜
              
            
            
            
              8清炒鲜笋
              
            
            
            
              9凉拌鱼腥草
              
            
            
            
              10  凉拌的苦瓜脾胃虚寒者慎食哦 ~先到这里吧，不废话囖，以发作品为准~
              
            
            
            
              x
            
          </steps><tips>
          千变万化素菜食材可以净炒，凉拌，混搭~~大家也一起脑洞大开吧~~~
        </tips><tags>
        家常菜
        素菜
        快手菜
        减肥
      </tags></item></page_detail></extraction>