<?xml version="1.0" encoding="UTF-8"?><extraction><clueid>99353696</clueid><fullpath><![CDATA[http://www.xiachufang.com/recipe/103781281/]]></fullpath><realpath><![CDATA[http://www.xiachufang.com/recipe/103781281/]]></realpath><theme>food_detail_page</theme><middle>规则_2</middle><createdate>2019-5-14 16:12:40</createdate><pageno>0</pageno><actionno></actionno><actionvalue></actionvalue><prestamp>DSEngine-+--+-0</prestamp><currentstamp>DSEngine-+-ds_browser_top-+-1557821560403</currentstamp><timestamp>1557821560403</timestamp><baseURI><bucketBaseURI><bucketName>page_detail</bucketName><uri><![CDATA[http://www.xiachufang.com/recipe/103781281/]]></uri></bucketBaseURI></baseURI><customInfo><![CDATA[]]></customInfo><dsName>DSEngine</dsName><dsThread>datascraper_top</dsThread><version>80700</version>
<page_detail><item><foodname>
      清热润肺止咳清燥热夏季汤水-海底椰煲鸡汤
    </foodname><score/><heat>0</heat><author>_u6hta</author><materials><item><mate>
                  

    海底椰

                </mate><quantity>
                    10片
                </quantity></item><item><mate>
                  

    红枣

                </mate><quantity>
                    10颗
                </quantity></item><item><mate>
                  

    姜片

                </mate><quantity>
                    若干
                </quantity></item><item><mate>
                  

    枸杞

                </mate><quantity>
                    若干粒
                </quantity></item><item><mate>
                  

    北芪

                </mate><quantity>
                    若干
                </quantity></item><item><mate>
                  

    党参

                </mate><quantity>
                    若干
                </quantity></item><item><mate>
                  

    清远鸡

                </mate><quantity>
                    半只
                </quantity></item></materials><steps>
            
            
              海底椰10片，温水浸泡一会儿备用；
              
            
            
            
              北芪 党参 红枣 枸杞 凉水入锅煮开；
              
            
            
            
              清远鸡半只，切块备用；
              
            
            
            
              热锅凉油，放入姜片爆香锅，放入鸡块翻炒一下，加入热水煮开；
              
            
            
            
              把煮过鸡肉的水倒掉，把鸡块捞出，放入汤锅和汤料一起煮开；
              
            
            
            
              鸡汤煮一个小时即可，不宜煮太久。盛出即食，适量加盐调味。
              
            
          </steps><tips/><tags/></item></page_detail></extraction>