<?xml version="1.0" encoding="UTF-8"?><extraction><clueid>99353258</clueid><fullpath><![CDATA[http://www.xiachufang.com/recipe/102828420/]]></fullpath><realpath><![CDATA[http://www.xiachufang.com/recipe/102828420/]]></realpath><theme>food_detail_page</theme><middle>规则_2</middle><createdate>2019-5-14 15:0:40</createdate><pageno>0</pageno><actionno></actionno><actionvalue></actionvalue><prestamp>DSEngine-+--+-0</prestamp><currentstamp>DSEngine-+-ds_browser_top-+-1557817240889</currentstamp><timestamp>1557817240889</timestamp><baseURI><bucketBaseURI><bucketName>page_detail</bucketName><uri><![CDATA[http://www.xiachufang.com/recipe/102828420/]]></uri></bucketBaseURI></baseURI><customInfo><![CDATA[]]></customInfo><dsName>DSEngine</dsName><dsThread>datascraper_top</dsThread><version>80700</version>
<page_detail><item><foodname>
      家常版干煸辣子鸡丁 轻松复制饭店口味的关键在于辣椒和花椒的选用
    </foodname><score/><heat>8</heat><author>千寻树</author><materials><item><mate>
                  

    鸡腿

                </mate><quantity>
                    3只
                </quantity></item><item><mate>
                  

    盐

                </mate><quantity>
                    1勺
                </quantity></item><item><mate>
                  

    生抽

                </mate><quantity>
                    2勺
                </quantity></item><item><mate>
                  

    料酒

                </mate><quantity>
                    2勺
                </quantity></item><item><mate>
                  

    白胡椒粉

                </mate><quantity>
                    半勺
                </quantity></item><item><mate>
                  

    黑胡椒粉

                </mate><quantity>
                    小半勺
                </quantity></item><item><mate>
                  

    白砂糖

                </mate><quantity>
                    小半勺
                </quantity></item><item><mate>
                  

    干辣椒

                </mate><quantity>
                    6根
                </quantity></item><item><mate>
                  

    花椒

                </mate><quantity>
                    1小把
                </quantity></item><item><mate>
                  

    麻椒（可不用）

                </mate><quantity>
                    10粒
                </quantity></item><item><mate>
                  

    葱

                </mate><quantity>
                    1段
                </quantity></item><item><mate>
                  

    姜

                </mate><quantity>
                    4片
                </quantity></item><item><mate>
                  

    蒜

                </mate><quantity>
                    3瓣
                </quantity></item></materials><steps>
            
            
              新鲜鸡腿三只，清水冲洗干净。做这道菜用鸡腿最好了，带骨头的肉炸出来更香。
              
            
            
            
              把鸡腿切中等大小块儿，炸的过程中鸡块会缩小，所以切的时候切的太小的话炸出来就太小了不好看，切大了腌制的时候不容易入味，还不容易炸透。切成3×3厘米大小的就差不多。
              
            
            
            
              切好的鸡块还是有些血水的，我习惯用清水再冲洗两遍。鸡块沥干水后加盐、生抽、白胡椒粉（去腥）、黑胡椒粉（去腻增香）、料酒（去腥）、糖（提味）。如果家里有大蒜粉和洋葱粉，可以各少放小半勺，炸出来的鸡肉风味更佳，没有就不放。
              
            
            
            
              放好腌制用的调料后，下手拌匀，腌制半小时以上直至入味。这道菜的味道在这一步骤就调好了，炸过之后鸡丁的表壳是酥脆的，再加调料的话也难以入味了。
              
            
            
            
              在腌制的时候，把葱姜蒜切好备用；干辣椒切或是剪成约2厘米的小段，我习惯把辣椒籽去掉不用；花椒一小把备好；我另外加了10粒麻椒，煸炒出来的鸡丁口味层次更加丰富，可以不加。
              
            
            
            
              锅内放宽油，烧到七八成热，把腌制好的鸡肉放进去炸熟。如果鸡丁太多或者是油放的比较少，可以分成两次或是三次来炸。
              
            
            
            
              鸡肉比较容易熟，不超过2分钟就会稍稍变色，筷子可以轻松的炸透鸡肉就行了，第一遍炸熟，表面稍微变色就可以捞出来了。如果炸的太透了就没有嫩的口感了。
              
            
            
            
              再次把油烧热，下入鸡丁复炸，很快鸡丁就会炸成金黄色，而且保持了内部的嫩，最终呈现出外酥里嫩的口感。并且复炸能把第一次炸制时吸入的油分给逼出来些，吃起来口感不会油腻。
              
            
            
            
              炸好的鸡丁捞出备用。
              
            
            
            
              锅内留底油，不用太多，能爆香葱姜蒜就行了。
              
            
            
            
              葱姜蒜爆香后转小火，倒入辣椒段和花椒麻椒，翻炒出香味。
              
            
            
            
              倒入炸好的鸡丁，煸炒半分钟，撒上白芝麻就可以出锅盛盘了。出锅之前可以撒上半勺鸡精，不撒也完全可以。
              
            
            
            
              出锅盛盘。
              
            
            
            
              成品图，迫不及待要开吃了。
              
            
          </steps><tips>
          1.鸡肉选用鸡腿肉。2.辣椒最好选用川产二荆条、花椒最好选用川产大红袍，二荆条和大红袍的独特风味是其它产地的辣椒和花椒不能比的。3.炸的时候油温要高，复炸一次保证外酥里嫩。
        </tips><tags>
        快手菜
        家常菜
        下饭菜
        宴客菜
        下酒菜
        宴客
        便当
        干锅
        创意菜
        外貌协会
        辣
        小清新
        节日节气
        年夜饭
        冬至
        深夜食堂
      </tags></item></page_detail></extraction>