<?xml version="1.0" encoding="UTF-8"?><extraction><clueid>99353047</clueid><fullpath><![CDATA[http://www.xiachufang.com/recipe/100393730/]]></fullpath><realpath><![CDATA[http://www.xiachufang.com/recipe/100393730/]]></realpath><theme>food_detail_page</theme><middle>规则_2</middle><createdate>2019-5-14 12:26:8</createdate><pageno>0</pageno><actionno></actionno><actionvalue></actionvalue><prestamp>DSEngine-+--+-0</prestamp><currentstamp>DSEngine-+-ds_browser_top-+-1557807968062</currentstamp><timestamp>1557807968062</timestamp><baseURI><bucketBaseURI><bucketName>page_detail</bucketName><uri><![CDATA[http://www.xiachufang.com/recipe/100393730/]]></uri></bucketBaseURI></baseURI><customInfo><![CDATA[]]></customInfo><dsName>DSEngine</dsName><dsThread>datascraper_top</dsThread><version>80700</version>
<page_detail><item><foodname>
      营养小排汤
      </foodname><score>7.9</score><heat>257</heat><author>小美的美食</author><materials><item><mate>
                  

    小排

                </mate><quantity>
                    
                </quantity></item><item><mate>
                  

    玉米

                </mate><quantity>
                    
                </quantity></item><item><mate>
                  

    胡萝卜

                </mate><quantity>
                    
                </quantity></item><item><mate>
                  

    姜片

                </mate><quantity>
                    
                </quantity></item><item><mate>
                  

    盐

                </mate><quantity>
                    
                </quantity></item><item><mate>
                  

    鸡精

                </mate><quantity>
                    少许提味
                </quantity></item></materials><steps>
            
            
              排骨用沸水煮至变色，去掉血水，玉米切小段，胡萝卜滚刀块切好，姜片准备好。
            
            
            
              砂锅或中注入清水，放入排骨和姜片，沸腾了以后转小火熬1.5-2.5小时。
            
            
            
              熬1.5-2.5小时后，加入玉米和胡萝卜熬40-60分钟，出锅的时候放上盐和少许鸡精，味道合适就可以享用了。
              
            
            
            
              成品欣赏
              
            
            
            
              成品欣赏
              
            
            
            
              成品欣赏
              
            
          </steps><tips>
          煲汤的时间主要看火的大小，没有具体的要求，如果家里是用高压锅煲汤的话，先用高压锅压15--20分钟，凉却后打开盖子重新开火，加入玉米和胡萝卜再煮3--60分钟，注意再次煮时就不用盖锅盖了。好的汤  肉软而不烂，胡萝卜也是软而不烂，汤色清澈明亮。尽量保持食材原有的味道。
        </tips><tags>
        清淡
        小清新
      </tags></item></page_detail></extraction>