<?xml version="1.0" encoding="UTF-8"?><extraction><clueid>99353317</clueid><fullpath><![CDATA[http://www.xiachufang.com/recipe/101694622/]]></fullpath><realpath><![CDATA[http://www.xiachufang.com/recipe/101694622/]]></realpath><theme>food_detail_page</theme><middle>规则_2</middle><createdate>2019-5-14 15:11:6</createdate><pageno>0</pageno><actionno></actionno><actionvalue></actionvalue><prestamp>DSEngine-+--+-0</prestamp><currentstamp>DSEngine-+-ds_browser_top-+-1557817866224</currentstamp><timestamp>1557817866224</timestamp><baseURI><bucketBaseURI><bucketName>page_detail</bucketName><uri><![CDATA[http://www.xiachufang.com/recipe/101694622/]]></uri></bucketBaseURI></baseURI><customInfo><![CDATA[]]></customInfo><dsName>DSEngine</dsName><dsThread>datascraper_top</dsThread><version>80700</version>
<page_detail><item><foodname>
      醉鱼干
      </foodname><score/><heat>8</heat><author>度度度的私房菜</author><materials><item><mate>
                  

    草鱼

                </mate><quantity>
                    一条
                </quantity></item><item><mate>
                  

    白酒

                </mate><quantity>
                    一杯
                </quantity></item><item><mate>
                  

    白糖

                </mate><quantity>
                    三勺
                </quantity></item></materials><steps>
            
            
              买一条三斤左右的草鱼，做醉鱼一定要活鱼，这个很重要。
              
            
            
            
              鱼去头，去鳞，沿着中间的大骨切成两片，表面抹上盐，放在阴凉处腌12个小时以上。
              
            
            
            
              腌好的鱼用水冲洗干净，然后挂在阴凉通风的地方晾一天到两天时间，晾到肉质紧实为好。
              
            
            
            
              晾好的鱼，撒上白酒、糖。
              
            
            
            
              装在保鲜盒里，放进冰箱冷藏室，隔夜。
              
            
            
            
              取出，切块。上蒸锅大火蒸五分钟。
              
            
            
            
              也可以蒸好之后再放凉吃。醉鱼干凉着更好吃。
              
            
          </steps><tips>
          醉鱼干是个靠时间出味道的菜，不要着急，一步一步慢慢来，味道自然会醇香无比。
        </tips><tags>
        快手菜
        家常菜
        下饭菜
        年夜饭
      </tags></item></page_detail></extraction>