<?xml version="1.0" encoding="UTF-8"?><extraction><clueid>99353012</clueid><fullpath><![CDATA[http://www.xiachufang.com/recipe/256979/]]></fullpath><realpath><![CDATA[http://www.xiachufang.com/recipe/256979/]]></realpath><theme>food_detail_page</theme><middle>规则_2</middle><createdate>2019-5-14 12:9:51</createdate><pageno>0</pageno><actionno></actionno><actionvalue></actionvalue><prestamp>DSEngine-+--+-0</prestamp><currentstamp>DSEngine-+-ds_browser_top-+-1557806991986</currentstamp><timestamp>1557806991986</timestamp><baseURI><bucketBaseURI><bucketName>page_detail</bucketName><uri><![CDATA[http://www.xiachufang.com/recipe/256979/]]></uri></bucketBaseURI></baseURI><customInfo><![CDATA[]]></customInfo><dsName>DSEngine</dsName><dsThread>datascraper_top</dsThread><version>80700</version>
<page_detail><item><foodname>
      大骨冬瓜汤
    </foodname><score>8.1</score><heat>304</heat><author>玉池桃红</author><materials><item><mate>
                  

    猪腿骨

                </mate><quantity>
                </quantity></item><item><mate>
                  

    冬瓜

                </mate><quantity>
                </quantity></item><item><mate>
                  

    小葱

                </mate><quantity>
                </quantity></item><item><mate>
                  

    姜

                </mate><quantity>
                </quantity></item><item><mate>
                  

    盐

                </mate><quantity>
                </quantity></item><item><mate>
                  

    料酒

                </mate><quantity>
                </quantity></item></materials><steps>
            
            
              腿骨让卖家给剁开，洗净控干
              
            
            
            
              冬瓜去皮切块，小葱挽结，姜切片
              
            
            
            
              腿骨放入锅中大火煮开，吐尽血水后捞出洗干净
              
            
            
            
              砂锅中一次性放足水，放入筒骨、姜片、小葱和料酒，大火烧开后，小火慢炖1小时
              
            
            
            
              放入冬瓜块继续炖20分钟左右，直到冬瓜软烂变透明为止
              
            
            
            
              放入适量盐，再煮两分钟即可，喝时撒些葱花味道很好哦
              
            
          </steps><tips/><tags>
        减肥
        大骨冬瓜汤
        大骨
        冬瓜汤
        大骨萝卜汤
        酸菜炖大骨
      </tags></item></page_detail></extraction>