<?xml version="1.0" encoding="UTF-8"?><extraction><clueid>99353879</clueid><fullpath><![CDATA[http://www.xiachufang.com/recipe/195886/]]></fullpath><realpath><![CDATA[http://www.xiachufang.com/recipe/195886/]]></realpath><theme>food_detail_page</theme><middle>规则_2</middle><createdate>2019-5-14 19:42:58</createdate><pageno>0</pageno><actionno></actionno><actionvalue></actionvalue><prestamp>DSEngine-+--+-0</prestamp><currentstamp>DSEngine-+-ds_browser_top-+-1557834178599</currentstamp><timestamp>1557834178599</timestamp><baseURI><bucketBaseURI><bucketName>page_detail</bucketName><uri><![CDATA[http://www.xiachufang.com/recipe/195886/]]></uri></bucketBaseURI></baseURI><customInfo><![CDATA[]]></customInfo><dsName>DSEngine</dsName><dsThread>datascraper_top</dsThread><version>80700</version>
<page_detail><item><foodname>
      冰糖梨水
    </foodname><score/><heat>34</heat><author>霓娜</author><materials><item><mate>
                  

    梨

                </mate><quantity>
                </quantity></item><item><mate>
                  

    冰糖

                </mate><quantity>
                </quantity></item><item><mate>
                  

    枸杞

                </mate><quantity>
                </quantity></item></materials><steps>
            
            
              梨子去皮去核，切成大块，普通我最多一分四就好了．把适量冰糖（不要太多）和梨放入瓷器中（有深度的大碗也行），加水没过梨块．
            
            
            
              锅内放水加个不锈钢的小蒸垫（我的是专门用来炖制汤品的炖盅，底部有架空设计就不需要垫底了），把蒸碗或者炖盅放进去，大火烧开水后中火炖制40分钟到一个小时就可以了．
            
            
            
              如果放枸杞子，最后15分钟放下去合炖即可．
            
          </steps><tips/><tags>
        蒸
        冰糖梨水
        水梨
        冰糖银耳水梨羹
        冰糖梨
        丰水梨
      </tags></item></page_detail></extraction>