<?xml version="1.0" encoding="UTF-8"?><extraction><clueid>99353947</clueid><fullpath><![CDATA[http://www.xiachufang.com/recipe/260148/]]></fullpath><realpath><![CDATA[http://www.xiachufang.com/recipe/260148/]]></realpath><theme>food_detail_page</theme><middle>规则_2</middle><createdate>2019-5-14 20:44:10</createdate><pageno>0</pageno><actionno></actionno><actionvalue></actionvalue><prestamp>DSEngine-+--+-0</prestamp><currentstamp>DSEngine-+-ds_browser_top-+-1557837850334</currentstamp><timestamp>1557837850334</timestamp><baseURI><bucketBaseURI><bucketName>page_detail</bucketName><uri><![CDATA[http://www.xiachufang.com/recipe/260148/]]></uri></bucketBaseURI></baseURI><customInfo><![CDATA[]]></customInfo><dsName>DSEngine</dsName><dsThread>datascraper_top</dsThread><version>80700</version>
<page_detail><item><foodname>
      冰糖雪蛤炖秋梨
    </foodname><score/><heat>11</heat><author>桃园</author><materials><item><mate>
                  

    梨

                </mate><quantity>
                    两个
                </quantity></item><item><mate>
                  

    雪蛤

                </mate><quantity>
                    适量
                </quantity></item><item><mate>
                  

    冰糖

                </mate><quantity>
                    
                </quantity></item></materials><steps>
            
            
              提前将雪蛤用清水冲洗干净，再用温水泡涨，摘掉杂质备用
              
            
            
            
              白梨洗净切掉四分之一的顶（梨根处）做盖，去皮、中间陶空，做成梨盅
              
            
            
            
              将泡好的雪蛤、冰糖一同放入梨盅中，盖上盖，大火蒸20分钟后关中小火继续蒸15分钟即可
              
            
          </steps><tips>
          作用：润肺、止咳，水润皮肤。
        </tips><tags>
        减肥
        冰糖雪蛤炖秋梨
        冰糖炖雪蛤
        秋梨
        雪蛤
        木瓜炖雪蛤
      </tags></item></page_detail></extraction>