<?xml version="1.0" encoding="UTF-8"?><extraction><clueid>99352531</clueid><fullpath><![CDATA[http://www.xiachufang.com/recipe/100161041/]]></fullpath><realpath><![CDATA[http://www.xiachufang.com/recipe/100161041/]]></realpath><theme>food_detail_page</theme><middle>规则_2</middle><createdate>2019-5-13 23:13:10</createdate><pageno>0</pageno><actionno></actionno><actionvalue></actionvalue><prestamp>DSEngine-+--+-0</prestamp><currentstamp>DSEngine-+-ds_browser_top-+-1557760390086</currentstamp><timestamp>1557760390086</timestamp><baseURI><bucketBaseURI><bucketName>page_detail</bucketName><uri><![CDATA[http://www.xiachufang.com/recipe/100161041/]]></uri></bucketBaseURI></baseURI><customInfo><![CDATA[]]></customInfo><dsName>DSEngine</dsName><dsThread>datascraper_top</dsThread><version>80700</version>
<page_detail><item><foodname>
      老北京糊塌子
      </foodname><score>8.2</score><heat>5087</heat><author>夯夯</author><materials><item><mate>
                  

    西葫芦

                </mate><quantity>
                    一个（中等大小）
                </quantity></item><item><mate>
                  

    鸡蛋

                </mate><quantity>
                    2个
                </quantity></item><item><mate>
                  

    面粉

                </mate><quantity>
                    150可左右
                </quantity></item><item><mate>
                  

    盐

                </mate><quantity>
                    一小勺
                </quantity></item><item><mate>
                  

    香油

                </mate><quantity>
                    少许
                </quantity></item><item><mate>
                  

    蒜末

                </mate><quantity>
                    2—4瓣
                </quantity></item><item><mate>
                  

    醋

                </mate><quantity>
                    适量
                </quantity></item></materials><steps>
            
            
              西葫芦洗净不用去皮，用擦子擦成细丝。（注意：不要擦成细末，没有口感）
              
            
            
            
              放入一小勺食用盐，用筷子搅拌均匀。
              
            
            
            
              静置15分钟左右，西葫芦丝杀出了很多水分即可，水不要倒掉。
              
            
            
            
              打入两个鸡蛋，搅拌均匀。
              
            
            
            
              倒入面粉，搅拌均匀后静置20分钟直至面糊无面粉的小颗粒。
              
            
            
            
              入锅前淋入少许香油，搅拌均匀。
              
            
            
            
              平底锅放少许底油，抹匀，油温烧热后倒入面糊，摊平，小火。
              
            
            
            
              轻轻晃动平底锅，底面金黄后翻面，待两面金黄后即可出锅。小碗中倒入醋和蒜末，作为沾汁儿。
              
            
          </steps><tips>
          1、西葫芦一定要擦成细丝，不要弄得太碎，口感不好。2、鸡蛋和面粉的量完全可以根据个人喜好和西葫芦的多少适当增减。3、醋和蒜末的搭配是比较传统的，你可以添加红油、老干妈或者其他沾汁。4、煎面糊时保持小火，不要煎老，嫩嫩的才好吃。
        </tips><tags>
        快手菜
        早餐
        孕产妇
        小吃
        老北京糊塌子
        胡萝卜糊塌子
        西葫芦糊塌子
        糊塌子
        老北京糊饼
      </tags></item></page_detail></extraction>