<?xml version="1.0" encoding="UTF-8"?><extraction><clueid>99353700</clueid><fullpath><![CDATA[http://www.xiachufang.com/recipe/103812400/]]></fullpath><realpath><![CDATA[http://www.xiachufang.com/recipe/103812400/]]></realpath><theme>food_detail_page</theme><middle>规则_2</middle><createdate>2019-5-14 16:13:50</createdate><pageno>0</pageno><actionno></actionno><actionvalue></actionvalue><prestamp>DSEngine-+--+-0</prestamp><currentstamp>DSEngine-+-ds_browser_top-+-1557821630134</currentstamp><timestamp>1557821630134</timestamp><baseURI><bucketBaseURI><bucketName>page_detail</bucketName><uri><![CDATA[http://www.xiachufang.com/recipe/103812400/]]></uri></bucketBaseURI></baseURI><customInfo><![CDATA[]]></customInfo><dsName>DSEngine</dsName><dsThread>datascraper_top</dsThread><version>80700</version>
<page_detail><item><foodname>
      清炒菜花
    </foodname><score/><heat>0</heat><author>爱做饭的小果妈</author><materials><item><mate>
                  

    花菜

                </mate><quantity>
                    半个
                </quantity></item><item><mate>
                  

    葱

                </mate><quantity>
                    1根
                </quantity></item><item><mate>
                  

    盐

                </mate><quantity>
                    少许
                </quantity></item><item><mate>
                  

    姜

                </mate><quantity>
                    2片
                </quantity></item><item><mate>
                  

    蒜

                </mate><quantity>
                    3瓣
                </quantity></item><item><mate>
                  

    味精

                </mate><quantity>
                    少许
                </quantity></item><item><mate>
                  

    耗油

                </mate><quantity>
                    少许
                </quantity></item></materials><steps>
            
            
              菜花去根切小朵
              
            
            
            
              锅里加水烧开放点盐，加入菜花烧水10秒
              
            
            
            
              葱姜蒜切好备用
              
            
            
            
              热锅凉油，爆香葱姜蒜片
              
            
            
            
              加入菜花翻炒均匀，加耗油盐鸡精翻炒，可加少量的水，因为菜花不易入味，有汤汁更容易入味一些。
              
            
            
            
              装盘出锅啦。
              
            
            
            
              开吃了，大闺女吃花我吃径，一盘子轻松搞定。
              
            
          </steps><tips>
          这道菜主要做给小朋友吃的，调料一定要少放，有点味道即可。大人吃的话，菜花不用焯水，改油炸，然后用干红辣椒炒，就是干煸菜花了，味道也很好。
        </tips><tags>
        家常菜
        素菜
        清炒菜花
        清炒有机菜花
        菜花
        炒菜花
        番茄酱炒菜花
      </tags></item></page_detail></extraction>