<?xml version="1.0" encoding="UTF-8"?><extraction><clueid>99352862</clueid><fullpath><![CDATA[http://www.xiachufang.com/recipe/17693/]]></fullpath><realpath><![CDATA[http://www.xiachufang.com/recipe/17693/]]></realpath><theme>food_detail_page</theme><middle>规则_2</middle><createdate>2019-5-14 10:30:20</createdate><pageno>0</pageno><actionno></actionno><actionvalue></actionvalue><prestamp>DSEngine-+--+-0</prestamp><currentstamp>DSEngine-+-ds_browser_top-+-1557801020420</currentstamp><timestamp>1557801020420</timestamp><baseURI><bucketBaseURI><bucketName>page_detail</bucketName><uri><![CDATA[http://www.xiachufang.com/recipe/17693/]]></uri></bucketBaseURI></baseURI><customInfo><![CDATA[]]></customInfo><dsName>DSEngine</dsName><dsThread>datascraper_top</dsThread><version>80700</version>
<page_detail><item><foodname>
      虾米烧冬瓜
    </foodname><score>7.4</score><heat>587</heat><author>summer的家</author><materials><item><mate>
                  

    冬瓜

                </mate><quantity>
                    
                </quantity></item><item><mate>
                  

    虾米

                </mate><quantity>
                    
                </quantity></item><item><mate>
                  

    香菜

                </mate><quantity>
                    
                </quantity></item><item><mate>
                  

    油

                </mate><quantity>
                    少许
                </quantity></item><item><mate>
                  

    清水

                </mate><quantity>
                    一碗
                </quantity></item></materials><steps>
            
            
              冬瓜去皮去瓤切大块
            
            
            
              虾米用清水冲洗干净沥干备用
            
            
            
              香菜洗净切小段
            
            
            
              锅中放少许油，油热后放入冬瓜翻炒均匀
            
            
            
              倒入一碗清水没过冬瓜，水沸后放入虾米，焖煮8-15分钟
            
            
            
              加少许盐调味即可出锅
            
          </steps><tips>
          1、冬瓜我喜欢切大一点的块，大小按冬瓜的厚度切方块即可，也可切长条形等；
2、做这道菜我不喜欢放葱、姜之类，觉得会盖住了冬瓜的香味；
3、虾米本身有咸味，不要放太多盐，以免过咸。
        </tips><tags>
        减肥
        清淡
        素菜
        宿舍
        虾米烧冬瓜
        虾米冬瓜
        冬瓜虾米
        虾米
        烧冬瓜
      </tags></item></page_detail></extraction>