<?xml version="1.0" encoding="UTF-8"?><extraction><clueid>99352951</clueid><fullpath><![CDATA[http://www.xiachufang.com/recipe/101789033/]]></fullpath><realpath><![CDATA[http://www.xiachufang.com/recipe/101789033/]]></realpath><theme>food_detail_page</theme><middle>规则_2</middle><createdate>2019-5-14 11:38:5</createdate><pageno>0</pageno><actionno></actionno><actionvalue></actionvalue><prestamp>DSEngine-+--+-0</prestamp><currentstamp>DSEngine-+-ds_browser_top-+-1557805085685</currentstamp><timestamp>1557805085685</timestamp><baseURI><bucketBaseURI><bucketName>page_detail</bucketName><uri><![CDATA[http://www.xiachufang.com/recipe/101789033/]]></uri></bucketBaseURI></baseURI><customInfo><![CDATA[]]></customInfo><dsName>DSEngine</dsName><dsThread>datascraper_top</dsThread><version>80700</version>
<page_detail><item><foodname>
      【虾仁蔬菜炒藜麦】
      </foodname><score>8.0</score><heat>338</heat><author>糖心糯米糍</author><materials><item><mate>
                  

    藜麦

                </mate><quantity>
                    约30g
                </quantity></item><item><mate>
                  

    鲜虾

                </mate><quantity>
                    去壳约50g
                </quantity></item><item><mate>
                  

    胡萝卜

                </mate><quantity>
                    1/4
                </quantity></item><item><mate>
                  

    玉米粒

                </mate><quantity>
                    约20克
                </quantity></item><item><mate>
                  

    彩椒

                </mate><quantity>
                    约20克
                </quantity></item><item><mate>
                  

    洋葱

                </mate><quantity>
                    1/4个
                </quantity></item><item><mate>
                  

    姜碎

                </mate><quantity>
                    约5-10克
                </quantity></item></materials><steps>
            
            
              藜麦清水浸泡半小時后，反复淘洗几次确保彻底洗掉可能残留的皂苷，以免有轻微的涩味；
              
            
            
            
              洗好的藜麦放盤子里，加少许水，高度不超过藜麦表面，放入水开后的蒸鍋隔水蒸约10分钟（或水煮约8分钟）；
              
            
            
            
              鲜虾去壳去虾线（冰冻虾仁用水清洗解冻）；
              
            
            
            
              彩椒切小块，洋葱切细丝；
              
            
            
            
              秋葵焯水后切小块；
              
            
            
            
              鸡蛋加入适量盐，打散成均匀的蛋液；
              
            
            
            
              热鍋放少许油，倒入雞蛋液，炒熟后用铲铲碎盛起待用；
              
            
            
            
              热锅放适量油，放入洋蔥爆香；
              
            
            
            
              加入彩椒（或胡蘿蔔粒）和适量盐，继续炒香至断生盛起；
              
            
            
            
              热锅放适量油，倒入秋葵和适量盐，翻炒至断生盛起；
              
            
            
            
              平底锅加油，放入压扁的大蒜慢火稍加热几分钟，加入姜末和虾仁（还可加其它干贝、墨鱼等），改大火将虾仁拌炒；
              
            
            
            
              当香气散发出来后，转中火再倒入白葡萄酒，待酒精挥发，炒至虾仁呈现红色；
              
            
            
            
              热锅下油，倒入煮熟的藜麦和玉米仁炒香；
              
            
            
            
              加入之前炒好的配菜翻拌均匀；
              
            
            
            
              最后，盛起开吃啦～
              
            
          </steps><tips>
          1. 方子为一个人的量，用量和配菜仅供参考，可按自己喜欢的口味随意搭配。2.藜麦烹饪前要用清水浸泡，用藜麦浸泡过的水比较浑，大家误以为是杂质，其实，是藜麦表皮的那层易溶于水的皂角苷。皂角苷是一种具有微毒的物质，味苦。提取出来的皂角苷有药用价值，但是不等同于皂角苷可以直接食用。(这种说法类似于砒霜、罂粟，有药用价值不等于可以直接吃)
        </tips><tags>
        减肥
        快手菜
        炒饭
      </tags></item></page_detail></extraction>