<?xml version="1.0" encoding="UTF-8"?><extraction><clueid>99353672</clueid><fullpath><![CDATA[http://www.xiachufang.com/recipe/102823393/]]></fullpath><realpath><![CDATA[http://www.xiachufang.com/recipe/102823393/]]></realpath><theme>food_detail_page</theme><middle>规则_2</middle><createdate>2019-5-14 16:9:56</createdate><pageno>0</pageno><actionno></actionno><actionvalue></actionvalue><prestamp>DSEngine-+--+-0</prestamp><currentstamp>DSEngine-+-ds_browser_top-+-1557821396354</currentstamp><timestamp>1557821396354</timestamp><baseURI><bucketBaseURI><bucketName>page_detail</bucketName><uri><![CDATA[http://www.xiachufang.com/recipe/102823393/]]></uri></bucketBaseURI></baseURI><customInfo><![CDATA[]]></customInfo><dsName>DSEngine</dsName><dsThread>datascraper_top</dsThread><version>80700</version>
<page_detail><item><foodname>
      清热养颜豆浆
    </foodname><score/><heat>0</heat><author>小小的美食哟</author><materials><item><mate>
                  

    红豆

                </mate><quantity>
                    15g
                </quantity></item><item><mate>
                  

    黄豆

                </mate><quantity>
                    20克
                </quantity></item><item><mate>
                  

    水

                </mate><quantity>
                    1100ML
                </quantity></item><item><mate>
                  

    绿豆

                </mate><quantity>
                    15克
                </quantity></item><item><mate>
                  

    冰糖

                </mate><quantity>
                    5克
                </quantity></item><item><mate>
                  

    高粱米

                </mate><quantity>
                    10克
                </quantity></item></materials><steps>
            
            
              取绿豆15g,洗净
              
            
            
            
              黄豆取20g
              
            
            
            
              红豆15g
              
            
            
            
              高粱米10g
              
            
            
            
              所有食材清洗干净
              
            
            
            
              倒入豆浆机
              
            
            
            
              加水1100ML
              
            
            
            
              九阳豆浆机选择倍浓豆浆模式，等待25分钟指示灯闪烁就完成了。
              
            
            
            
              成品图
              
            
          </steps><tips/><tags>
        豆浆
      </tags></item></page_detail></extraction>