<?xml version="1.0" encoding="UTF-8"?><extraction><clueid>99353608</clueid><fullpath><![CDATA[http://www.xiachufang.com/recipe/103774519/]]></fullpath><realpath><![CDATA[http://www.xiachufang.com/recipe/103774519/]]></realpath><theme>food_detail_page</theme><middle>规则_2</middle><createdate>2019-5-14 15:59:48</createdate><pageno>0</pageno><actionno></actionno><actionvalue></actionvalue><prestamp>DSEngine-+--+-0</prestamp><currentstamp>DSEngine-+-ds_browser_top-+-1557820788836</currentstamp><timestamp>1557820788836</timestamp><baseURI><bucketBaseURI><bucketName>page_detail</bucketName><uri><![CDATA[http://www.xiachufang.com/recipe/103774519/]]></uri></bucketBaseURI></baseURI><customInfo><![CDATA[]]></customInfo><dsName>DSEngine</dsName><dsThread>datascraper_top</dsThread><version>80700</version>
<page_detail><item><foodname>
      荷塘小炒～清热润燥
    </foodname><score/><heat>1</heat><author>晶晶i小乔</author><materials><item><mate>
                  

    藕

                </mate><quantity>
                    1节
                </quantity></item><item><mate>
                  

    荷兰豆

                </mate><quantity>
                    100克
                </quantity></item><item><mate>
                  

    胡萝卜

                </mate><quantity>
                    1根
                </quantity></item><item><mate>
                  

    木耳

                </mate><quantity>
                    7-8朵
                </quantity></item><item><mate>
                  

    盐

                </mate><quantity>
                    1小勺
                </quantity></item><item><mate>
                  

    食用油

                </mate><quantity>
                    适量
                </quantity></item></materials><steps>
            
            
              黑木耳提前泡发，胡萝卜切片 ，荷兰豆掐头去尾和茎，莲藕切片后泡水里备用防止氧化变色。
              
            
            
            
              锅中烧水，水开后，加一勺盐，几滴油，把除胡萝卜外的所有食材焯烫一下。捞出过凉备用。
              
            
            
            
              锅烧热后倒适量油，先下胡萝卜翻炒，胡萝卜里的胡萝卜素是脂溶性的，用油先翻炒一下能更好的释放营养物质。
              
            
            
            
              在下入黑木耳和荷兰豆快速翻炒一下。
              
            
            
            
              最后加入藕片和适量的盐，快速翻炒，翻炒的时候可以淋少许料酒润润锅提提香气。
              
            
            
            
              出锅前再加少许糖或鸡粉提鲜。一道简单但是营养丰富的小炒就做好啦~！
              
            
          </steps><tips>
          1.蔬菜焯水需先把水烧开。加一勺盐可以去除涩味，以及保持蔬菜的颜色。 2.切好的藕片要泡在清水里防止藕片上的淀粉接触空气氧化变色。
        </tips><tags>
        素菜
        家常菜
        素食
      </tags></item></page_detail></extraction>