<?xml version="1.0" encoding="UTF-8"?><extraction><clueid>99353376</clueid><fullpath><![CDATA[http://www.xiachufang.com/recipe/100281138/]]></fullpath><realpath><![CDATA[http://www.xiachufang.com/recipe/100281138/]]></realpath><theme>food_detail_page</theme><middle>规则_2</middle><createdate>2019-5-14 15:21:37</createdate><pageno>0</pageno><actionno></actionno><actionvalue></actionvalue><prestamp>DSEngine-+--+-0</prestamp><currentstamp>DSEngine-+-ds_browser_top-+-1557818497174</currentstamp><timestamp>1557818497174</timestamp><baseURI><bucketBaseURI><bucketName>page_detail</bucketName><uri><![CDATA[http://www.xiachufang.com/recipe/100281138/]]></uri></bucketBaseURI></baseURI><customInfo><![CDATA[]]></customInfo><dsName>DSEngine</dsName><dsThread>datascraper_top</dsThread><version>80700</version>
<page_detail><item><foodname>
      五色清热去湿汤
      </foodname><score/><heat>10</heat><author>陆阿姨汤馆</author><materials><item><mate>
                  

    野生红豆

                </mate><quantity>
                </quantity></item><item><mate>
                  

    绿豆

                </mate><quantity>
                </quantity></item><item><mate>
                  

    白扁豆

                </mate><quantity>
                </quantity></item><item><mate>
                  

    黑豆

                </mate><quantity>
                </quantity></item><item><mate>
                  

    甘草

                </mate><quantity>
                </quantity></item></materials><steps>
            
            
              所有材料洗净，放进锅中，加入清水2.5升（约10碗水）。
            
            
            
              先用大火煲沸后改小火煲2个小时，出锅时加入冰糖或白砂糖即可。
            
          </steps><tips>
          1.不爱食甜的朋友也可不放糖。2.放入冰箱冷藏后饮用味道更佳。3.孕妇不宜。有经验的朋友可以自行选购材料，菜场、药店应该有卖的。 想偷懒的同学也不用愁，我的小店里有搭配好的煲汤材料包，淘宝搜索“陆阿姨汤馆”即可。
        </tips><tags>
        全部菜单
      </tags></item></page_detail></extraction>