<?xml version="1.0" encoding="UTF-8"?><extraction><clueid>99353008</clueid><fullpath><![CDATA[http://www.xiachufang.com/recipe/100442872/]]></fullpath><realpath><![CDATA[http://www.xiachufang.com/recipe/100442872/]]></realpath><theme>food_detail_page</theme><middle>规则_2</middle><createdate>2019-5-14 12:6:51</createdate><pageno>0</pageno><actionno></actionno><actionvalue></actionvalue><prestamp>DSEngine-+--+-0</prestamp><currentstamp>DSEngine-+-ds_browser_top-+-1557806811770</currentstamp><timestamp>1557806811770</timestamp><baseURI><bucketBaseURI><bucketName>page_detail</bucketName><uri><![CDATA[http://www.xiachufang.com/recipe/100442872/]]></uri></bucketBaseURI></baseURI><customInfo><![CDATA[]]></customInfo><dsName>DSEngine</dsName><dsThread>datascraper_top</dsThread><version>80700</version>
<page_detail><item><foodname>
      三色鸡丁（西兰花玉米胡萝卜版）
      </foodname><score>7.8</score><heat>202</heat><author>类老虎</author><materials><item><mate>
                  

    盐

                </mate><quantity>
                    少量
                </quantity></item><item><mate>
                  

    糖

                </mate><quantity>
                    少量
                </quantity></item><item><mate>
                  

    料酒

                </mate><quantity>
                    一汤匙
                </quantity></item><item><mate>
                  

    生抽

                </mate><quantity>
                    一汤匙
                </quantity></item><item><mate>
                  

    淀粉

                </mate><quantity>
                    一汤匙
                </quantity></item><item><mate>
                  

    葱白

                </mate><quantity>
                    半根
                </quantity></item><item><mate>
                  

    蒜

                </mate><quantity>
                    一瓣
                </quantity></item><item><mate>
                  

    胡萝卜

                </mate><quantity>
                    半根
                </quantity></item><item><mate>
                  

    玉米

                </mate><quantity>
                    半根
                </quantity></item><item><mate>
                  

    鸡胸肉

                </mate><quantity>
                    150g
                </quantity></item></materials><steps>
            
            
              超市买的鸡胸肉一般要解冻，常温静置3小时左右即可。如果赶时间可以加冷水泡过鸡肉，放碗里入微波炉大火3分钟，不够再转。
            
            
            
              将鸡胸肉洗净，斜着鸡肉纹理切1cm左右小丁（横切牛羊竖切猪，斜切鸡）。然后放入碗中加入盐、糖、料酒、生抽、淀粉，还可以滴几滴油搅拌腌制
              
            
            
            
              西兰花解成小朵，胡萝卜切成1cm小丁，玉米剥下来待用。烧一锅开水，滴入几滴油，将西兰花焯水备用。
            
            
            
              锅烧热后倒适量油，拍一瓣蒜，切成末爆香，加入鸡丁翻炒。看着鸡肉表白从肉色开始变白就可以将肉盛出，避免鸡肉炒老，保留嫩滑。
            
            
            
              将胡萝卜、玉米粒入锅断生，再加入西兰花和鸡丁，大火翻炒几下，最后加入葱白即可出锅
              
            
            
            
              又做了一次，也可以摆盘一下感觉更好看！
              
            
          </steps><tips>
          1. 此配料是男士1人份，可根据食量增减。2. 由于减脂期间少油少盐，味道偏清淡，喜欢稍微多点味道的可以在炒鸡丁时加入适量盐、辣椒或者豆瓣酱等调料。3. 配料可以自由选择，青豆、香芹、黄瓜等等，按照个人喜好搭配颜色即可。
        </tips><tags>
        快手菜
        减肥
      </tags></item></page_detail></extraction>