<?xml version="1.0" encoding="UTF-8"?><extraction><clueid>99352989</clueid><fullpath><![CDATA[http://www.xiachufang.com/recipe/100041320/]]></fullpath><realpath><![CDATA[http://www.xiachufang.com/recipe/100041320/]]></realpath><theme>food_detail_page</theme><middle>规则_2</middle><createdate>2019-5-14 11:56:21</createdate><pageno>0</pageno><actionno></actionno><actionvalue></actionvalue><prestamp>DSEngine-+--+-0</prestamp><currentstamp>DSEngine-+-ds_browser_top-+-1557806181718</currentstamp><timestamp>1557806181718</timestamp><baseURI><bucketBaseURI><bucketName>page_detail</bucketName><uri><![CDATA[http://www.xiachufang.com/recipe/100041320/]]></uri></bucketBaseURI></baseURI><customInfo><![CDATA[]]></customInfo><dsName>DSEngine</dsName><dsThread>datascraper_top</dsThread><version>80700</version>
<page_detail><item><foodname>
      快手红糖苹果(微波炉版)
    </foodname><score>6.9</score><heat>330</heat><author>Lettyyy_</author><materials><item><mate>
                  

    苹果

                </mate><quantity>
                    一只
                </quantity></item><item><mate>
                  

    红糖

                </mate><quantity>
                    两勺
                </quantity></item></materials><steps>
            
            
              苹果洗干净，直接拿水果刀从上向下戳进去，切四刀成正方形，然后从下往上推那个小方块的地方，很容易芯子就能取出来
            
            
            
              苹果放在小碗里，往中间的小洞里放两勺红糖
              
            
            
            
              进微波炉里高火叮两分钟，打开看一下出水小半碗，倒个头再叮一分半，拿出来就可以吃啦，小心烫噢。
              
            
          </steps><tips>
          有肉桂粉的话也 可以放噢^^
对了
不吃苹果皮的人可以等苹果叮好再扒皮，熟了的苹果皮会和果肉分离的，而且苹果皮营养好噢，加热之后再去掉也没有损失什么，营养都进碗里的汁水里啦！
        </tips><tags>
        下午茶
        减肥
        微波炉
        快手菜
      </tags></item></page_detail></extraction>