<?xml version="1.0" encoding="UTF-8"?><extraction><clueid>99352379</clueid><fullpath><![CDATA[http://www.xiachufang.com/recipe/100427214/]]></fullpath><realpath><![CDATA[http://www.xiachufang.com/recipe/100427214/]]></realpath><theme>food_detail_page</theme><middle>规则_2</middle><createdate>2019-5-13 22:47:17</createdate><pageno>0</pageno><actionno></actionno><actionvalue></actionvalue><prestamp>DSEngine-+--+-0</prestamp><currentstamp>DSEngine-+-ds_browser_top-+-1557758837164</currentstamp><timestamp>1557758837164</timestamp><baseURI><bucketBaseURI><bucketName>page_detail</bucketName><uri><![CDATA[http://www.xiachufang.com/recipe/100427214/]]></uri></bucketBaseURI></baseURI><customInfo><![CDATA[]]></customInfo><dsName>DSEngine</dsName><dsThread>datascraper_top</dsThread><version>80700</version>
<page_detail><item><foodname>
      老丁的私房菜-番茄牛腩煲
      </foodname><score>8.3</score><heat>3072</heat><author>老丁的私房菜</author><materials><item><mate>
                  

    牛腩肉

                </mate><quantity>
                    1斤
                </quantity></item><item><mate>
                  

    番茄

                </mate><quantity>
                    4个
                </quantity></item><item><mate>
                  

    葱姜

                </mate><quantity>
                    少许
                </quantity></item><item><mate>
                  

    番茄酱（可选）

                </mate><quantity>
                    少许
                </quantity></item></materials><steps>
            
            
              牛腩肉洗净切2厘米左右的块。
              
            
            
            
              锅内放冷水，放入牛腩肉，下几片姜，一点料酒。烧开去浮沫。
              
            
            
            
              牛肉捞出备用，西红柿洗净，顶部切十字刀口
              
            
            
            
              锅内烧开水，将西红柿头向下放入锅内，略煮。
              
            
            
            
              略煮的西红柿表皮会破解，方便剥皮。
              
            
            
            
              西红柿剥皮备用。
              
            
            
            
              取两个西红柿切小丁，两个切大块。小丁的用来主要熬煮酸味。大块的用来最后吃。
              
            
            
            
              葱切小粒，姜切片备用。
              
            
            
            
              热锅凉油，葱姜爆锅出香味后加入西红柿小丁，用炒勺尽量压粘，加一点水，小火炒出酸味。
              
            
            
            
              然后加入牛肉翻炒。略炒即可。
              
            
            
            
              锅内加水，没过食材，老丁用的砂锅，也可以用高压锅，或者就是炒锅。加入盐调味，如果酸度不够，可以加入番茄酱。烧开后小火慢炖一个小时，然后加入大块西红柿，再炖半小时至牛肉软烂为止。
              
            
            
            
              最后撒上香菜出锅。
              
            
          </steps><tips>
          1、现在番茄酸味不够，加入番茄酱可以有效增加酸味，也可以提鲜。2、如果用高压锅，半个小时即可。3、最后加入大块西红柿环节，也可以加入几个土豆块，味道更佳，因为土豆含有淀粉，汤会更粘稠。
        </tips><tags>
        家常菜
        快手菜
        宴客
      </tags></item></page_detail></extraction>