<?xml version="1.0" encoding="UTF-8"?><extraction><clueid>99352689</clueid><fullpath><![CDATA[http://www.xiachufang.com/recipe/100031535/]]></fullpath><realpath><![CDATA[http://www.xiachufang.com/recipe/100031535/]]></realpath><theme>food_detail_page</theme><middle>规则_2</middle><createdate>2019-5-13 23:55:21</createdate><pageno>0</pageno><actionno></actionno><actionvalue></actionvalue><prestamp>DSEngine-+--+-0</prestamp><currentstamp>DSEngine-+-ds_browser_top-+-1557762921617</currentstamp><timestamp>1557762921617</timestamp><baseURI><bucketBaseURI><bucketName>page_detail</bucketName><uri><![CDATA[http://www.xiachufang.com/recipe/100031535/]]></uri></bucketBaseURI></baseURI><customInfo><![CDATA[]]></customInfo><dsName>DSEngine</dsName><dsThread>datascraper_top</dsThread><version>80700</version>
<page_detail><item><foodname>
      蒜末菠菜
      </foodname><score>7.5</score><heat>1615</heat><author>小小H</author><materials><item><mate>
                  

    菠菜

                </mate><quantity>
                </quantity></item><item><mate>
                  

    大蒜

                </mate><quantity>
                </quantity></item><item><mate>
                  

    盐

                </mate><quantity>
                </quantity></item><item><mate>
                  

    味精

                </mate><quantity>
                </quantity></item><item><mate>
                  

    橄榄油

                </mate><quantity>
                </quantity></item></materials><steps>
            
            
              大蒜用菜刀拍扁，可以轻松去皮，然后再切小点。
            
            
            
              菠菜洗净。同时烧开一锅水，投入菠菜，汆一两分钟，去除草酸，沥干水待用。
              
            
            
            
              热锅冷油，放入蒜末，炒香。
              
            
            
            
              然后放入菠菜，翻炒。
              
            
            
            
              加适量盐味精，炒匀即可出锅。
              
            
          </steps><tips/><tags>
        快手菜
      </tags></item></page_detail></extraction>