<?xml version="1.0" encoding="UTF-8"?><extraction><clueid>99352561</clueid><fullpath><![CDATA[http://www.xiachufang.com/recipe/100551182/]]></fullpath><realpath><![CDATA[http://www.xiachufang.com/recipe/100551182/]]></realpath><theme>food_detail_page</theme><middle>规则_2</middle><createdate>2019-5-13 23:18:28</createdate><pageno>0</pageno><actionno></actionno><actionvalue></actionvalue><prestamp>DSEngine-+--+-0</prestamp><currentstamp>DSEngine-+-ds_browser_top-+-1557760708670</currentstamp><timestamp>1557760708670</timestamp><baseURI><bucketBaseURI><bucketName>page_detail</bucketName><uri><![CDATA[http://www.xiachufang.com/recipe/100551182/]]></uri></bucketBaseURI></baseURI><customInfo><![CDATA[]]></customInfo><dsName>DSEngine</dsName><dsThread>datascraper_top</dsThread><version>80700</version>
<page_detail><item><foodname>
      虾仁炒西兰花
      </foodname><score>7.7</score><heat>2089</heat><author>圆圆圆脸就是我</author><materials><item><mate>
                  

    速冻虾仁

                </mate><quantity>
                    200g
                </quantity></item><item><mate>
                  

    西兰花

                </mate><quantity>
                    300g
                </quantity></item><item><mate>
                  

    蒜

                </mate><quantity>
                    20g
                </quantity></item><item><mate>
                  

    酱油

                </mate><quantity>
                    5g
                </quantity></item><item><mate>
                  

    生粉

                </mate><quantity>
                    适量
                </quantity></item><item><mate>
                  

    鸡精

                </mate><quantity>
                    适量
                </quantity></item><item><mate>
                  

    盐

                </mate><quantity>
                    适量
                </quantity></item></materials><steps>
            
            
              西兰花洗净后，用淡盐水浸泡30分钟，去除残留的农药，注意头朝下浸泡。
              
            
            
            
              虾仁解冻后洗干净，去掉背部肠线备用。
              
            
            
            
              洗净的虾仁加适量酱油、生粉（或淀粉），腌制10分钟左右。
              
            
            
            
              西兰花去掉粗茎，切成小朵，锅内加少许盐，待水沸后下锅焯至八成熟后捞出。
              
            
            
            
              蒜拍碎备用。
              
            
            
            
              锅中倒入少许油，下蒜末。
              
            
            
            
              下虾仁翻炒至变色。
              
            
            
            
              放入西兰花翻炒均匀，加少许鸡精即可出锅。
              
            
            
            
              摆盘时可加小番茄点缀。
              
            
            
            
              成品图。
              
            
            
            
              喜欢重口味的，可以蘸取海南辣椒酱，有木有食欲大增呢？
              
            
          </steps><tips>
          1.盐的量要控制好，做这道菜时除了用淡盐水去除西兰花残存农药外，没有放盐已经很鲜美了。2.家里有小朋友的话食材尽量选用鲜虾，保证新鲜度。3.选虾的时候，表面红色颜色越深说明虾青素含量越高。
        </tips><tags>
        快手菜
        虾仁炒西兰花
        虾仁西兰花
        西兰花炒虾仁
        炒西兰花
        西兰花
      </tags></item></page_detail></extraction>