<?xml version="1.0" encoding="UTF-8"?><extraction><clueid>99352409</clueid><fullpath><![CDATA[http://www.xiachufang.com/recipe/1006761/]]></fullpath><realpath><![CDATA[http://www.xiachufang.com/recipe/1006761/]]></realpath><theme>food_detail_page</theme><middle>规则_2</middle><createdate>2019-5-13 22:52:29</createdate><pageno>0</pageno><actionno></actionno><actionvalue></actionvalue><prestamp>DSEngine-+--+-0</prestamp><currentstamp>DSEngine-+-ds_browser_top-+-1557759149686</currentstamp><timestamp>1557759149686</timestamp><baseURI><bucketBaseURI><bucketName>page_detail</bucketName><uri><![CDATA[http://www.xiachufang.com/recipe/1006761/]]></uri></bucketBaseURI></baseURI><customInfo><![CDATA[]]></customInfo><dsName>DSEngine</dsName><dsThread>datascraper_top</dsThread><version>80700</version>
<page_detail><item><foodname>
      人人都能做好的糖醋排骨
    </foodname><score>8.2</score><heat>2465</heat><author>树上的男爵</author><materials><item><mate>
                  

    肋排

                </mate><quantity>
                    
                </quantity></item><item><mate>
                  

    料酒

                </mate><quantity>
                    
                </quantity></item><item><mate>
                  

    醋（黑的那种）

                </mate><quantity>
                    
                </quantity></item><item><mate>
                  

    冰糖

                </mate><quantity>
                    根据自己的口味，加到自己开心就好了。我一般放10粒左右。冰糖少了排骨不上色。
                </quantity></item><item><mate>
                  

    砂糖

                </mate><quantity>
                    
                </quantity></item><item><mate>
                  

    酱油

                </mate><quantity>
                    
                </quantity></item><item><mate>
                  

    干辣椒

                </mate><quantity>
                    放几颗也是自己开心就好。
                </quantity></item></materials><steps>
            
            
              将排骨洗净，放在冷水里烧开，去除排骨的污垢
            
            
            
              按照一勺料酒，两勺醋，三勺砂糖，四勺酱油，五勺水的比例调制糖醋排骨的汁（不要纠结勺子要多大的勺子，这只是让你能够按比例调汁，肉多就用大勺子，肉少就用小勺子。）
            
            
            
              往锅里倒适量的油，小火将冰糖熬化，将排骨倒进去，开大火翻炒至金黄色
            
            
            
              倒入我们的特调酱汁～
            
            
            
              放适量的干辣椒
            
            
            
              煮啊煮啊煮到排骨将汁液收干
            
            
            
              大功告成！
            
          </steps><tips>
          tips 1：干辣椒可以让排骨甜中带微辣，变得更好吃

tips 2：熬冰糖的时候一定要小火啊亲！
        </tips><tags>
        家常菜
        快手菜
        酸甜
        下饭菜
        糖醋
        烤箱
        单身食谱
        糖醋排骨
        东北糖醋排骨
        红烧糖醋排骨
        素糖醋排骨
        无锡糖醋排骨
      </tags></item></page_detail></extraction>