<?xml version="1.0" encoding="UTF-8"?><extraction><clueid>99353419</clueid><fullpath><![CDATA[http://www.xiachufang.com/recipe/102251615/]]></fullpath><realpath><![CDATA[http://www.xiachufang.com/recipe/102251615/]]></realpath><theme>food_detail_page</theme><middle>规则_2</middle><createdate>2019-5-14 15:29:51</createdate><pageno>0</pageno><actionno></actionno><actionvalue></actionvalue><prestamp>DSEngine-+--+-0</prestamp><currentstamp>DSEngine-+-ds_browser_top-+-1557818991285</currentstamp><timestamp>1557818991285</timestamp><baseURI><bucketBaseURI><bucketName>page_detail</bucketName><uri><![CDATA[http://www.xiachufang.com/recipe/102251615/]]></uri></bucketBaseURI></baseURI><customInfo><![CDATA[]]></customInfo><dsName>DSEngine</dsName><dsThread>datascraper_top</dsThread><version>80700</version>
<page_detail><item><foodname>
      西洋参淮山清火健脾汤
    </foodname><score/><heat>5</heat><author>石化松脂</author><materials><item><mate>
                  

    西洋参

                </mate><quantity>
                    4颗
                </quantity></item><item><mate>
                  

    淮山

                </mate><quantity>
                    50克
                </quantity></item><item><mate>
                  

    芡实

                </mate><quantity>
                    30克
                </quantity></item><item><mate>
                  

    红枣

                </mate><quantity>
                    4-5颗
                </quantity></item><item><mate>
                  

    猪脊柱骨

                </mate><quantity>
                    400克
                </quantity></item><item><mate>
                  

    陈皮

                </mate><quantity>
                    1/4个(一小瓣)
                </quantity></item><item><mate>
                  

    水

                </mate><quantity>
                    1000ml左右
                </quantity></item></materials><steps>
            
            
              准备好以上材料备用;
              
            
            
            
              淮山、芡实洗净泡发;
              
            
            
            
              西洋参用牙刷刷赶紧表面的灰尘，用密封袋(我直接抽的真空)装好，用报纸再包几圈然后用榔头直接隔袋敲碎。
              
            
            
            
              敲碎后的西洋参;
              
            
            
            
              新鲜的猪脊骨洗净，在开水中焯一下;
              
            
            
            
              经过预处理的材料如图:焯过水的猪脊骨;泡发的淮山、芡实;洗赶紧的并去核的红枣;敲碎的西洋参;洗净的陈皮。
              
            
            
            
              除西洋参外，其他材料放入炖盅加水上蒸锅炖90分钟;
            
            
            
              炖煮90分钟后，加入敲碎的西洋参再炖15-20分钟;
              
            
            
            
              汤成可以享用了。喝时依各人口味可以加的盐。这个汤有浓郁的西洋参甘香，我爱不加盐的。
              
            
          </steps><tips>
          1.西洋参选个头小小，褶皱多，仿佛人型的为佳品，这种参味道浓郁清香，功效显著;2.干淮山选干燥微黄无硫磺酸味的生晒干淮山;3.芡实选择广东肇庆出的，又称为肇实，无硫磺酸味的为佳品;4.红枣我用的是新疆树上熟并在树上风干的灰枣，枣味更浓郁，更清甜。
        </tips><tags>
        全部菜单
      </tags></item></page_detail></extraction>