<?xml version="1.0" encoding="UTF-8"?><extraction><clueid>99353756</clueid><fullpath><![CDATA[http://www.xiachufang.com/recipe/160445/]]></fullpath><realpath><![CDATA[http://www.xiachufang.com/recipe/160445/]]></realpath><theme>food_detail_page</theme><middle>规则_2</middle><createdate>2019-5-14 17:10:20</createdate><pageno>0</pageno><actionno></actionno><actionvalue></actionvalue><prestamp>DSEngine-+--+-0</prestamp><currentstamp>DSEngine-+-ds_browser_top-+-1557825020941</currentstamp><timestamp>1557825020941</timestamp><baseURI><bucketBaseURI><bucketName>page_detail</bucketName><uri><![CDATA[http://www.xiachufang.com/recipe/160445/]]></uri></bucketBaseURI></baseURI><customInfo><![CDATA[]]></customInfo><dsName>DSEngine</dsName><dsThread>datascraper_top</dsThread><version>80700</version>
<page_detail><item><foodname>
      小吊梨汤
    </foodname><score>7.7</score><heat>109</heat><author>鲍鱼</author><materials><item><mate>
                  

    大个雪花梨

                </mate><quantity>
                    1000克
                </quantity></item><item><mate>
                  

    银耳（水发后）

                </mate><quantity>
                    120克
                </quantity></item><item><mate>
                  

    冰糖

                </mate><quantity>
                    120克
                </quantity></item><item><mate>
                  

    青梅

                </mate><quantity>
                    60克
                </quantity></item><item><mate>
                  

    枸杞

                </mate><quantity>
                    适量
                </quantity></item></materials><steps>
            
            
              把梨用水洗净，削成大片，注意连梨皮一起，不要把梨皮扔掉，因为梨皮中含有丰富的营养，而且能增加汤色
            
            
            
              雪花梨削入盆中待用锅中加水2000克，水烧开后先下银耳中火煮10分钟，再下入其它配料，(记住梨和水的比例是1比2，如果水多了味道不够香）
            
            
            
              小火煮1小时，待水煮下三分之一左右即可出锅饮用
            
          </steps><tips>
          梨味甘微酸、性凉，入肺、胃经；
具有生津，润燥，清热，化痰，解酒的作用；
用于热病伤阴或阴虚所致的干咳、口渴、便秘等症，也可用于内热所致的烦渴、咳喘、痰黄等症。
一般人群均可食用
1. 咳嗽痰稠或无痰、咽喉发痒干疼者，慢性支气管炎、肺结核患者，高血压、心脏病、肝炎、肝硬化患者，饮酒后或宿醉未醒者尤其适合；
2. 慢性肠炎、胃寒病、糖尿病患者忌食生梨。
        </tips><tags>
        饮品
        甜品
        小吊梨汤
        老北京小吊梨汤
        梨汤
        梨
        吊南瓜
      </tags></item></page_detail></extraction>