<?xml version="1.0" encoding="UTF-8"?><extraction><clueid>99353574</clueid><fullpath><![CDATA[http://www.xiachufang.com/recipe/100492590/]]></fullpath><realpath><![CDATA[http://www.xiachufang.com/recipe/100492590/]]></realpath><theme>food_detail_page</theme><middle>规则_2</middle><createdate>2019-5-14 15:54:11</createdate><pageno>0</pageno><actionno></actionno><actionvalue></actionvalue><prestamp>DSEngine-+--+-0</prestamp><currentstamp>DSEngine-+-ds_browser_top-+-1557820451816</currentstamp><timestamp>1557820451816</timestamp><baseURI><bucketBaseURI><bucketName>page_detail</bucketName><uri><![CDATA[http://www.xiachufang.com/recipe/100492590/]]></uri></bucketBaseURI></baseURI><customInfo><![CDATA[]]></customInfo><dsName>DSEngine</dsName><dsThread>datascraper_top</dsThread><version>80700</version>
<page_detail><item><foodname>
      【清热解暑】薏米海带绿豆沙
    </foodname><score/><heat>2</heat><author>Angiecharm</author><materials><item><mate>
                  

    有机薏米

                </mate><quantity>
                    一小把
                </quantity></item><item><mate>
                  

    有机绿豆

                </mate><quantity>
                    大半碗
                </quantity></item><item><mate>
                  

    海带丝

                </mate><quantity>
                    一把
                </quantity></item><item><mate>
                  

    新会陈皮干

                </mate><quantity>
                    半个
                </quantity></item><item><mate>
                  

    黄冰片糖

                </mate><quantity>
                    半片
                </quantity></item><item><mate>
                  

    水

                </mate><quantity>
                    适量
                </quantity></item></materials><steps>
            
            
              绿豆薏米浸泡一夜，海带丝洗干净，剪碎，全部倒进电饭锅，加足水，炖品程序两小时走起！
            
            
            
              完成后丢进黄冰片糖，再追加30分钟炖品程序。热喝冷藏喝都超级棒！
            
          </steps><tips>
          清甜不甜腻，喜甜可以多加糖！
        </tips><tags>
        全部菜单
      </tags></item></page_detail></extraction>