<?xml version="1.0" encoding="UTF-8"?><extraction><clueid>99352406</clueid><fullpath><![CDATA[http://www.xiachufang.com/recipe/43597/]]></fullpath><realpath><![CDATA[http://www.xiachufang.com/recipe/43597/]]></realpath><theme>food_detail_page</theme><middle>规则_2</middle><createdate>2019-5-13 22:51:43</createdate><pageno>0</pageno><actionno></actionno><actionvalue></actionvalue><prestamp>DSEngine-+--+-0</prestamp><currentstamp>DSEngine-+-ds_browser_top-+-1557759103545</currentstamp><timestamp>1557759103545</timestamp><baseURI><bucketBaseURI><bucketName>page_detail</bucketName><uri><![CDATA[http://www.xiachufang.com/recipe/43597/]]></uri></bucketBaseURI></baseURI><customInfo><![CDATA[]]></customInfo><dsName>DSEngine</dsName><dsThread>datascraper_top</dsThread><version>80700</version>
<page_detail><item><foodname>
      回锅肉
    </foodname><score>7.7</score><heat>2918</heat><author>坐隐（三什）</author><materials><item><mate>
                  

    五花肉

                </mate><quantity>
                    300g
                </quantity></item><item><mate>
                  

    郫县豆瓣酱

                </mate><quantity>
                    20g
                </quantity></item><item><mate>
                  

    甜面酱

                </mate><quantity>
                    40g
                </quantity></item><item><mate>
                  

    葱姜片

                </mate><quantity>
                    适量
                </quantity></item><item><mate>
                  

    料酒

                </mate><quantity>
                    10g
                </quantity></item><item><mate>
                  

    青蒜

                </mate><quantity>
                    3-5根
                </quantity></item></materials><steps>
            
            
              五花肉在锅里加水煮7成熟取出晾凉切成薄片。青蒜切段
            
            
            
              锅加油烧热放入五花肉煸炒，炒至肉微卷加葱姜片炒香加郫县豆瓣酱，甜面酱在继续煸炒一会加料酒，青蒜炒一会即好
            
          </steps><tips/><tags>
        家常菜
        下饭菜
        回锅肉
        青椒回锅肉
        土豆片回锅肉
        豆角回锅肉
        川味回锅肉
      </tags></item></page_detail></extraction>