<?xml version="1.0" encoding="UTF-8"?><extraction><clueid>99352654</clueid><fullpath><![CDATA[http://www.xiachufang.com/recipe/254495/]]></fullpath><realpath><![CDATA[http://www.xiachufang.com/recipe/254495/]]></realpath><theme>food_detail_page</theme><middle>规则_2</middle><createdate>2019-5-13 23:48:43</createdate><pageno>0</pageno><actionno></actionno><actionvalue></actionvalue><prestamp>DSEngine-+--+-0</prestamp><currentstamp>DSEngine-+-ds_browser_top-+-1557762523351</currentstamp><timestamp>1557762523351</timestamp><baseURI><bucketBaseURI><bucketName>page_detail</bucketName><uri><![CDATA[http://www.xiachufang.com/recipe/254495/]]></uri></bucketBaseURI></baseURI><customInfo><![CDATA[]]></customInfo><dsName>DSEngine</dsName><dsThread>datascraper_top</dsThread><version>80700</version>
<page_detail><item><foodname>
      姜撞奶
    </foodname><score>7.7</score><heat>1446</heat><author>apple爱自己</author><materials><item><mate>
                  

    纯奶

                </mate><quantity>
                    200毫升
                </quantity></item><item><mate>
                  

    姜汁

                </mate><quantity>
                    20毫升，老姜
                </quantity></item><item><mate>
                  

    白糖

                </mate><quantity>
                    适量
                </quantity></item></materials><steps>
            
            
              老姜用刨刀刨
              
            
            
            
              裹到纱布里
              
            
            
            
              拧出姜汁
              
            
            
            
              牛奶倒入锅中
              
            
            
            
              放白糖
              
            
            
            
              加热牛奶，到锅边开始又小泡，即关火，凉一会儿（70度左右说是最好，有温度计可以量，我是自己估计的）
              
            
            
            
              取一个小碗，倒入姜汁
              
            
            
            
              快速将牛奶倒入姜汁中
              
            
            
            
              盖上盖子，放置10分钟左右，牛奶就会凝结即可
              
            
          </steps><tips>
          1、白糖看自己口味来
2、姜汁要用新鲜磨出来的
3、牛奶不需要煮沸
4、姜汁量少了很难凝固哈，多试几次，慢慢就会百战百胜。。
        </tips><tags>
        快手菜
        甜品
        饮品
        小吃
        姜撞奶
        黑糖珍珠撞奶
        木瓜撞奶
        姜汁撞奶
        姜埋奶
      </tags></item></page_detail></extraction>