<?xml version="1.0" encoding="UTF-8"?><extraction><clueid>99353833</clueid><fullpath><![CDATA[http://www.xiachufang.com/recipe/184360/]]></fullpath><realpath><![CDATA[http://www.xiachufang.com/recipe/184360/]]></realpath><theme>food_detail_page</theme><middle>规则_2</middle><createdate>2019-5-14 19:28:58</createdate><pageno>0</pageno><actionno></actionno><actionvalue></actionvalue><prestamp>DSEngine-+--+-0</prestamp><currentstamp>DSEngine-+-ds_browser_top-+-1557833338314</currentstamp><timestamp>1557833338314</timestamp><baseURI><bucketBaseURI><bucketName>page_detail</bucketName><uri><![CDATA[http://www.xiachufang.com/recipe/184360/]]></uri></bucketBaseURI></baseURI><customInfo><![CDATA[]]></customInfo><dsName>DSEngine</dsName><dsThread>datascraper_top</dsThread><version>80700</version>
<page_detail><item><foodname>
      雪梨百合汤
    </foodname><score/><heat>40</heat><author>坨坨妈</author><materials><item><mate>
                  

    雪梨

                </mate><quantity>
                    两个
                </quantity></item><item><mate>
                  

    泡发好的百合

                </mate><quantity>
                    
                </quantity></item><item><mate>
                  

    冰糖

                </mate><quantity>
                    
                </quantity></item><item><mate>
                  

    泡好的枸杞

                </mate><quantity>
                    
                </quantity></item></materials><steps>
            
            
              锅中水烧开
            
            
            
              放入冰糖和百合，改小火熬煮20分钟
            
            
            
              加入雪梨和枸杞，再用小火煮五分钟
            
            
            
              煮好啦，起锅装碗，很清甜的，孩子很喜欢喝哦
            
          </steps><tips/><tags>
        全部菜单
      </tags></item></page_detail></extraction>