<?xml version="1.0" encoding="UTF-8"?><extraction><clueid>99352254</clueid><fullpath><![CDATA[http://www.xiachufang.com/recipe/100387998/]]></fullpath><realpath><![CDATA[http://www.xiachufang.com/recipe/100387998/]]></realpath><theme>food_detail_page</theme><middle>规则_2</middle><createdate>2019-5-13 22:3:6</createdate><pageno>0</pageno><actionno></actionno><actionvalue></actionvalue><prestamp>DSEngine-+--+-0</prestamp><currentstamp>DSEngine-+-ds_browser_top-+-1557756186318</currentstamp><timestamp>1557756186318</timestamp><baseURI><bucketBaseURI><bucketName>page_detail</bucketName><uri><![CDATA[http://www.xiachufang.com/recipe/100387998/]]></uri></bucketBaseURI></baseURI><customInfo><![CDATA[]]></customInfo><dsName>DSEngine</dsName><dsThread>datascraper_top</dsThread><version>80700</version>
<page_detail><item><foodname>
      干锅手撕包菜
      </foodname><score>7.8</score><heat>5811</heat><author>小美的美食</author><materials><item><mate>
                  

    包菜（牛心菜）

                </mate><quantity>
                    1颗
                </quantity></item><item><mate>
                  

    五花肉

                </mate><quantity>
                    半小碗
                </quantity></item><item><mate>
                  

    干辣椒

                </mate><quantity>
                    适量
                </quantity></item><item><mate>
                  

    蒜、姜

                </mate><quantity>
                    适量
                </quantity></item><item><mate>
                  

    盐

                </mate><quantity>
                    适量
                </quantity></item><item><mate>
                  

    鸡精

                </mate><quantity>
                    适量
                </quantity></item><item><mate>
                  

    生抽

                </mate><quantity>
                    适量
                </quantity></item><item><mate>
                  

    食用油

                </mate><quantity>
                    适量
                </quantity></item></materials><steps>
            
            
              牛心菜很适合做手撕包菜，新手不防从包菜的选购开始。做出来肯定好哦！
              
            
            
            
              五花肉切片、干辣椒、姜、蒜都准备好。
              
            
            
            
              热锅入油、待温度升高以后放入五花肉翻炒至微焦时，加少许酱油、姜、蒜、干辣椒翻炒均匀。
              
            
            
            
              然后加入包菜一直翻炒，炒大概一分钟之后，加入少许盐、鸡精，继续炒，这时注意火一定要大，翻炒到8-9成熟即可。
              
            
            
            
              晒图片的又来拉！
              
            
            
            
              小美新的个人公众号，搜索公众号“VSY233”或者扫这个二维码添加。
              
            
          </steps><tips>
          1、选购包菜的时候，选小型包菜，表面绿色的，白色那种大的包菜水分太多，炒不出干锅的感觉。2、所谓干锅就是干着炒，中途不能加水，干锅包菜的颜色有点微黑，就是不加水炒出来的颜色。3、五花肉一定要放，炒五花肉时溢出的猪油会使干锅包菜的味道更佳。4、干辣椒切断以后，建议把辣椒籽筛掉，辣椒籽太多会影响包菜的口感。QQ群1: 438996620QQ群2:  234018580微信群：694755640 ‘暗号美食’微信公众号：VSY233
        </tips><tags>
        家常菜
        下饭菜
        干锅
        辣
        蒜香
        干锅手撕包菜
        手撕包菜搜索
        蚝油手撕包菜
        糖醋手撕包菜
        醋溜手撕包菜
      </tags></item></page_detail></extraction>