<?xml version="1.0" encoding="UTF-8"?><extraction><clueid>99353757</clueid><fullpath><![CDATA[http://www.xiachufang.com/recipe/254492/]]></fullpath><realpath><![CDATA[http://www.xiachufang.com/recipe/254492/]]></realpath><theme>food_detail_page</theme><middle>规则_2</middle><createdate>2019-5-14 17:14:24</createdate><pageno>0</pageno><actionno></actionno><actionvalue></actionvalue><prestamp>DSEngine-+--+-0</prestamp><currentstamp>DSEngine-+-ds_browser_top-+-1557825264372</currentstamp><timestamp>1557825264372</timestamp><baseURI><bucketBaseURI><bucketName>page_detail</bucketName><uri><![CDATA[http://www.xiachufang.com/recipe/254492/]]></uri></bucketBaseURI></baseURI><customInfo><![CDATA[]]></customInfo><dsName>DSEngine</dsName><dsThread>datascraper_top</dsThread><version>80700</version>
<page_detail><item><foodname>
      枇杷雪梨金桔汤
    </foodname><score>8.1</score><heat>92</heat><author>小花牛</author><materials><item><mate>
                  

    枇杷

                </mate><quantity>
                    两个
                </quantity></item><item><mate>
                  

    雪梨

                </mate><quantity>
                    一只
                </quantity></item><item><mate>
                  

    金桔

                </mate><quantity>
                    三颗
                </quantity></item><item><mate>
                  

    冰糖

                </mate><quantity>
                    一块
                </quantity></item><item><mate>
                  

    蜂蜜

                </mate><quantity>
                    一小袋
                </quantity></item></materials><steps>
            
            
              食材洗净去皮待用
              
            
            
            
              枇杷去皮切块后加用盐水浸泡
              
            
            
            
              小锅内煮水
              
            
            
            
              水开后放雪梨
              
            
            
            
              加入金桔；盖上锅盖
              
            
            
            
              开锅后放冰糖、枇杷
              
            
            
            
              剥两颗枇杷核放汤里
              
            
            
            
              盖上锅盖再煮30分钟即可
              
            
          </steps><tips>
          1.枇杷切块用盐水泡十分钟，去涩味，也防止枇杷果肉氧化变黑。
2.枇杷核也有止咳功效。
3.盛出放凉后加入蜂蜜食用。
        </tips><tags>
        甜品
      </tags></item></page_detail></extraction>