<?xml version="1.0" encoding="UTF-8"?><extraction><clueid>99352661</clueid><fullpath><![CDATA[http://www.xiachufang.com/recipe/100104844/]]></fullpath><realpath><![CDATA[http://www.xiachufang.com/recipe/100104844/]]></realpath><theme>food_detail_page</theme><middle>规则_2</middle><createdate>2019-5-13 23:50:34</createdate><pageno>0</pageno><actionno></actionno><actionvalue></actionvalue><prestamp>DSEngine-+--+-0</prestamp><currentstamp>DSEngine-+-ds_browser_top-+-1557762634578</currentstamp><timestamp>1557762634578</timestamp><baseURI><bucketBaseURI><bucketName>page_detail</bucketName><uri><![CDATA[http://www.xiachufang.com/recipe/100104844/]]></uri></bucketBaseURI></baseURI><customInfo><![CDATA[]]></customInfo><dsName>DSEngine</dsName><dsThread>datascraper_top</dsThread><version>80700</version>
<page_detail><item><foodname>
      羊肉抓饭
      </foodname><score>8.5</score><heat>1485</heat><author>我很家常</author><materials><item><mate>
                  

    大米

                </mate><quantity>
                    350g
                </quantity></item><item><mate>
                  

    羊肉(前腿)

                </mate><quantity>
                    500g
                </quantity></item><item><mate>
                  

    胡萝卜

                </mate><quantity>
                    500g
                </quantity></item><item><mate>
                  

    洋葱

                </mate><quantity>
                    半个
                </quantity></item><item><mate>
                  

    盐

                </mate><quantity>
                    5～6g
                </quantity></item><item><mate>
                  

    葡萄干

                </mate><quantity>
                    一小把
                </quantity></item></materials><steps>
            
            
              准备好材料：羊肉切成3cm左右的方块，别太小了。
              
            
            
            
              胡萝卜和葱头切条备用
              
            
            
            
              锅底放油，把羊肉放进去翻炒
              
            
            
            
              炒一会儿加入洋葱丝继续炒
              
            
            
            
              羊肉炒到六七成熟时加入胡萝卜翻炒，这时可以放一点盐，有利于胡萝卜出水。胡萝卜变软时加水加盐，加盖中火烧开20分钟左右，水不要加得太多，高出肉一些就行了，煮到肉已经七、八成熟了。
              
            
            
            
              然后把肉先捞出来，把锅里的菜连汤一起放入电饭锅中，加入洗好的米抹平，不要搅拌，水位应与米齐平，然后把肉块放在上面，盖盖子启动蒸饭程序。
              
            
            
            
              饭蒸好了，撒上洗干净的葡萄干，用铲子搅拌均匀。
              
            
            
            
              香喷喷的羊肉抓饭就好啦～可以吃啦～
              
            
          </steps><tips>
          1、我这个做出来大慨是3—4人的量2、羊肉不要太瘦，太瘦了不香！
        </tips><tags>
        快手菜
        家常菜
        饭
        焖饭
        主食
        羊肉抓饭
        新疆羊肉抓饭
        抓饭
        羊肉手抓饭
        新疆羊肉手抓饭
      </tags></item></page_detail></extraction>