<?xml version="1.0" encoding="UTF-8"?><extraction><clueid>99352827</clueid><fullpath><![CDATA[http://www.xiachufang.com/recipe/100016753/]]></fullpath><realpath><![CDATA[http://www.xiachufang.com/recipe/100016753/]]></realpath><theme>food_detail_page</theme><middle>规则_2</middle><createdate>2019-5-14 10:2:17</createdate><pageno>0</pageno><actionno></actionno><actionvalue></actionvalue><prestamp>DSEngine-+--+-0</prestamp><currentstamp>DSEngine-+-ds_browser_top-+-1557799337502</currentstamp><timestamp>1557799337502</timestamp><baseURI><bucketBaseURI><bucketName>page_detail</bucketName><uri><![CDATA[http://www.xiachufang.com/recipe/100016753/]]></uri></bucketBaseURI></baseURI><customInfo><![CDATA[]]></customInfo><dsName>DSEngine</dsName><dsThread>datascraper_top</dsThread><version>80700</version>
<page_detail><item><foodname>
      台湾古法酿冬瓜茶
      </foodname><score>7.3</score><heat>741</heat><author>小羽私厨</author><materials><item><mate>
                  

    冬瓜

                </mate><quantity>
                    900克
                </quantity></item><item><mate>
                  

    红糖

                </mate><quantity>
                    300克
                </quantity></item></materials><steps>
            
            
              将冬瓜的外皮仔细清洗干净，连皮带子切成小丁，放入大碗中，撒上红糖。
              
            
            
            
              拌匀。
              
            
            
            
              腌上两小时左右，冬瓜会自然出水。
              
            
            
            
              将其倒入锅中，大火烧开后转最小火熬制。
              
            
            
            
              熬到东瓜肉全部呈透明状即可。大约需要两至三小时，如果中间水太少，可以适量加入开水。
              
            
            
            
              用漏网或者纱布将熬好的冬瓜茶过滤。
              
            
            
            
              过滤好的冬瓜茶入冰箱冷藏保存。饮用时依照个人口味加白水稀释后再喝。
            
          </steps><tips/><tags>
        饮品
        减肥
        自制糖果
      </tags></item></page_detail></extraction>