<?xml version="1.0" encoding="UTF-8"?><extraction><clueid>99352472</clueid><fullpath><![CDATA[http://www.xiachufang.com/recipe/22266/]]></fullpath><realpath><![CDATA[http://www.xiachufang.com/recipe/22266/]]></realpath><theme>food_detail_page</theme><middle>规则_2</middle><createdate>2019-5-13 23:4:15</createdate><pageno>0</pageno><actionno></actionno><actionvalue></actionvalue><prestamp>DSEngine-+--+-0</prestamp><currentstamp>DSEngine-+-ds_browser_top-+-1557759855749</currentstamp><timestamp>1557759855749</timestamp><baseURI><bucketBaseURI><bucketName>page_detail</bucketName><uri><![CDATA[http://www.xiachufang.com/recipe/22266/]]></uri></bucketBaseURI></baseURI><customInfo><![CDATA[]]></customInfo><dsName>DSEngine</dsName><dsThread>datascraper_top</dsThread><version>80700</version>
<page_detail><item><foodname>
      洋葱炒牛肉
    </foodname><score>7.5</score><heat>2591</heat><author>apple爱自己</author><materials><item><mate>
                  

    牛肉

                </mate><quantity>
                </quantity></item><item><mate>
                  

    洋葱

                </mate><quantity>
                </quantity></item><item><mate>
                  

    老姜

                </mate><quantity>
                </quantity></item><item><mate>
                  

    辣椒酱

                </mate><quantity>
                </quantity></item><item><mate>
                  

    老抽

                </mate><quantity>
                </quantity></item><item><mate>
                  

    料酒

                </mate><quantity>
                </quantity></item><item><mate>
                  

    芝麻油

                </mate><quantity>
                </quantity></item><item><mate>
                  

    淀粉（马铃薯）

                </mate><quantity>
                </quantity></item><item><mate>
                  

    白糖

                </mate><quantity>
                </quantity></item></materials><steps>
            
            
              牛肉洗净沥干水，将牛肉切成小块，加1/3匙淀粉、1/3匙酱油、1/3匙白糖、一匙料酒，拌匀，腌制一会儿。下油锅之前再放半匙色拉油拌匀，为的是锁住牛肉本身的水分
              
            
            
            
              快炒所以要先调好调味料：一匙清水、半匙辣椒酱、半匙酱油、半匙芝麻油、半匙盐、1/3匙白糖
              
            
            
            
              姜剁成末。切洋葱：洋葱逆纹切条，这样炒出来的洋葱口感更脆
              
            
            
            
              锅中加油，加至8成热后，关火，将牛肉和洋葱一起过油，洋葱先过一遍油可以去除洋葱辛辣味
              
            
            
            
              捞出沥油
              
            
            
            
              锅中留少许油，大火爆香姜末
              
            
            
            
              转小火，下洋葱牛肉
              
            
            
            
              倒调味汁，转大火，翻炒至收汁
              
            
            
            
              出锅前加少许料酒即可
              
            
          </steps><tips/><tags>
        家常菜
        快手菜
        多谢款待
        洋葱炒牛肉
        洋葱牛肉
        牛肉洋葱馅饼
        炒洋葱
        洋葱牛肉粒
      </tags></item></page_detail></extraction>