<?xml version="1.0" encoding="UTF-8"?><extraction><clueid>99353384</clueid><fullpath><![CDATA[http://www.xiachufang.com/recipe/101669817/]]></fullpath><realpath><![CDATA[http://www.xiachufang.com/recipe/101669817/]]></realpath><theme>food_detail_page</theme><middle>规则_2</middle><createdate>2019-5-14 15:23:56</createdate><pageno>0</pageno><actionno></actionno><actionvalue></actionvalue><prestamp>DSEngine-+--+-0</prestamp><currentstamp>DSEngine-+-ds_browser_top-+-1557818636118</currentstamp><timestamp>1557818636118</timestamp><baseURI><bucketBaseURI><bucketName>page_detail</bucketName><uri><![CDATA[http://www.xiachufang.com/recipe/101669817/]]></uri></bucketBaseURI></baseURI><customInfo><![CDATA[]]></customInfo><dsName>DSEngine</dsName><dsThread>datascraper_top</dsThread><version>80700</version>
<page_detail><item><foodname>
      清热润肺「银耳雪梨羹」
    </foodname><score/><heat>14</heat><author>DuDu白</author><materials><item><mate>
                  

    银耳

                </mate><quantity>
                    100g
                </quantity></item><item><mate>
                  

    雪梨

                </mate><quantity>
                    200g
                </quantity></item><item><mate>
                  

    枸杞

                </mate><quantity>
                    10g
                </quantity></item><item><mate>
                  

    冰糖

                </mate><quantity>
                    适量（甜度因各人喜好而定）
                </quantity></item><item><mate>
                  

    水

                </mate><quantity>
                    适量
                </quantity></item></materials><steps>
            
            
              银耳温水泡发去蒂，撕成小朵放锅中，倒入足量冷水，烧开后转小火炖40分钟左右，至汤汁稍有粘稠（这个时间要根据银耳的实际情况来定，有的银耳很快就能炖出粘稠的状态，有些品种则要炖很久才会粘稠）。炖银耳的空档，把梨去皮切成块。
            
            
            
              银耳炖到汤汁稍有粘稠，倒入梨块，继续炖15分钟。
            
            
            
              开盖放入枸杞和冰糖，继续加盖炖5分钟即可。成品出炉。
              
            
          </steps><tips>
          1：煮的时间一定要长，这样汤才会呈羹状，粘稠。2：冰糖根据个人口味添加，不放也可以。3：喜欢大枣的，可以加一些大枣。4：银耳的蒂要去干净，虽不影响汤羹的味道，但是会影响吃银耳的口感。
        </tips><tags>
        全部菜单
      </tags></item></page_detail></extraction>