<?xml version="1.0" encoding="UTF-8"?><extraction><clueid>99353518</clueid><fullpath><![CDATA[http://www.xiachufang.com/recipe/103570103/]]></fullpath><realpath><![CDATA[http://www.xiachufang.com/recipe/103570103/]]></realpath><theme>food_detail_page</theme><middle>规则_2</middle><createdate>2019-5-14 15:45:22</createdate><pageno>0</pageno><actionno></actionno><actionvalue></actionvalue><prestamp>DSEngine-+--+-0</prestamp><currentstamp>DSEngine-+-ds_browser_top-+-1557819922177</currentstamp><timestamp>1557819922177</timestamp><baseURI><bucketBaseURI><bucketName>page_detail</bucketName><uri><![CDATA[http://www.xiachufang.com/recipe/103570103/]]></uri></bucketBaseURI></baseURI><customInfo><![CDATA[]]></customInfo><dsName>DSEngine</dsName><dsThread>datascraper_top</dsThread><version>80700</version>
<page_detail><item><foodname>
      清热祛湿茶
    </foodname><score/><heat>0</heat><author>淘一笑</author><materials><item><mate>
                  

    薏米

                </mate><quantity>
                    30克
                </quantity></item><item><mate>
                  

    赤小豆

                </mate><quantity>
                    25克
                </quantity></item><item><mate>
                  

    蒲公英

                </mate><quantity>
                    30克
                </quantity></item><item><mate>
                  

    陈皮

                </mate><quantity>
                    一块
                </quantity></item><item><mate>
                  

    姜片

                </mate><quantity>
                    3片
                </quantity></item><item><mate>
                  

    蜜枣

                </mate><quantity>
                    2个
                </quantity></item></materials><steps>
            
            
              第一：把薏米、赤小豆，陈皮、姜片、蜜枣洗一次下锅煮，烧开30分钟，关火焖，薏米赤小豆比较难出味，先煲再关火焖半小时，方便药效更好出来。
              
            
            
            
              蒲公英洗一下
              
            
            
            
              蒲公英泡水一会
              
            
            
            
              焖好再烧开
              
            
            
            
              加入泡过水的蒲公英
              
            
            
            
              再煲15分钟，可以了……好香呀
              
            
          </steps><tips>
          广东人一直跟湿气斗争，我们在使用薏米时，先把薏米放到锅里干炒，炒熟，放凉了在冰箱冷藏备用，炒熟的薏米祛湿效果更好，而且不寒凉，适合经常食用！
        </tips><tags/></item></page_detail></extraction>