<?xml version="1.0" encoding="UTF-8"?><extraction><clueid>99352799</clueid><fullpath><![CDATA[http://www.xiachufang.com/recipe/100517173/]]></fullpath><realpath><![CDATA[http://www.xiachufang.com/recipe/100517173/]]></realpath><theme>food_detail_page</theme><middle>规则_2</middle><createdate>2019-5-14 2:26:10</createdate><pageno>0</pageno><actionno></actionno><actionvalue></actionvalue><prestamp>DSEngine-+--+-0</prestamp><currentstamp>DSEngine-+-ds_browser_top-+-1557771970131</currentstamp><timestamp>1557771970131</timestamp><baseURI><bucketBaseURI><bucketName>page_detail</bucketName><uri><![CDATA[http://www.xiachufang.com/recipe/100517173/]]></uri></bucketBaseURI></baseURI><customInfo><![CDATA[]]></customInfo><dsName>DSEngine</dsName><dsThread>datascraper_top</dsThread><version>80700</version>
<page_detail><item><foodname>
      减肥必备紫薯饼
    </foodname><score>7.5</score><heat>883</heat><author>居委会张大婶</author><materials><item><mate>
                  

    紫薯

                </mate><quantity>
                </quantity></item><item><mate>
                  

    糯米粉或面粉

                </mate><quantity>
                </quantity></item><item><mate>
                  

    牛奶（减肥可用脱脂牛奶）

                </mate><quantity>
                </quantity></item><item><mate>
                  

    芝麻

                </mate><quantity>
                </quantity></item></materials><steps>
            
            
              紫薯蒸熟后压成紫薯泥，压的越细腻口感越好。然后加入白糖，糖的用量根据自己口味放吧。
              
            
            
            
              加糯米粉，没有糯米粉的加普通面粉低筋面都可以。搅拌匀称后加牛奶，一点一点加。加完之后紫薯泥就变的有黏性。
              
            
            
            
               把紫薯泥揉成面团。我一直都揉不好面，一生的痛啊
              
            
            
            
              把紫薯泥搓成球状，放在芝麻里滚一圈，尽量都能沾到芝麻。
              
            
            
            
              用手依次把它们压成饼，放入烤箱，上下火150度烤15分钟左右。不过每家烤箱脾气不一样，自己掌握吧。没有烤箱的，电饼档或者平底锅，加少量油，小火煎熟。
              
            
          </steps><tips/><tags>
        减肥
        饼
      </tags></item></page_detail></extraction>