<?xml version="1.0" encoding="UTF-8"?><extraction><clueid>99353986</clueid><fullpath><![CDATA[http://www.xiachufang.com/recipe/179397/]]></fullpath><realpath><![CDATA[http://www.xiachufang.com/recipe/179397/]]></realpath><theme>food_detail_page</theme><middle>规则_2</middle><createdate>2019-5-14 21:13:3</createdate><pageno>0</pageno><actionno></actionno><actionvalue></actionvalue><prestamp>DSEngine-+--+-0</prestamp><currentstamp>DSEngine-+-ds_browser_top-+-1557839583445</currentstamp><timestamp>1557839583445</timestamp><baseURI><bucketBaseURI><bucketName>page_detail</bucketName><uri><![CDATA[http://www.xiachufang.com/recipe/179397/]]></uri></bucketBaseURI></baseURI><customInfo><![CDATA[]]></customInfo><dsName>DSEngine</dsName><dsThread>datascraper_top</dsThread><version>80700</version>
<page_detail><item><foodname>
      雪梨银耳炖海底椰
    </foodname><score/><heat>13</heat><author>游向蓝天的鱼</author><materials><item><mate>
                  

    雪梨

                </mate><quantity>
                    2个
                </quantity></item><item><mate>
                  

    海底椰

                </mate><quantity>
                    5个
                </quantity></item><item><mate>
                  

    银耳

                </mate><quantity>
                    适量
                </quantity></item><item><mate>
                  

    红枣

                </mate><quantity>
                    6颗
                </quantity></item><item><mate>
                  

    冰糖

                </mate><quantity>
                    
                </quantity></item></materials><steps>
            
            
              雪梨去皮切块，海底椰切块，银耳和红枣用水浸泡，锅中放适量的水，水开后把除冰糖外的原料都倒如锅里，滚后转文火煲40分钟再加冰糖继续煲15分钟即可
            
          </steps><tips/><tags>
        全部菜单
      </tags></item></page_detail></extraction>