<?xml version="1.0" encoding="UTF-8"?><extraction><clueid>99353955</clueid><fullpath><![CDATA[http://www.xiachufang.com/recipe/260710/]]></fullpath><realpath><![CDATA[http://www.xiachufang.com/recipe/260710/]]></realpath><theme>food_detail_page</theme><middle>规则_2</middle><createdate>2019-5-14 20:53:27</createdate><pageno>0</pageno><actionno></actionno><actionvalue></actionvalue><prestamp>DSEngine-+--+-0</prestamp><currentstamp>DSEngine-+-ds_browser_top-+-1557838407481</currentstamp><timestamp>1557838407481</timestamp><baseURI><bucketBaseURI><bucketName>page_detail</bucketName><uri><![CDATA[http://www.xiachufang.com/recipe/260710/]]></uri></bucketBaseURI></baseURI><customInfo><![CDATA[]]></customInfo><dsName>DSEngine</dsName><dsThread>datascraper_top</dsThread><version>80700</version>
<page_detail><item><foodname>
      番茄菜花
    </foodname><score/><heat>16</heat><author>塞北主妇</author><materials><item><mate>
                  

    菜花

                </mate><quantity>
                </quantity></item><item><mate>
                  

    西红柿

                </mate><quantity>
                </quantity></item><item><mate>
                  

    葱

                </mate><quantity>
                </quantity></item><item><mate>
                  

    盐

                </mate><quantity>
                </quantity></item><item><mate>
                  

    番茄酱

                </mate><quantity>
                </quantity></item><item><mate>
                  

    白糖

                </mate><quantity>
                </quantity></item><item><mate>
                  

    油

                </mate><quantity>
                </quantity></item></materials><steps>
            
            
              菜花撕成小朵，洗净，放入开水锅中焯一下，捞出沥干水分。西红柿洗净，去蒂，切块
            
            
            
              炒锅置火上，放入油，烧至5成热，放入西红柿，翻炒，炒出番茄红素，加入番茄酱，盐、白糖，继续翻炒
            
            
            
              放入焯好的菜花，翻炒均匀即可
            
          </steps><tips/><tags>
        快手菜
        家常菜
        番茄菜花
        番茄炒菜花
        菜花
        西红柿菜花
        菜花鸡蛋
      </tags></item></page_detail></extraction>