<?xml version="1.0" encoding="UTF-8"?><extraction><clueid>99352396</clueid><fullpath><![CDATA[http://www.xiachufang.com/recipe/261654/]]></fullpath><realpath><![CDATA[http://www.xiachufang.com/recipe/261654/]]></realpath><theme>food_detail_page</theme><middle>规则_2</middle><createdate>2019-5-13 22:48:53</createdate><pageno>0</pageno><actionno></actionno><actionvalue></actionvalue><prestamp>DSEngine-+--+-0</prestamp><currentstamp>DSEngine-+-ds_browser_top-+-1557758933680</currentstamp><timestamp>1557758933680</timestamp><baseURI><bucketBaseURI><bucketName>page_detail</bucketName><uri><![CDATA[http://www.xiachufang.com/recipe/261654/]]></uri></bucketBaseURI></baseURI><customInfo><![CDATA[]]></customInfo><dsName>DSEngine</dsName><dsThread>datascraper_top</dsThread><version>80700</version>
<page_detail><item><foodname>
      家常红烧鱼
    </foodname><score>8.1</score><heat>4007</heat><author>然子</author><materials><item><mate>
                  

    六月鲜生抽

                </mate><quantity>
                    
                </quantity></item><item><mate>
                  

    鲑鱼

                </mate><quantity>
                    一条
                </quantity></item><item><mate>
                  

    蒜瓣

                </mate><quantity>
                    一把
                </quantity></item><item><mate>
                  

    葱

                </mate><quantity>
                    三根
                </quantity></item><item><mate>
                  

    姜片

                </mate><quantity>
                    三片
                </quantity></item><item><mate>
                  

    花椒

                </mate><quantity>
                    十几粒
                </quantity></item><item><mate>
                  

    红尖椒

                </mate><quantity>
                    两只
                </quantity></item><item><mate>
                  

    香菜

                </mate><quantity>
                    一棵
                </quantity></item><item><mate>
                  

    糖

                </mate><quantity>
                    
                </quantity></item></materials><steps>
            
            
              鱼是在市场收拾好回来的 洗净晾干表皮水分
            
            
            
              洗净配料待用
            
            
            
              炒锅入油 放入少许盐（这样煎鱼 鱼皮不易破）将鱼两面煎黄 取出
            
            
            
              炒锅入油 放入蒜瓣、葱、姜片、花椒、红尖椒炸香 放入煎好的鱼 喷入一点黄酒倒入六月鲜生抽
            
            
            
              记住哦 最好是生抽 加入半碗热水 少盐 大火煮滚后转小火
            
            
            
              加少糖后至少二十分钟 最后大火收汁装盘 撒入香菜碎
            
          </steps><tips/><tags>
        家常菜
        下饭菜
        红烧
      </tags></item></page_detail></extraction>