<?xml version="1.0" encoding="UTF-8"?><extraction><clueid>99353101</clueid><fullpath><![CDATA[http://www.xiachufang.com/recipe/100394830/]]></fullpath><realpath><![CDATA[http://www.xiachufang.com/recipe/100394830/]]></realpath><theme>food_detail_page</theme><middle>规则_2</middle><createdate>2019-5-14 13:9:3</createdate><pageno>0</pageno><actionno></actionno><actionvalue></actionvalue><prestamp>DSEngine-+--+-0</prestamp><currentstamp>DSEngine-+-ds_browser_top-+-1557810543468</currentstamp><timestamp>1557810543468</timestamp><baseURI><bucketBaseURI><bucketName>page_detail</bucketName><uri><![CDATA[http://www.xiachufang.com/recipe/100394830/]]></uri></bucketBaseURI></baseURI><customInfo><![CDATA[]]></customInfo><dsName>DSEngine</dsName><dsThread>datascraper_top</dsThread><version>80700</version>
<page_detail><item><foodname>
      洋葱炒虾仁
      </foodname><score>7.8</score><heat>151</heat><author>小美的美食</author><materials><item><mate>
                  

    虾仁

                </mate><quantity>
                    
                </quantity></item><item><mate>
                  

    洋葱

                </mate><quantity>
                    半个
                </quantity></item><item><mate>
                  

    姜片

                </mate><quantity>
                    
                </quantity></item><item><mate>
                  

    黑胡椒

                </mate><quantity>
                    
                </quantity></item><item><mate>
                  

    葱

                </mate><quantity>
                    
                </quantity></item><item><mate>
                  

    油

                </mate><quantity>
                    
                </quantity></item><item><mate>
                  

    盐

                </mate><quantity>
                    
                </quantity></item></materials><steps>
            
            
              虾仁解冻去黑线洗净待用。
              
            
            
            
              洋葱切好待用。
              
            
            
            
              虾仁用黑胡椒腌制均匀，姜切片，葱切小段。
            
            
            
              热锅热油放入姜片炒香，下虾仁炒至成熟，留油捞出。
              
            
            
            
              锅中下入洋葱炒至透明，加炒好的虾仁、少许盐调味一同翻炒。
              
            
            
            
              撒上葱花就可以出锅啦！！！
              
            
            
            
              成品图欣赏
              
            
            
            
              成品图欣赏
              
            
            
            
              成品图欣赏
              
            
          </steps><tips>
          关注美食微信号  meishi0123 每天与大家分享不同菜品的做法，或者 QQ:  694755640  空间也可查看。 QQ群：234018580 厨友们我们多多交流，在烹饪上有什么问题我们互相讨论。
        </tips><tags>
        家常菜
        下饭菜
        下酒菜
      </tags></item></page_detail></extraction>