<?xml version="1.0" encoding="UTF-8"?><extraction><clueid>99353767</clueid><fullpath><![CDATA[http://www.xiachufang.com/recipe/1005125/]]></fullpath><realpath><![CDATA[http://www.xiachufang.com/recipe/1005125/]]></realpath><theme>food_detail_page</theme><middle>规则_2</middle><createdate>2019-5-14 17:37:49</createdate><pageno>0</pageno><actionno></actionno><actionvalue></actionvalue><prestamp>DSEngine-+--+-0</prestamp><currentstamp>DSEngine-+-ds_browser_top-+-1557826669744</currentstamp><timestamp>1557826669744</timestamp><baseURI><bucketBaseURI><bucketName>page_detail</bucketName><uri><![CDATA[http://www.xiachufang.com/recipe/1005125/]]></uri></bucketBaseURI></baseURI><customInfo><![CDATA[]]></customInfo><dsName>DSEngine</dsName><dsThread>datascraper_top</dsThread><version>80700</version>
<page_detail><item><foodname>
      金秋补水汤
    </foodname><score/><heat>42</heat><author>tony小屋</author><materials><item><mate>
                  

    野三珍菌

                </mate><quantity>
                </quantity></item><item><mate>
                  

    青菜

                </mate><quantity>
                </quantity></item><item><mate>
                  

    玉米

                </mate><quantity>
                </quantity></item><item><mate>
                  

    排骨

                </mate><quantity>
                </quantity></item><item><mate>
                  

    鱼圆

                </mate><quantity>
                </quantity></item><item><mate>
                  

    盐

                </mate><quantity>
                </quantity></item><item><mate>
                  

    鸡精

                </mate><quantity>
                </quantity></item><item><mate>
                  

    料酒

                </mate><quantity>
                </quantity></item></materials><steps>
            
            
              先把玉米切断
              
            
            
            
              处理排骨。把水烧开放入排骨烧2分钟，然后把水倒掉把排骨冲洗干净。这样一来可以去除排骨里的杂物，二来焯过水的排骨冷水一击后再烧肉质更紧实，口感会更好
              
            
            
            
              把排骨放入砂锅中加清水和料酒烧开后中火烧20分钟左右
              
            
            
            
              加入切好的玉米块，中火烧10分钟
              
            
            
            
              加入泡好的野三珍菌。我后来居然放的是香菇，哈哈，那也没有关系，一样好吃的啊。大火烧两分钟
              
            
            
            
              加入鱼圆
              
            
            
            
              接着马上放青菜，看看很多，一烧就会变少的
              
            
            
            
              最后加入盐和鸡精，美味的汤水就做好了。这碗汤里每个人都能找到自己喜欢吃的菜，而且这个汤水有了排骨，味道更是变的鲜美无比。里面的蔬菜有了排骨的滋润吃起来更加美味
              
            
          </steps><tips/><tags>
        全部菜单
      </tags></item></page_detail></extraction>