<?xml version="1.0" encoding="UTF-8"?><extraction><clueid>99353007</clueid><fullpath><![CDATA[http://www.xiachufang.com/recipe/1087268/]]></fullpath><realpath><![CDATA[http://www.xiachufang.com/recipe/1087268/]]></realpath><theme>food_detail_page</theme><middle>规则_2</middle><createdate>2019-5-14 12:6:7</createdate><pageno>0</pageno><actionno></actionno><actionvalue></actionvalue><prestamp>DSEngine-+--+-0</prestamp><currentstamp>DSEngine-+-ds_browser_top-+-1557806767650</currentstamp><timestamp>1557806767650</timestamp><baseURI><bucketBaseURI><bucketName>page_detail</bucketName><uri><![CDATA[http://www.xiachufang.com/recipe/1087268/]]></uri></bucketBaseURI></baseURI><customInfo><![CDATA[]]></customInfo><dsName>DSEngine</dsName><dsThread>datascraper_top</dsThread><version>80700</version>
<page_detail><item><foodname>
      金枪鱼拌茼蒿
      </foodname><score>8.3</score><heat>248</heat><author>Pan小月</author><materials><item><mate>
                  

    茼蒿

                </mate><quantity>
                    一大把
                </quantity></item><item><mate>
                  

    金枪鱼罐头

                </mate><quantity>
                    2大勺
                </quantity></item><item><mate>
                  

    生抽

                </mate><quantity>
                    1大勺
                </quantity></item><item><mate>
                  

    米醋

                </mate><quantity>
                    1/2大勺
                </quantity></item><item><mate>
                  

    白芝麻

                </mate><quantity>
                    适量
                </quantity></item></materials><steps>
            
            
              烧开一锅水（水中放一点点盐、一点点油，烫出来的绿叶蔬菜会格外翠绿），茼蒿的杆子部分先放进去烫一下，然后把全部茼蒿都按到水里，烫1-2分钟。
            
            
            
              捞出控一下水。不喜欢湿漉漉的，也可以拧干一下，小心烫。
            
            
            
              放到搅拌盆里，和金枪鱼肉、生抽、米醋一起拌匀就好了。最后撒点儿白芝麻。
            
          </steps><tips/><tags>
        快手菜
        减肥
        宿舍
      </tags></item></page_detail></extraction>