<?xml version="1.0" encoding="UTF-8"?><extraction><clueid>99353577</clueid><fullpath><![CDATA[http://www.xiachufang.com/recipe/103698601/]]></fullpath><realpath><![CDATA[http://www.xiachufang.com/recipe/103698601/]]></realpath><theme>food_detail_page</theme><middle>规则_2</middle><createdate>2019-5-14 15:55:0</createdate><pageno>0</pageno><actionno></actionno><actionvalue></actionvalue><prestamp>DSEngine-+--+-0</prestamp><currentstamp>DSEngine-+-ds_browser_top-+-1557820500322</currentstamp><timestamp>1557820500322</timestamp><baseURI><bucketBaseURI><bucketName>page_detail</bucketName><uri><![CDATA[http://www.xiachufang.com/recipe/103698601/]]></uri></bucketBaseURI></baseURI><customInfo><![CDATA[]]></customInfo><dsName>DSEngine</dsName><dsThread>datascraper_top</dsThread><version>80700</version>
<page_detail><item><foodname>
      清热润肺止咳猪骨汤
    </foodname><score/><heat>2</heat><author>缘9826</author><materials><item><mate>
                  

    骨头

                </mate><quantity>
                    300克
                </quantity></item><item><mate>
                  

    鳄鱼肉干

                </mate><quantity>
                    半片
                </quantity></item><item><mate>
                  

    红枣

                </mate><quantity>
                    5颗
                </quantity></item><item><mate>
                  

    南杏

                </mate><quantity>
                    10克
                </quantity></item><item><mate>
                  

    北杏

                </mate><quantity>
                    10克
                </quantity></item><item><mate>
                  

    川贝

                </mate><quantity>
                    10克
                </quantity></item><item><mate>
                  

    生姜

                </mate><quantity>
                    一块
                </quantity></item></materials><steps>
            
            
              准备好材料（骨头忘加进来拍照了），红枣去核。生姜切片，川贝打粉或压碎（怕苦的话也可整粒）。
              
            
            
            
              鳄鱼肉干捏成块或条状加姜片提前浸泡一小时（去腥）。
              
            
            
            
              浸泡好的鳄鱼肉干再放入烧开水的锅里灼一下水捞起沥干。
              
            
            
            
              骨头斩块洗净。
              
            
            
            
              锅内烧开水，放进骨头煮几分钟后捞起。
              
            
            
            
              用干净的清水再冲洗一下浮末沥干。
              
            
            
            
              将所有材料放入瓦煲内加入适量的清水，大火煲开后中小火煲1.5小时，或用炖盅炖3小时。（而我是为了节约时间，直接用高压锅压了半小时就已很出味了）。
              
            
            
            
              最后加盐调味，装碗喝汤吃肉。（此汤适合风热感冒后的润肺化痰止咳）
              
            
          </steps><tips/><tags/></item></page_detail></extraction>