<?xml version="1.0" encoding="UTF-8"?><extraction><clueid>99352633</clueid><fullpath><![CDATA[http://www.xiachufang.com/recipe/102211825/]]></fullpath><realpath><![CDATA[http://www.xiachufang.com/recipe/102211825/]]></realpath><theme>food_detail_page</theme><middle>规则_2</middle><createdate>2019-5-13 23:45:54</createdate><pageno>0</pageno><actionno></actionno><actionvalue></actionvalue><prestamp>DSEngine-+--+-0</prestamp><currentstamp>DSEngine-+-ds_browser_top-+-1557762354436</currentstamp><timestamp>1557762354436</timestamp><baseURI><bucketBaseURI><bucketName>page_detail</bucketName><uri><![CDATA[http://www.xiachufang.com/recipe/102211825/]]></uri></bucketBaseURI></baseURI><customInfo><![CDATA[]]></customInfo><dsName>DSEngine</dsName><dsThread>datascraper_top</dsThread><version>80700</version>
<page_detail><item><foodname>
      灯笼茄子
      </foodname><score>7.9</score><heat>978</heat><author>小小妹妈妈</author><materials><item><mate>
                  

    猪肉末

                </mate><quantity>
                    500克
                </quantity></item><item><mate>
                  

    十三香

                </mate><quantity>
                    适量
                </quantity></item><item><mate>
                  

    生抽

                </mate><quantity>
                    少许
                </quantity></item><item><mate>
                  

    盐

                </mate><quantity>
                    少许
                </quantity></item><item><mate>
                  

    茄子

                </mate><quantity>
                    2个
                </quantity></item><item><mate>
                  

    淀粉

                </mate><quantity>
                    适量
                </quantity></item><item><mate>
                  

    郫县豆瓣酱

                </mate><quantity>
                    适量
                </quantity></item><item><mate>
                  

    白醋

                </mate><quantity>
                    少许
                </quantity></item><item><mate>
                  

    白糖

                </mate><quantity>
                    少许
                </quantity></item><item><mate>
                  

    鸡精

                </mate><quantity>
                    少许
                </quantity></item><item><mate>
                  

    青红椒

                </mate><quantity>
                    少许
                </quantity></item></materials><steps>
            
            
              肉末里➕入十三香，盐，生抽，腌制20分钟
              
            
            
            
              茄子对半切开
              
            
            
            
              切7小刀，不能切断
              
            
            
            
              如图所示
              
            
            
            
              如图切一下，7小刀不能切断，
              
            
            
            
              如图，将茄子缝填满
              
            
            
            
              中火油炸至酥脆
              
            
            
            
              出锅控油
              
            
            
            
              锅内放少许油，加入葱姜爆香，加入郫县豆瓣酱➕白醋➕白糖➕鸡精，不要放盐，加一碗水
              
            
            
            
              收汁出锅摆盘
              
            
            
            
              味道超级鲜美可口
              
            
            
            
              出锅就可以享用了
              
            
          </steps><tips/><tags>
        下饭菜
        家常菜
        快手菜
        灯笼茄子
        茄子
        海南黄灯笼辣椒酱
        黄灯笼辣椒酱
        椒盐茄子
      </tags></item></page_detail></extraction>