<?xml version="1.0" encoding="UTF-8"?><extraction><clueid>99353229</clueid><fullpath><![CDATA[http://www.xiachufang.com/recipe/100099570/]]></fullpath><realpath><![CDATA[http://www.xiachufang.com/recipe/100099570/]]></realpath><theme>food_detail_page</theme><middle>规则_2</middle><createdate>2019-5-14 14:55:36</createdate><pageno>0</pageno><actionno></actionno><actionvalue></actionvalue><prestamp>DSEngine-+--+-0</prestamp><currentstamp>DSEngine-+-ds_browser_top-+-1557816936626</currentstamp><timestamp>1557816936626</timestamp><baseURI><bucketBaseURI><bucketName>page_detail</bucketName><uri><![CDATA[http://www.xiachufang.com/recipe/100099570/]]></uri></bucketBaseURI></baseURI><customInfo><![CDATA[]]></customInfo><dsName>DSEngine</dsName><dsThread>datascraper_top</dsThread><version>80700</version>
<page_detail><item><foodname>
      红枣炖花胶
      </foodname><score/><heat>22</heat><author>小羽私厨</author><materials><item><mate>
                  

    花胶

                </mate><quantity>
                    2朵
                </quantity></item><item><mate>
                  

    红枣

                </mate><quantity>
                    4个
                </quantity></item><item><mate>
                  

    枸杞

                </mate><quantity>
                    10粒
                </quantity></item><item><mate>
                  

    冰糖

                </mate><quantity>
                    适量
                </quantity></item></materials><steps>
            
            
              1、先将花胶放入冷水中浸泡10-20分钟，泡软后洗净撕成小块。红枣洗净切成两半，这样有助于吸收。（我的花胶是油炒过的，所以泡的时间很短，如果你的是干花胶，需要用温水发6-8小时。）
            
            
            
              2、将花胶、红枣、枸杞、冰糖放入炖盅，倒入开水，然后将炖盅放入电炖煲中隔水炖1小时左右即可。
            
            
            
              3、如果没有炖盅，可以直接用炖锅炖，水开后小火炖半小时左右即可。
            
          </steps><tips/><tags>
        全部菜单
      </tags></item></page_detail></extraction>