<?xml version="1.0" encoding="UTF-8"?><extraction><clueid>99353035</clueid><fullpath><![CDATA[http://www.xiachufang.com/recipe/103791453/]]></fullpath><realpath><![CDATA[http://www.xiachufang.com/recipe/103791453/]]></realpath><theme>food_detail_page</theme><middle>规则_2</middle><createdate>2019-5-14 12:16:19</createdate><pageno>0</pageno><actionno></actionno><actionvalue></actionvalue><prestamp>DSEngine-+--+-0</prestamp><currentstamp>DSEngine-+-ds_browser_top-+-1557807379923</currentstamp><timestamp>1557807379923</timestamp><baseURI><bucketBaseURI><bucketName>page_detail</bucketName><uri><![CDATA[http://www.xiachufang.com/recipe/103791453/]]></uri></bucketBaseURI></baseURI><customInfo><![CDATA[]]></customInfo><dsName>DSEngine</dsName><dsThread>datascraper_top</dsThread><version>80700</version>
<page_detail><item><foodname>
      干贝丝瓜竹荪汤
    </foodname><score/><heat>0</heat><author>佳洋囡囡</author><materials><item><mate>
                  

    竹荪

                </mate><quantity>
                    10个
                </quantity></item><item><mate>
                  

    干贝

                </mate><quantity>
                    20粒
                </quantity></item><item><mate>
                  

    丝瓜

                </mate><quantity>
                    1根
                </quantity></item><item><mate>
                  

    玉米

                </mate><quantity>
                    2根
                </quantity></item></materials><steps>
            
            
              干贝提前泡发好，玉米一根切4段，竹荪用淡盐水泡发30分钟左右，放进锅里煲汤
              
            
            
            
              丝瓜去皮切断，等汤基本熬半小时左右再放进去
              
            
            
            
              熬半小时放丝瓜在煮10分钟，关火
              
            
          </steps><tips/><tags>
        清淡
      </tags></item></page_detail></extraction>