<?xml version="1.0" encoding="UTF-8"?><extraction><clueid>99353887</clueid><fullpath><![CDATA[http://www.xiachufang.com/recipe/248123/]]></fullpath><realpath><![CDATA[http://www.xiachufang.com/recipe/248123/]]></realpath><theme>food_detail_page</theme><middle>规则_2</middle><createdate>2019-5-14 19:53:6</createdate><pageno>0</pageno><actionno></actionno><actionvalue></actionvalue><prestamp>DSEngine-+--+-0</prestamp><currentstamp>DSEngine-+-ds_browser_top-+-1557834786724</currentstamp><timestamp>1557834786724</timestamp><baseURI><bucketBaseURI><bucketName>page_detail</bucketName><uri><![CDATA[http://www.xiachufang.com/recipe/248123/]]></uri></bucketBaseURI></baseURI><customInfo><![CDATA[]]></customInfo><dsName>DSEngine</dsName><dsThread>datascraper_top</dsThread><version>80700</version>
<page_detail><item><foodname>
      杏仁露
    </foodname><score/><heat>9</heat><author>慧心荷韵</author><materials><item><mate>
                  

    甜杏仁

                </mate><quantity>
                    50克
                </quantity></item><item><mate>
                  

    川贝粉

                </mate><quantity>
                    2克
                </quantity></item><item><mate>
                  

    糯米

                </mate><quantity>
                    50克
                </quantity></item><item><mate>
                  

    凉白开

                </mate><quantity>
                    150克
                </quantity></item></materials><steps>
            
            
              甜杏仁和糯米放在碗中，加入适量凉白开，放冰箱冷藏浸泡一夜
              
            
            
            
              浸泡好的甜杏仁和糯米放在料理机的磨浆杯内，并加入150克凉白开
              
            
            
            
              磨浆杯安装在主机上，通电启动开始按钮，把研磨杯内的食材磨制成浆
              
            
            
            
              磨制好的浆通过漏勺过滤到锅内
              
            
            
            
              撒入2克川贝粉
              
            
            
            
              开火熬煮，煮到锅里的浆汁烧开，继续熬煮约10分钟关火
              
            
          </steps><tips>
          1.杏仁的选择要用甜杏仁，一般超市有售。
2.糯米和杏仁的比例为糯米：杏仁==1：1。
3.这样煮好的杏仁露是无味的，如果想要甜味，建议加入冰糖，不要加白糖，冰糖是祛痰的，白糖是生痰的。
        </tips><tags>
        饮品
        杏仁露
        花生杏仁露
      </tags></item></page_detail></extraction>