<?xml version="1.0" encoding="UTF-8"?><extraction><clueid>99352426</clueid><fullpath><![CDATA[http://www.xiachufang.com/recipe/1002483/]]></fullpath><realpath><![CDATA[http://www.xiachufang.com/recipe/1002483/]]></realpath><theme>food_detail_page</theme><middle>规则_2</middle><createdate>2019-5-13 22:54:21</createdate><pageno>0</pageno><actionno></actionno><actionvalue></actionvalue><prestamp>DSEngine-+--+-0</prestamp><currentstamp>DSEngine-+-ds_browser_top-+-1557759261367</currentstamp><timestamp>1557759261367</timestamp><baseURI><bucketBaseURI><bucketName>page_detail</bucketName><uri><![CDATA[http://www.xiachufang.com/recipe/1002483/]]></uri></bucketBaseURI></baseURI><customInfo><![CDATA[]]></customInfo><dsName>DSEngine</dsName><dsThread>datascraper_top</dsThread><version>80700</version>
<page_detail><item><foodname>
      鱼香茄子
    </foodname><score>7.5</score><heat>2423</heat><author>潘潘猫</author><materials><item><mate>
                  

    茄子

                </mate><quantity>
                    一个
                </quantity></item><item><mate>
                  

    青椒

                </mate><quantity>
                    一个
                </quantity></item><item><mate>
                  

    蒜末

                </mate><quantity>
                    
                </quantity></item><item><mate>
                  

    葱末

                </mate><quantity>
                    
                </quantity></item><item><mate>
                  

    姜末

                </mate><quantity>
                    
                </quantity></item><item><mate>
                  

    郫县辣酱

                </mate><quantity>
                    一勺
                </quantity></item><item><mate>
                  

    料酒

                </mate><quantity>
                    一勺
                </quantity></item><item><mate>
                  

    醋

                </mate><quantity>
                    1勺
                </quantity></item><item><mate>
                  

    酱油

                </mate><quantity>
                    1/2勺
                </quantity></item><item><mate>
                  

    糖

                </mate><quantity>
                    1/2勺
                </quantity></item><item><mate>
                  

    淀粉

                </mate><quantity>
                    1/2勺
                </quantity></item></materials><steps>
            
            
              将葱姜切末，分成两半，一半炝锅用，一半待会儿放到鱼香酱汁中
              
            
            
            
              将鱼香酱汁调料的原料都放到小碗里调好，备用
              
            
            
            
              拍几瓣蒜，切成末
              
            
            
            
              青椒切块
              
            
            
            
              起锅，锅不热的时候倒入适量的油。油温五成热的时候放入郫县辣酱，低温炒出红油。油温一定不要高不然会把郫县辣酱炒糊
              
            
            
            
              待郫县辣酱炒出红油后放入姜末和葱末炝锅，炒出香味后放入处理好的茄子
              
            
            
            
              翻炒三至四分钟后放入青椒
              
            
            
            
              放入青椒后便倒入事先调好的鱼香酱汁调料翻炒片刻
              
            
            
            
              临出锅前放入蒜末
              
            
          </steps><tips>
          烧茄子省油小窍门：
1.茄子洗干净。
2.削掉外皮。
3.把茄子切成自己想要的形状。
4.在茄子上撒上一勺盐。
5.把盐和茄子丁搅拌均匀。
6.等上半个小时左右,茄子会渗出很多的水。
7.用手将渗出的水份挤出。
8.一个新鲜的茄子能挤出半碗水。
9.挤过水的茄子明显蔫了不少。
        </tips><tags>
        家常菜
        下饭菜
        老人
        素菜
        鱼香
        鱼香茄子
        鱼香茄子煲
      </tags></item></page_detail></extraction>