<?xml version="1.0" encoding="UTF-8"?><extraction><clueid>99353707</clueid><fullpath><![CDATA[http://www.xiachufang.com/recipe/99828/]]></fullpath><realpath><![CDATA[http://www.xiachufang.com/recipe/99828/]]></realpath><theme>food_detail_page</theme><middle>规则_2</middle><createdate>2019-5-14 16:15:38</createdate><pageno>0</pageno><actionno></actionno><actionvalue></actionvalue><prestamp>DSEngine-+--+-0</prestamp><currentstamp>DSEngine-+-ds_browser_top-+-1557821738426</currentstamp><timestamp>1557821738426</timestamp><baseURI><bucketBaseURI><bucketName>page_detail</bucketName><uri><![CDATA[http://www.xiachufang.com/recipe/99828/]]></uri></bucketBaseURI></baseURI><customInfo><![CDATA[]]></customInfo><dsName>DSEngine</dsName><dsThread>datascraper_top</dsThread><version>80700</version>
<page_detail><item><foodname>
      木瓜杏仁冻
    </foodname><score>8.7</score><heat>362</heat><author>紫色透明</author><materials><item><mate>
                  

    杏仁露

                </mate><quantity>
                    1罐
                </quantity></item><item><mate>
                  

    小号木瓜

                </mate><quantity>
                    1个
                </quantity></item><item><mate>
                  

    吉利丁片

                </mate><quantity>
                    2片
                </quantity></item></materials><steps>
            
            
              小号木瓜1个洗净备用，吉利丁片放入冰水中泡软
              
            
            
            
              木瓜沿着颈部切掉
              
            
            
            
              用细长的小勺掏出木瓜籽
              
            
            
            
              杏仁露放入小锅中，中火加热，边缘微微冒泡离火。加入泡软的吉利丁片，迅速搅拌至融化
              
            
            
            
              煮好的杏仁露稍事冷却至常温，倒入木瓜中
              
            
            
            
              盖上切下来的木瓜盖子，入冰箱冷藏一晚。拿出来切块即可
              
            
          </steps><tips>
          1.木瓜可以放在一个小碗中，这样就不会倒了。
2.如果木瓜买的较大，可以增加杏仁露的用量。
        </tips><tags>
        甜品
        小清新
        零食
        布丁
        野餐
        外貌协会
        冰箱
      </tags></item></page_detail></extraction>