<?xml version="1.0" encoding="UTF-8"?><extraction><clueid>99352759</clueid><fullpath><![CDATA[http://www.xiachufang.com/recipe/89450/]]></fullpath><realpath><![CDATA[http://www.xiachufang.com/recipe/89450/]]></realpath><theme>food_detail_page</theme><middle>规则_2</middle><createdate>2019-5-14 1:1:6</createdate><pageno>0</pageno><actionno></actionno><actionvalue></actionvalue><prestamp>DSEngine-+--+-0</prestamp><currentstamp>DSEngine-+-ds_browser_top-+-1557766866481</currentstamp><timestamp>1557766866481</timestamp><baseURI><bucketBaseURI><bucketName>page_detail</bucketName><uri><![CDATA[http://www.xiachufang.com/recipe/89450/]]></uri></bucketBaseURI></baseURI><customInfo><![CDATA[]]></customInfo><dsName>DSEngine</dsName><dsThread>datascraper_top</dsThread><version>80700</version>
<page_detail><item><foodname>
      凉拌黄瓜
    </foodname><score>7.8</score><heat>2318</heat><author>子瑜妈妈</author><materials><item><mate>
                  

    黄瓜

                </mate><quantity>
                </quantity></item><item><mate>
                  

    蒜泥

                </mate><quantity>
                </quantity></item><item><mate>
                  

    生抽

                </mate><quantity>
                </quantity></item><item><mate>
                  

    醋

                </mate><quantity>
                </quantity></item><item><mate>
                  

    糖

                </mate><quantity>
                </quantity></item><item><mate>
                  

    芝麻油

                </mate><quantity>
                </quantity></item></materials><steps>
            
            
              将黄瓜反复洗涤干净,我这里用淘米水浸泡了15分钟
            
            
            
              将黄瓜拍碎
            
            
            
              准备调味汁.我这里用的是蒜泥\生抽\醋少许,糖一点点,芝麻油略多点
            
            
            
              将调味汁倒到黄瓜上
            
          </steps><tips>
          1、生吃的黄瓜最好选择有机黄瓜,彻底洗干净,带皮一起吃,营养相当丰富.
2、买不到有机的也没关系,菜场里的普通黄瓜也可以的.挑选黄瓜不要选择带花朵的那种,不要选择体型粗细不均匀的.新鲜的黄瓜碧绿爽脆有一定硬度,如果掂起来软软的话,就不新鲜了.黄瓜表面的刺不是越多越好,但是本来有刺,而这些刺都奄掉了的.那肯定是不新鲜的.
3、调味汁可以按自己的喜好变换不同口味道.
4、生食的食物,在切割的时候,请将案板和刀具充分洗涤干净
        </tips><tags>
        素菜
        减肥
        宿舍
        凉拌黄瓜
        黄瓜凉拌
        凉拌黄瓜木耳
        凉拌黄瓜鸡丝
        凉拌黄瓜金针菇
      </tags></item></page_detail></extraction>