<?xml version="1.0" encoding="UTF-8"?><extraction><clueid>99352602</clueid><fullpath><![CDATA[http://www.xiachufang.com/recipe/100253286/]]></fullpath><realpath><![CDATA[http://www.xiachufang.com/recipe/100253286/]]></realpath><theme>food_detail_page</theme><middle>规则_2</middle><createdate>2019-5-13 23:40:14</createdate><pageno>0</pageno><actionno></actionno><actionvalue></actionvalue><prestamp>DSEngine-+--+-0</prestamp><currentstamp>DSEngine-+-ds_browser_top-+-1557762014690</currentstamp><timestamp>1557762014690</timestamp><baseURI><bucketBaseURI><bucketName>page_detail</bucketName><uri><![CDATA[http://www.xiachufang.com/recipe/100253286/]]></uri></bucketBaseURI></baseURI><customInfo><![CDATA[]]></customInfo><dsName>DSEngine</dsName><dsThread>datascraper_top</dsThread><version>80700</version>
<page_detail><item><foodname>
      香肠土豆焖饭【一人也要吃好版】
    </foodname><score>8.2</score><heat>1737</heat><author>苏墨暖期待第二人生</author><materials><item><mate>
                  

    土豆

                </mate><quantity>
                    1个
                </quantity></item><item><mate>
                  

    香肠

                </mate><quantity>
                    1根
                </quantity></item><item><mate>
                  

    杏鲍菇

                </mate><quantity>
                    2个
                </quantity></item><item><mate>
                  

    你喜欢的任何酱

                </mate><quantity>
                    适量
                </quantity></item></materials><steps>
            
            
              准备好所有材料，将土豆切丁，杏鲍菇、香肠切片
              
            
            
            
              放些许油，土豆下过翻炒一小下下，略有变色就可以了~
              
            
            
            
              将杏鲍菇以及你喜欢的蔬菜等也入锅翻炒一下
              
            
            
            
              将你爱的酱挖几勺放入，我用的是老干妈，老干妈的口味大家懂得，每个味道都十分好吃- - 再将淘干净的米放入锅中，拌一下。是的，你没有看错，生米放进料里拌一下=。=
              
            
            
            
              将拌好的生米和料倒入电饭锅，加适量水，比料略高一些就好。煮饭档，坐等就OK了！灰常重要的一点，这里加水一定要加热水！！
              
            
            
            
              电饭锅跳到保温档，再焖会儿，将水分蒸发掉一些就可以开动喽！
              
            
          </steps><tips>
          1、关于米的话，我觉得最好不要选类似糯米这种比较粘的米，因为焖饭的话还是粒粒分开比较好吃。2、最后煮饭的时候千万要放热水，因为我有一次焖饭的时候不造在想什么，鬼使神差直接倒了凉水进去煮，最后我得到了一锅土豆泥- - 3、我觉得酱的味道其实已经蛮重的了，口味清淡的人就不需要再放其他调料，盐啊什么的，口味重的人可以再放点酱或者盐之类的调味~4、关于用料，因为我是杏鲍菇爱好者，所以我很喜欢放杏鲍菇，不爱吃的人可以不放，然后可以换成你喜欢的任何蔬菜和肉类，其他用料也是一样。土豆建议还是不要换了，毕竟人家焖饭名字叫【土豆焖饭】= =5、一个人的时光有时候的确是孤单无助的，但在那个对的人来之前，更要照顾好自己，每一餐都不能将就。好好爱自己才能更好地爱别人。   愿这一碗焖饭，能温暖很多个正在疲于奔波生活中的你我他。
        </tips><tags>
        快手菜
        焖饭
        焖
        饭
        香肠土豆焖饭
        香肠焖饭
        土豆焖饭
        电饭煲香肠焖饭
        土豆豆角焖饭
      </tags></item></page_detail></extraction>