<?xml version="1.0" encoding="UTF-8"?><extraction><clueid>99353566</clueid><fullpath><![CDATA[http://www.xiachufang.com/recipe/100522209/]]></fullpath><realpath><![CDATA[http://www.xiachufang.com/recipe/100522209/]]></realpath><theme>food_detail_page</theme><middle>规则_2</middle><createdate>2019-5-14 15:52:5</createdate><pageno>0</pageno><actionno></actionno><actionvalue></actionvalue><prestamp>DSEngine-+--+-0</prestamp><currentstamp>DSEngine-+-ds_browser_top-+-1557820325142</currentstamp><timestamp>1557820325142</timestamp><baseURI><bucketBaseURI><bucketName>page_detail</bucketName><uri><![CDATA[http://www.xiachufang.com/recipe/100522209/]]></uri></bucketBaseURI></baseURI><customInfo><![CDATA[]]></customInfo><dsName>DSEngine</dsName><dsThread>datascraper_top</dsThread><version>80700</version>
<page_detail><item><foodname>
      百合小米绿豆粥，夏日清热去火、增进食欲的养生粥
    </foodname><score/><heat>2</heat><author>Amy小北京</author><materials><item><mate>
                  

    百合片（兰州大牙）

                </mate><quantity>
                </quantity></item><item><mate>
                  

    农家土绿豆

                </mate><quantity>
                </quantity></item><item><mate>
                  

    陕北有机小米

                </mate><quantity>
                </quantity></item><item><mate>
                  

    冰糖

                </mate><quantity>
                </quantity></item></materials><steps>
            
            
              百合片必须要提前浸泡。建议煮粥的前一天晚上浸泡起来。不熏硫的百合片是暗黄色的，浸泡后变得洁白，但是仍然会有暗暗的氧化边角。熏硫的百合洁白如玉，但对健康有害，不能够食用。
              
            
            
            
              将浸泡好的百合与小米、绿豆同煮，最简单的方法是放入电饭煲，设定时间40分钟。我喜欢的比例是绿豆：小米：百合片=3:3:1，然后这些总量加入8-10倍的水。当然，这些都根据个人口味决定。时间设定为40分钟。
              
            
            
            
              出锅放入冰糖，晾凉比热着好吃哦。
              
            
          </steps><tips>
          百合具有较高的营养保健价值。“兰州百合”含糖量高，粗纤维少，肉质细腻，还含有其它有益成分。农业部食品质量监督测试中心第990231号分析报告指出，兰州百合的总糖含量为13%，钙质mg/kg达到了89.50，粗纤维占比0.67%，锌mg/kg为7.85；粗脂肪占0.21%，铁含量mg/kg为64.10，蛋白质占比3.36%，维生素B2为mg/kg为0.44%；其他营养还有类胡罗卜素，维生素C等。根据甘肃省科学院生物所的分析：兰州百合的蛋白质含量是其它根茎蔬菜的2—5倍，并含有人体所需要的八种氨基酸（其中色氨酸未测）。还含有多种维生素，其中维生素B2（核黄素）含量大0.44mg/g，为一般蔬菜含量的10倍，与蛋类、豆类、动物肝脏中的含量相近。此外，还含有较丰富的锌元素，可调节机理平衡。我国自古以来有“药食同源”的说法，提出了“五谷为养、五果为助、五畜为益、五菜为充”气味合而极之，以补益精气的膳食营养原则。百合不仅是营养价值很高的蔬菜，也是一种有很高药用价值的中药。古代医药家张仲景在金匮要略的《百合病篇》中记述了百合的药用价值：清热解毒、润肺等。
        </tips><tags>
        粥
      </tags></item></page_detail></extraction>