<?xml version="1.0" encoding="UTF-8"?><extraction><clueid>99353542</clueid><fullpath><![CDATA[http://www.xiachufang.com/recipe/101807628/]]></fullpath><realpath><![CDATA[http://www.xiachufang.com/recipe/101807628/]]></realpath><theme>food_detail_page</theme><middle>规则_2</middle><createdate>2019-5-14 15:48:50</createdate><pageno>0</pageno><actionno></actionno><actionvalue></actionvalue><prestamp>DSEngine-+--+-0</prestamp><currentstamp>DSEngine-+-ds_browser_top-+-1557820130983</currentstamp><timestamp>1557820130983</timestamp><baseURI><bucketBaseURI><bucketName>page_detail</bucketName><uri><![CDATA[http://www.xiachufang.com/recipe/101807628/]]></uri></bucketBaseURI></baseURI><customInfo><![CDATA[]]></customInfo><dsName>DSEngine</dsName><dsThread>datascraper_top</dsThread><version>80700</version>
<page_detail><item><foodname>
      茉莉菊花茶（清热降火）
    </foodname><score/><heat>0</heat><author>加木木田</author><materials><item><mate>
                  

    贡菊

                </mate><quantity>
                    
                </quantity></item><item><mate>
                  

    茉莉花

                </mate><quantity>
                    
                </quantity></item><item><mate>
                  

    枸杞

                </mate><quantity>
                    
                </quantity></item><item><mate>
                  

    冰糖

                </mate><quantity>
                    根据自己的口味
                </quantity></item></materials><steps>
            
            
              开水泡花茶即可，悠闲的午后喝茶看书～
              
            
          </steps><tips/><tags/></item></page_detail></extraction>