<?xml version="1.0" encoding="UTF-8"?><extraction><clueid>99353237</clueid><fullpath><![CDATA[http://www.xiachufang.com/recipe/102210406/]]></fullpath><realpath><![CDATA[http://www.xiachufang.com/recipe/102210406/]]></realpath><theme>food_detail_page</theme><middle>规则_2</middle><createdate>2019-5-14 14:57:45</createdate><pageno>0</pageno><actionno></actionno><actionvalue></actionvalue><prestamp>DSEngine-+--+-0</prestamp><currentstamp>DSEngine-+-ds_browser_top-+-1557817065759</currentstamp><timestamp>1557817065759</timestamp><baseURI><bucketBaseURI><bucketName>page_detail</bucketName><uri><![CDATA[http://www.xiachufang.com/recipe/102210406/]]></uri></bucketBaseURI></baseURI><customInfo><![CDATA[]]></customInfo><dsName>DSEngine</dsName><dsThread>datascraper_top</dsThread><version>80700</version>
<page_detail><item><foodname>
      鱼胶红枣炖鸡（养颜胶原蛋白）
      </foodname><score>7.5</score><heat>17</heat><author>斯里兰卡加勒洪洪</author><materials><item><mate>
                  

    枣

                </mate><quantity>
                    3颗
                </quantity></item><item><mate>
                  

    鸡

                </mate><quantity>
                    适量
                </quantity></item><item><mate>
                  

    黄花鱼胶

                </mate><quantity>
                    2头
                </quantity></item><item><mate>
                  

    姜

                </mate><quantity>
                    5片
                </quantity></item><item><mate>
                  

    枸杞

                </mate><quantity>
                    适量
                </quantity></item><item><mate>
                  

    盐

                </mate><quantity>
                    适量
                </quantity></item></materials><steps>
            
            
              因为家里最近朋友很多，所以选取了两头鱼胶。一般一人用一个小个头的就行。第一步是泡发，放入冷水。因为我用的这个黄花鱼胶肉很厚，个头也大。所以泡发我花了两天。
              
            
            
            
              很多人不习惯服用鱼胶主要是觉得鱼胶腥味太重。所以在炖之前可以加一步去腥的步骤。烧一锅水，放入姜片、葱段。倒入泡发后切成段的鱼胶。煮1-3分钟（因为顶级黄花鱼胶出胶很多，我刚放入开水胶原蛋白就出来了，于是把煮的时间缩减到一分钟），煮好后倒入冷水中沥一下。
              
            
            
            
              将过水后的鸡肉、鱼胶、姜片放入炖锅。开始开启慢炖模式。
              
            
            
            
              红枣炖太久汤容易发苦。枸杞炖太久也会抢汤味。在汤炖到最后15分钟的时候再放红枣和枸杞。继续炖。
              
            
            
            
              出锅了，满满的胶原蛋白浮在上面，看到了吗？吃下去青春永驻吧！
              
            
          </steps><tips>
          我选的这个鱼胶出胶太快太多。刚倒入热水中就开始出胶，实在是心疼，全粘在锅里了。所以时间我缩短到煮1分钟不到。如果大家选取的鱼胶不是很多胶的可以选择3分钟。在这个过程中注意观察自己控制时间。
        </tips><tags>
        全部菜单
      </tags></item></page_detail></extraction>