<?xml version="1.0" encoding="UTF-8"?><extraction><clueid>99352367</clueid><fullpath><![CDATA[http://www.xiachufang.com/recipe/1003719/]]></fullpath><realpath><![CDATA[http://www.xiachufang.com/recipe/1003719/]]></realpath><theme>food_detail_page</theme><middle>规则_2</middle><createdate>2019-5-13 22:43:53</createdate><pageno>0</pageno><actionno></actionno><actionvalue></actionvalue><prestamp>DSEngine-+--+-0</prestamp><currentstamp>DSEngine-+-ds_browser_top-+-1557758633889</currentstamp><timestamp>1557758633889</timestamp><baseURI><bucketBaseURI><bucketName>page_detail</bucketName><uri><![CDATA[http://www.xiachufang.com/recipe/1003719/]]></uri></bucketBaseURI></baseURI><customInfo><![CDATA[]]></customInfo><dsName>DSEngine</dsName><dsThread>datascraper_top</dsThread><version>80700</version>
<page_detail><item><foodname>
      黄豆炖猪蹄儿
      </foodname><score>8.2</score><heat>3411</heat><author>渍</author><materials><item><mate>
                  

    猪蹄

                </mate><quantity>
                    四个（剁成小块）
                </quantity></item><item><mate>
                  

    黄豆

                </mate><quantity>
                    一碗
                </quantity></item><item><mate>
                  

    老抽

                </mate><quantity>
                    
                </quantity></item><item><mate>
                  

    陈皮

                </mate><quantity>
                    
                </quantity></item><item><mate>
                  

    白酒

                </mate><quantity>
                    两勺
                </quantity></item><item><mate>
                  

    盐

                </mate><quantity>
                    两勺
                </quantity></item><item><mate>
                  

    冰糖

                </mate><quantity>
                    两勺
                </quantity></item><item><mate>
                  

    桂皮

                </mate><quantity>
                    一片
                </quantity></item><item><mate>
                  

    八角

                </mate><quantity>
                    两只
                </quantity></item></materials><steps>
            
            
              干黄豆提前三小时用水泡着
            
            
            
              猪蹄拔毛，可以用火烧，然后洗掉焦灰就可以了。冷水下锅飞水，煮至水开，撇去浮沫，用冷水冲净（冰水更佳，这样一冷一热使皮更Q）
            
            
            
              炒糖色：小火，一点底油，放入冰糖50g，等它慢慢融化，糖油的颜色深了，就把汆好的猪蹄倒入锅中快速炒糖色，中火三分钟，把颜色裹浓，加入少许白酒和老抽，翻炒一会儿，颜色就很好了
              
            
            
            
              高压锅中倒入没过猪蹄的水，放入猪蹄和黄豆，加一勺盐（酌情尝尝），加一点桂皮八角，高压25分钟。
            
            
            
              所有东西倒入刚才炒糖色的锅中，大火收汁至封面图（不是→_→步骤图哈）程度即可，每个猪蹄身上都裹着浓稠的酱汁，礼成。
              
            
          </steps><tips/><tags>
        家常菜
        宴客
      </tags></item></page_detail></extraction>