<?xml version="1.0" encoding="UTF-8"?><extraction><clueid>99352736</clueid><fullpath><![CDATA[http://www.xiachufang.com/recipe/103823547/]]></fullpath><realpath><![CDATA[http://www.xiachufang.com/recipe/103823547/]]></realpath><theme>food_detail_page</theme><middle>规则_2</middle><createdate>2019-5-14 0:36:18</createdate><pageno>0</pageno><actionno></actionno><actionvalue></actionvalue><prestamp>DSEngine-+--+-0</prestamp><currentstamp>DSEngine-+-ds_browser_top-+-1557765378253</currentstamp><timestamp>1557765378253</timestamp><baseURI><bucketBaseURI><bucketName>page_detail</bucketName><uri><![CDATA[http://www.xiachufang.com/recipe/103823547/]]></uri></bucketBaseURI></baseURI><customInfo><![CDATA[]]></customInfo><dsName>DSEngine</dsName><dsThread>datascraper_top</dsThread><version>80700</version>
<page_detail><item><foodname>
      减脂小零食（鸡胸杂菜饼）
    </foodname><score/><heat>0</heat><author>大怪兽的小哲哲</author><materials><item><mate>
                  

    鸡胸肉

                </mate><quantity>
                    4块
                </quantity></item><item><mate>
                  

    西兰花

                </mate><quantity>
                    as u like
                </quantity></item><item><mate>
                  

    玉米粒

                </mate><quantity>
                    as u like
                </quantity></item><item><mate>
                  

    胡萝卜

                </mate><quantity>
                    as u like
                </quantity></item><item><mate>
                  

    鹰嘴豆

                </mate><quantity>
                    少量
                </quantity></item></materials><steps>
            
            
              鸡胸剁碎
              
            
            
            
              西兰花洗干净再切，切的碎碎的
              
            
            
            
              鹰嘴豆煮面，用擀面杖捣碎
              
            
            
            
              材料备好
              
            
            
            
              料酒，蚝油，生抽，鸡汁， 一丢丢的白糖
              
            
            
            
              搅拌好
              
            
            
            
              可以煎
              
            
            
            
              可以烤，200度，20分钟
              
            
            
            
              成品～
              
            
            
            
              好吃😋减肥时饿了吃一个没负担，还美味🤗。              ps:放个鸡蛋会更嫩一些哦～
              
            
          </steps><tips/><tags>
        减肥
        零食
        烤箱
        饼
      </tags></item></page_detail></extraction>