<?xml version="1.0" encoding="UTF-8"?><extraction><clueid>99352369</clueid><fullpath><![CDATA[http://www.xiachufang.com/recipe/126321/]]></fullpath><realpath><![CDATA[http://www.xiachufang.com/recipe/126321/]]></realpath><theme>food_detail_page</theme><middle>规则_2</middle><createdate>2019-5-13 22:44:27</createdate><pageno>0</pageno><actionno></actionno><actionvalue></actionvalue><prestamp>DSEngine-+--+-0</prestamp><currentstamp>DSEngine-+-ds_browser_top-+-1557758667185</currentstamp><timestamp>1557758667185</timestamp><baseURI><bucketBaseURI><bucketName>page_detail</bucketName><uri><![CDATA[http://www.xiachufang.com/recipe/126321/]]></uri></bucketBaseURI></baseURI><customInfo><![CDATA[]]></customInfo><dsName>DSEngine</dsName><dsThread>datascraper_top</dsThread><version>80700</version>
<page_detail><item><foodname>
      蒜薹炒肉
    </foodname><score>7.8</score><heat>5115</heat><author>悟饭</author><materials><item><mate>
                  

    猪后腿肉

                </mate><quantity>
                </quantity></item><item><mate>
                  

    蒜薹

                </mate><quantity>
                </quantity></item><item><mate>
                  

    葱

                </mate><quantity>
                </quantity></item><item><mate>
                  

    姜末

                </mate><quantity>
                </quantity></item><item><mate>
                  

    水淀粉

                </mate><quantity>
                </quantity></item><item><mate>
                  

    酱油

                </mate><quantity>
                </quantity></item><item><mate>
                  

    盐

                </mate><quantity>
                </quantity></item></materials><steps>
            
            
              蒜薹洗净，改刀成约拇指长，备用
            
            
            
              猪后腿肉，切成三肥七瘦的丝，以水淀粉浆好
            
            
            
              葱姜末，备用
            
            
            
              炒锅烧热油，下肉丝，翻炒变白时，拨至锅边，保持大火，下葱姜炒香，下蒜薹，单独翻炒几下，再和入肉丝翻炒几下，沿锅沿烹入酱油，撒盐，翻炒均匀，即可出锅
            
          </steps><tips>
          蒜薹根部去约半指长、头部青色很重的部分不要，中间留下这部分是口感最好的，其余皆老
不要焯水，否则软塌——所有焯水的传说全是不地道的做法，这种做法只有一个目的，就是“炒熟”，但入口无趣
肉丝下去时先不要动，接触油的部分变白，用铲子能轻易拨动时再翻炒
全程大火，不超过一分钟
        </tips><tags>
        家常菜
        蒜薹炒肉
        蒜薹
        炒蒜薹
        蒜薹炒鸡胗
        蒜薹炒鸡蛋
      </tags></item></page_detail></extraction>