<?xml version="1.0" encoding="UTF-8"?><extraction><clueid>99352595</clueid><fullpath><![CDATA[http://www.xiachufang.com/recipe/91935/]]></fullpath><realpath><![CDATA[http://www.xiachufang.com/recipe/91935/]]></realpath><theme>food_detail_page</theme><middle>规则_2</middle><createdate>2019-5-13 23:36:29</createdate><pageno>0</pageno><actionno></actionno><actionvalue></actionvalue><prestamp>DSEngine-+--+-0</prestamp><currentstamp>DSEngine-+-ds_browser_top-+-1557761789006</currentstamp><timestamp>1557761789006</timestamp><baseURI><bucketBaseURI><bucketName>page_detail</bucketName><uri><![CDATA[http://www.xiachufang.com/recipe/91935/]]></uri></bucketBaseURI></baseURI><customInfo><![CDATA[]]></customInfo><dsName>DSEngine</dsName><dsThread>datascraper_top</dsThread><version>80700</version>
<page_detail><item><foodname>
      干煸豆角
    </foodname><score>8.2</score><heat>2382</heat><author>菜菜的食摄空间</author><materials><item><mate>
                  

    豆角

                </mate><quantity>
                    1斤
                </quantity></item><item><mate>
                  

    花椒

                </mate><quantity>
                    一勺
                </quantity></item><item><mate>
                  

    麻椒

                </mate><quantity>
                    一勺
                </quantity></item><item><mate>
                  

    干辣椒段

                </mate><quantity>
                    一大勺
                </quantity></item><item><mate>
                  

    蒜碎

                </mate><quantity>
                    
                </quantity></item><item><mate>
                  

    姜碎

                </mate><quantity>
                    
                </quantity></item><item><mate>
                  

    葱碎

                </mate><quantity>
                    若干
                </quantity></item><item><mate>
                  

    肉馅

                </mate><quantity>
                    2两
                </quantity></item><item><mate>
                  

    淀粉

                </mate><quantity>
                    一勺
                </quantity></item><item><mate>
                  

    料酒

                </mate><quantity>
                    两勺
                </quantity></item><item><mate>
                  

    生抽

                </mate><quantity>
                    
                </quantity></item><item><mate>
                  

    老抽

                </mate><quantity>
                    
                </quantity></item><item><mate>
                  

    糖

                </mate><quantity>
                    
                </quantity></item><item><mate>
                  

    盐

                </mate><quantity>
                    
                </quantity></item></materials><steps>
            
            
              豆角洗干净，去两头的丝，掰成6、7厘米的段
              
            
            
            
              锅里倒入水，加一勺盐，烧开后，放入豆角焯一下，颜色变深绿后，捞出来沥干水分待用
              
            
            
            
              炒菜锅里放略多的油，平时炒菜的2倍，少放一些豆角慢慢小火煎成虎皮后，捞出，再放入豆角依次煎好沥干油待用
              
            
            
            
              肉馅里放入淀粉、料酒，盐拌匀，腌20分钟待用
              
            
            
            
              锅里留底油，滑入肉馅翻炒均匀变色后捞出来
              
            
            
            
              锅里放油，放入麻椒，花椒小火慢慢地烧出味道后，放入干红辣椒，慢煸，放入葱、蒜、姜碎，翻炒出香味后，放入肉馅和豆角，翻炒一下，加入生抽一勺，老抽半勺，料酒半勺，糖若干，翻炒干汁后，加入盐出锅即可
              
            
          </steps><tips>
          【啰嗦几句】
1、豆角煮一下可以缩短煎的时间，而且不干，还有水分充足的感觉。个人喜欢这种做法的干煸豆角；
2、这个菜不能放水，要快炒，干煸才可以。
3、这个菜里的调味料多，基本上肉馅就算是废了，爷没有耐心挑调味料，所以肉馅可以少点，就个味而已。
        </tips><tags>
        家常菜
        快手菜
        素菜
        干煸豆角
        素干煸豆角
        干煸长豆角
        干煸豆角烧茄子
        干煸
      </tags></item></page_detail></extraction>