<?xml version="1.0" encoding="UTF-8"?><extraction><clueid>99353379</clueid><fullpath><![CDATA[http://www.xiachufang.com/recipe/100253136/]]></fullpath><realpath><![CDATA[http://www.xiachufang.com/recipe/100253136/]]></realpath><theme>food_detail_page</theme><middle>规则_2</middle><createdate>2019-5-14 15:22:30</createdate><pageno>0</pageno><actionno></actionno><actionvalue></actionvalue><prestamp>DSEngine-+--+-0</prestamp><currentstamp>DSEngine-+-ds_browser_top-+-1557818550325</currentstamp><timestamp>1557818550325</timestamp><baseURI><bucketBaseURI><bucketName>page_detail</bucketName><uri><![CDATA[http://www.xiachufang.com/recipe/100253136/]]></uri></bucketBaseURI></baseURI><customInfo><![CDATA[]]></customInfo><dsName>DSEngine</dsName><dsThread>datascraper_top</dsThread><version>80700</version>
<page_detail><item><foodname>
      养身清热米糊
    </foodname><score/><heat>6</heat><author>GloriaTuan</author><materials><item><mate>
                  

    银耳

                </mate><quantity>
                    两朵
                </quantity></item><item><mate>
                  

    小米

                </mate><quantity>
                    80g
                </quantity></item><item><mate>
                  

    大米

                </mate><quantity>
                    80g
                </quantity></item><item><mate>
                  

    水

                </mate><quantity>
                    入料后加到中央水位线
                </quantity></item><item><mate>
                  

    枸杞

                </mate><quantity>
                    若干，可有可无
                </quantity></item></materials><steps>
            
            
              干银耳在前一晚睡前入水浸泡
            
            
            
              将泡发的银耳掰成小块，这样便于清洗干净，也利于豆浆机碾磨。
            
            
            
              小米和大米分别清洗。米很干净的话，洗两次就可以了…不然营养流失
            
            
            
              将原料（除枸杞）倒入豆浆机。连接电源，选择“米糊”功能～～好，解放双手了，爱干嘛干嘛去吧
            
            
            
              豆浆机工作完成，倒出米糊，加几颗枸杞，配上馒头、小菜，美好的一天苏醒了…
            
          </steps><tips>
          如果想口感更佳一些，可以吃的时候加点红糖。不过，内热阴虚的时候，清淡点助于身体恢复。
        </tips><tags>
        全部菜单
      </tags></item></page_detail></extraction>