<?xml version="1.0" encoding="UTF-8"?><extraction><clueid>99352334</clueid><fullpath><![CDATA[http://www.xiachufang.com/recipe/126294/]]></fullpath><realpath><![CDATA[http://www.xiachufang.com/recipe/126294/]]></realpath><theme>food_detail_page</theme><middle>规则_2</middle><createdate>2019-5-13 22:37:50</createdate><pageno>0</pageno><actionno></actionno><actionvalue></actionvalue><prestamp>DSEngine-+--+-0</prestamp><currentstamp>DSEngine-+-ds_browser_top-+-1557758270404</currentstamp><timestamp>1557758270404</timestamp><baseURI><bucketBaseURI><bucketName>page_detail</bucketName><uri><![CDATA[http://www.xiachufang.com/recipe/126294/]]></uri></bucketBaseURI></baseURI><customInfo><![CDATA[]]></customInfo><dsName>DSEngine</dsName><dsThread>datascraper_top</dsThread><version>80700</version>
<page_detail><item><foodname>
      农家小炒肉
    </foodname><score>7.8</score><heat>4079</heat><author>悟饭</author><materials><item><mate>
                  

    猪肉

                </mate><quantity>
                </quantity></item><item><mate>
                  

    尖椒

                </mate><quantity>
                </quantity></item><item><mate>
                  

    葱

                </mate><quantity>
                </quantity></item><item><mate>
                  

    蒜

                </mate><quantity>
                </quantity></item></materials><steps>
            
            
              猪后腿肉，去皮，连肥带瘦切片，以水淀粉码好
            
            
            
              尖椒，去蒂去籽，拍松，斜切段
            
            
            
              葱花、蒜片备用
            
            
            
              锅烧热油，下肉片，炒散变色，捞出备用
            
            
            
              下葱蒜炒香，下尖椒，翻炒几下，下肉片，烹入少许老抽、适量生抽，加盐，翻炒均匀，汤汁收紧即可
            
          </steps><tips>
          很多人说喜欢炒五花肉，不过，总结看过的书以及结合自己的经验，觉得最适合炒菜的必然是后腿肉
尖椒不用剖开，去蒂去籽的办法：按住柄和根部，朝尖的一方轻按下去，再拉回来——籽就连根拔起了，里面再适当掏一下就好啦
        </tips><tags>
        家常菜
        下饭菜
        农家小炒肉
        农家小炒
        农家小炒鸡
        小炒肉
        小炒
      </tags></item></page_detail></extraction>