<?xml version="1.0" encoding="UTF-8"?><extraction><clueid>99353610</clueid><fullpath><![CDATA[http://www.xiachufang.com/recipe/103355912/]]></fullpath><realpath><![CDATA[http://www.xiachufang.com/recipe/103355912/]]></realpath><theme>food_detail_page</theme><middle>规则_2</middle><createdate>2019-5-14 16:0:15</createdate><pageno>0</pageno><actionno></actionno><actionvalue></actionvalue><prestamp>DSEngine-+--+-0</prestamp><currentstamp>DSEngine-+-ds_browser_top-+-1557820815602</currentstamp><timestamp>1557820815602</timestamp><baseURI><bucketBaseURI><bucketName>page_detail</bucketName><uri><![CDATA[http://www.xiachufang.com/recipe/103355912/]]></uri></bucketBaseURI></baseURI><customInfo><![CDATA[]]></customInfo><dsName>DSEngine</dsName><dsThread>datascraper_top</dsThread><version>80700</version>
<page_detail><item><foodname>
      清火绿豆凉糕
    </foodname><score/><heat>0</heat><author>蓝冰滢</author><materials><item><mate>
                  

    绿豆

                </mate><quantity>
                    100g
                </quantity></item><item><mate>
                  

    绿豆仁

                </mate><quantity>
                    100g
                </quantity></item><item><mate>
                  

    砂糖

                </mate><quantity>
                    30g
                </quantity></item><item><mate>
                  

    纯净水

                </mate><quantity>
                    适量
                </quantity></item><item><mate>
                  

    香油

                </mate><quantity>
                    适量
                </quantity></item></materials><steps>
            
            
              绿豆放入纯净水浸泡8小时，中间换水3-4次，泡好的绿豆放入蒸锅，大火烧开，转小火蒸1小时
              
            
            
            
              趁热在绿豆里加入砂糖搅匀，然后用研磨器 把绿豆磨成豆泥
              
            
            
            
              木质模具涂少量香油，把绿豆泥团成小团压实扣出即可
              
            
          </steps><tips/><tags/></item></page_detail></extraction>