<?xml version="1.0" encoding="UTF-8"?><extraction><clueid>99352882</clueid><fullpath><![CDATA[http://www.xiachufang.com/recipe/100609905/]]></fullpath><realpath><![CDATA[http://www.xiachufang.com/recipe/100609905/]]></realpath><theme>food_detail_page</theme><middle>规则_2</middle><createdate>2019-5-14 10:41:28</createdate><pageno>0</pageno><actionno></actionno><actionvalue></actionvalue><prestamp>DSEngine-+--+-0</prestamp><currentstamp>DSEngine-+-ds_browser_top-+-1557801688247</currentstamp><timestamp>1557801688247</timestamp><baseURI><bucketBaseURI><bucketName>page_detail</bucketName><uri><![CDATA[http://www.xiachufang.com/recipe/100609905/]]></uri></bucketBaseURI></baseURI><customInfo><![CDATA[]]></customInfo><dsName>DSEngine</dsName><dsThread>datascraper_top</dsThread><version>80700</version>
<page_detail><item><foodname>
      并不能减肥的低卡零食——川味鸡胸肉干
      </foodname><score>8.2</score><heat>359</heat><author>阿拉兔儿蕾</author><materials><item><mate>
                  

    鸡胸肉

                </mate><quantity>
                    一块
                </quantity></item><item><mate>
                  

    姜、料酒、花椒粒

                </mate><quantity>
                    少许
                </quantity></item><item><mate>
                  

    辣椒面、花椒面、孜然、五香粉、黑胡椒粉、味精、白糖、盐、十三香、肉桂粉等

                </mate><quantity>
                    按喜好加，可参考我步骤图的份量
                </quantity></item><item><mate>
                  

    芝麻油（或橄榄油）、生抽

                </mate><quantity>
                    
                </quantity></item></materials><steps>
            
            
              冷水加入姜片、花椒、料酒放鸡胸肉汆烫熟
              
            
            
            
              捞出煮好的鸡胸肉，放凉
              
            
            
            
              将放凉的鸡胸肉拆成细丝
              
            
            
            
              将所有粉状调料盛好，拌匀
              
            
            
            
              先将粉状调料倒入鸡丝中拌匀，再加入芝麻油和生抽拌匀
              
            
            
            
              将拌好的鸡丝平铺在烤盘上
              
            
            
            
              烤箱预热后，上下火200度烤15分钟左右
              
            
          </steps><tips>
          鸡丝不要撕太细，会糊哦~麻辣味道好下酒，要不要来点啤酒呢……
        </tips><tags>
        零食
        减肥
      </tags></item></page_detail></extraction>