<?xml version="1.0" encoding="UTF-8"?><extraction><clueid>99353014</clueid><fullpath><![CDATA[http://www.xiachufang.com/recipe/103023473/]]></fullpath><realpath><![CDATA[http://www.xiachufang.com/recipe/103023473/]]></realpath><theme>food_detail_page</theme><middle>规则_2</middle><createdate>2019-5-14 12:11:12</createdate><pageno>0</pageno><actionno></actionno><actionvalue></actionvalue><prestamp>DSEngine-+--+-0</prestamp><currentstamp>DSEngine-+-ds_browser_top-+-1557807072814</currentstamp><timestamp>1557807072814</timestamp><baseURI><bucketBaseURI><bucketName>page_detail</bucketName><uri><![CDATA[http://www.xiachufang.com/recipe/103023473/]]></uri></bucketBaseURI></baseURI><customInfo><![CDATA[]]></customInfo><dsName>DSEngine</dsName><dsThread>datascraper_top</dsThread><version>80700</version>
<page_detail><item><foodname>
      鸡胸肉虾仁鲜蔬饼
    </foodname><score>8.1</score><heat>135</heat><author>Malteser麦提莎</author><materials><item><mate>
                  

    鸡胸肉

                </mate><quantity>
                    300克
                </quantity></item><item><mate>
                  

    虾仁

                </mate><quantity>
                    15只
                </quantity></item><item><mate>
                  

    胡萝卜

                </mate><quantity>
                    1小小根
                </quantity></item><item><mate>
                  

    玉米粒

                </mate><quantity>
                    适量
                </quantity></item><item><mate>
                  

    青豆

                </mate><quantity>
                    适量
                </quantity></item><item><mate>
                  

    鸡蛋

                </mate><quantity>
                    1个
                </quantity></item><item><mate>
                  

    葱

                </mate><quantity>
                    
                </quantity></item><item><mate>
                  

    生粉

                </mate><quantity>
                    4勺
                </quantity></item><item><mate>
                  

    盐

                </mate><quantity>
                    适量
                </quantity></item><item><mate>
                  

    黑胡椒粉/白胡椒粉

                </mate><quantity>
                    少许
                </quantity></item><item><mate>
                  

    糖

                </mate><quantity>
                    少许
                </quantity></item><item><mate>
                  

    酱油

                </mate><quantity>
                    适量
                </quantity></item><item><mate>
                  

    油

                </mate><quantity>
                    1勺
                </quantity></item><item><mate>
                  

    鱼露(可选)

                </mate><quantity>
                    1小勺
                </quantity></item></materials><steps>
            
            
              鸡胸肉剁烂(可不用很烂)，胡萝卜素，葱切小颗，虾仁切小颗或剁烂虾生熟都可以。
              
            
            
            
              然后把全部材料调味料放一起
              
            
            
            
              抓均匀
              
            
            
            
              热锅下点油，然后拿个勺子(涂点油防粘)，然后用勺子把鸡肉馅料放锅里
              
            
            
            
              中小火两面煎金黄
              
            
            
            
              Enjoy !
              
            
          </steps><tips>
          注意用平底不粘锅煎会比较漂亮定型。
        </tips><tags>
        减肥
        家常菜
        早餐
        饼
      </tags></item></page_detail></extraction>