<?xml version="1.0" encoding="UTF-8"?><extraction><clueid>99352629</clueid><fullpath><![CDATA[http://www.xiachufang.com/recipe/23381/]]></fullpath><realpath><![CDATA[http://www.xiachufang.com/recipe/23381/]]></realpath><theme>food_detail_page</theme><middle>规则_2</middle><createdate>2019-5-13 23:44:47</createdate><pageno>0</pageno><actionno></actionno><actionvalue></actionvalue><prestamp>DSEngine-+--+-0</prestamp><currentstamp>DSEngine-+-ds_browser_top-+-1557762287731</currentstamp><timestamp>1557762287731</timestamp><baseURI><bucketBaseURI><bucketName>page_detail</bucketName><uri><![CDATA[http://www.xiachufang.com/recipe/23381/]]></uri></bucketBaseURI></baseURI><customInfo><![CDATA[]]></customInfo><dsName>DSEngine</dsName><dsThread>datascraper_top</dsThread><version>80700</version>
<page_detail><item><foodname>
      青椒炒蛋
    </foodname><score>7.6</score><heat>2196</heat><author>83小钟</author><materials><item><mate>
                  

    青椒

                </mate><quantity>
                    适量
                </quantity></item><item><mate>
                  

    鸡蛋

                </mate><quantity>
                    2个
                </quantity></item><item><mate>
                  

    熟芝麻

                </mate><quantity>
                    少许
                </quantity></item><item><mate>
                  

    盐

                </mate><quantity>
                    适量
                </quantity></item><item><mate>
                  

    胡椒粉

                </mate><quantity>
                    少许
                </quantity></item></materials><steps>
            
            
              青椒切碎丁状备用
              
            
            
            
              热锅下油，油热后，下青椒炒至断生后，加适量盐调好后起锅，装进大碗里
              
            
            
            
              敲入2个鲜鸡蛋，撒少许胡椒粉
              
            
            
            
              彻底的搅打均匀
              
            
            
            
              净锅内再下入少许底油，晃动锅子，用油把整个锅底都润一下，像摊饼样倒入步骤5里拌好的青椒蛋液，撒入熟芝麻，待蛋液基本凝固时，炒散即可
            
          </steps><tips>
          1.2次放油，油的用量都不需要太多，加起来用量就跟平时炒一盘菜一样。
2.熟芝麻要多加些，每一口都能吃到芝麻才够香。
3.在最后一步时，直接把它摊成青椒鸡蛋饼再切块吃应该也不错。
        </tips><tags>
        家常菜
        快手菜
        素菜
        单身食谱
        青椒炒蛋
        炒蛋
        青椒
        凉瓜炒蛋
        包菜炒蛋
      </tags></item></page_detail></extraction>