<?xml version="1.0" encoding="UTF-8"?><extraction><clueid>99352710</clueid><fullpath><![CDATA[http://www.xiachufang.com/recipe/100074785/]]></fullpath><realpath><![CDATA[http://www.xiachufang.com/recipe/100074785/]]></realpath><theme>food_detail_page</theme><middle>规则_2</middle><createdate>2019-5-13 23:58:24</createdate><pageno>0</pageno><actionno></actionno><actionvalue></actionvalue><prestamp>DSEngine-+--+-0</prestamp><currentstamp>DSEngine-+-ds_browser_top-+-1557763104302</currentstamp><timestamp>1557763104302</timestamp><baseURI><bucketBaseURI><bucketName>page_detail</bucketName><uri><![CDATA[http://www.xiachufang.com/recipe/100074785/]]></uri></bucketBaseURI></baseURI><customInfo><![CDATA[]]></customInfo><dsName>DSEngine</dsName><dsThread>datascraper_top</dsThread><version>80700</version>
<page_detail><item><foodname>
      干锅菜花
      </foodname><score>7.7</score><heat>1042</heat><author>晓松Sophie_THU</author><materials><item><mate>
                  

    菜花

                </mate><quantity>
                    一颗
                </quantity></item><item><mate>
                  

    姜

                </mate><quantity>
                    
                </quantity></item><item><mate>
                  

    蒜

                </mate><quantity>
                    
                </quantity></item><item><mate>
                  

    辣椒

                </mate><quantity>
                    
                </quantity></item><item><mate>
                  

    酱油

                </mate><quantity>
                    
                </quantity></item><item><mate>
                  

    盐

                </mate><quantity>
                    
                </quantity></item><item><mate>
                  

    花生油

                </mate><quantity>
                    
                </quantity></item></materials><steps>
            
            
              菜花冲洗干净后，用手掰成小片
              
            
            
            
              多余的菜帮部分改刀成小片
              
            
            
            
              掰碎的菜花放到淡盐水中浸泡10分钟
              
            
            
            
              辣椒切段，生姜、葱、大蒜切末
              
            
            
            
              热锅入油，放入葱姜蒜辣椒煸出香味
              
            
            
            
              放入菜花，大火炒透，加入一勺酱油
              
            
            
            
              扣上锅盖焖半分钟，加盐炒匀，出锅
              
            
          </steps><tips>
          1.菜花最好是绿绿的长柄菜花
2.盐最后加入，保证口感同时有益健康
        </tips><tags>
        快手菜
        干锅
        宴客
        宿舍
        干锅菜花
        干锅有机菜花
        菜花
        干锅
        番茄菜花
      </tags></item></page_detail></extraction>