<?xml version="1.0" encoding="UTF-8"?><extraction><clueid>99352432</clueid><fullpath><![CDATA[http://www.xiachufang.com/recipe/11889/]]></fullpath><realpath><![CDATA[http://www.xiachufang.com/recipe/11889/]]></realpath><theme>food_detail_page</theme><middle>规则_2</middle><createdate>2019-5-13 22:56:3</createdate><pageno>0</pageno><actionno></actionno><actionvalue></actionvalue><prestamp>DSEngine-+--+-0</prestamp><currentstamp>DSEngine-+-ds_browser_top-+-1557759363582</currentstamp><timestamp>1557759363582</timestamp><baseURI><bucketBaseURI><bucketName>page_detail</bucketName><uri><![CDATA[http://www.xiachufang.com/recipe/11889/]]></uri></bucketBaseURI></baseURI><customInfo><![CDATA[]]></customInfo><dsName>DSEngine</dsName><dsThread>datascraper_top</dsThread><version>80700</version>
<page_detail><item><foodname>
      咖喱牛肉
    </foodname><score>8.0</score><heat>3852</heat><author>YOYO</author><materials><item><mate>
                  

    牛肉

                </mate><quantity>
                    1斤
                </quantity></item><item><mate>
                  

    土豆

                </mate><quantity>
                    1个
                </quantity></item><item><mate>
                  

    胡萝卜

                </mate><quantity>
                    2根
                </quantity></item><item><mate>
                  

    元葱

                </mate><quantity>
                    1个
                </quantity></item><item><mate>
                  

    黄油

                </mate><quantity>
                    20克
                </quantity></item><item><mate>
                  

    牛奶

                </mate><quantity>
                    500克
                </quantity></item><item><mate>
                  

    咖喱膏

                </mate><quantity>
                    50克
                </quantity></item><item><mate>
                  

    蒜

                </mate><quantity>
                    几瓣
                </quantity></item><item><mate>
                  

    姜

                </mate><quantity>
                    几片
                </quantity></item><item><mate>
                  

    盐

                </mate><quantity>
                    1勺
                </quantity></item><item><mate>
                  

    水

                </mate><quantity>
                    1杯
                </quantity></item></materials><steps>
            
            
              材料：牛肉1斤、土豆1个、胡萝卜2根、元葱1个、黄油20克、牛奶500克、咖喱膏50克、蒜几瓣、姜几片、盐1勺、水1杯
              
            
            
            
              牛肉和蔬菜切成块
              
            
            
            
              黄油炒香蒜末，加入牛肉炒变色
              
            
            
            
              加入洋葱略炒
              
            
            
            
              加入胡萝卜翻炒
              
            
            
            
              加入土豆，加入咖喱膏、牛奶、水位刚刚没过食材就可以，最后加盐，熬煮到汤浓软烂就可以。浇在米饭上吃吧
              
            
          </steps><tips>
          1、咖喱料味道要足；
2、汤汁要浓郁（加些黄油、牛奶、奶油、椰浆都可以加分）；
3、食材熬煮足够软烂。
        </tips><tags>
        家常菜
        咖喱
        咖喱牛肉
        咖喱牛肉饭
        咖喱土豆牛肉
        咖喱牛肉炖土豆
        咖喱牛肉土豆
      </tags></item></page_detail></extraction>