<?xml version="1.0" encoding="UTF-8"?><extraction><clueid>99353831</clueid><fullpath><![CDATA[http://www.xiachufang.com/recipe/1025671/]]></fullpath><realpath><![CDATA[http://www.xiachufang.com/recipe/1025671/]]></realpath><theme>food_detail_page</theme><middle>规则_2</middle><createdate>2019-5-14 19:21:44</createdate><pageno>0</pageno><actionno></actionno><actionvalue></actionvalue><prestamp>DSEngine-+--+-0</prestamp><currentstamp>DSEngine-+-ds_browser_top-+-1557832904504</currentstamp><timestamp>1557832904504</timestamp><baseURI><bucketBaseURI><bucketName>page_detail</bucketName><uri><![CDATA[http://www.xiachufang.com/recipe/1025671/]]></uri></bucketBaseURI></baseURI><customInfo><![CDATA[]]></customInfo><dsName>DSEngine</dsName><dsThread>datascraper_top</dsThread><version>80700</version>
<page_detail><item><foodname>
      冰糖雪梨鸡
    </foodname><score/><heat>17</heat><author>HeNanMoMo</author><materials><item><mate>
                  

    鸡腿

                </mate><quantity>
                    一只
                </quantity></item><item><mate>
                  

    梨

                </mate><quantity>
                    一个
                </quantity></item><item><mate>
                  

    冰糖

                </mate><quantity>
                    6~7粒
                </quantity></item><item><mate>
                  

    姜

                </mate><quantity>
                    6g
                </quantity></item><item><mate>
                  

    葱

                </mate><quantity>
                    8g
                </quantity></item><item><mate>
                  

    清水

                </mate><quantity>
                    适量
                </quantity></item><item><mate>
                  

    盐

                </mate><quantity>
                    适量
                </quantity></item><item><mate>
                  

    食用油

                </mate><quantity>
                    适量
                </quantity></item></materials><steps>
            
            
              鸡腿洗净切块开火焯烫，梨子去皮去核后切块
              
            
            
            
              锅上火加入油6成热时下入冰糖小火慢慢化开
              
            
            
            
              倒入切好的姜和葱炒香
              
            
            
            
              续入鸡块翻炒上色
              
            
            
            
              加入刚好没过鸡块的清水大火烧开转小火煮30分名钟以上鸡肉熟烂即可
              
            
            
            
              最后续入梨块
              
            
            
            
              大火翻炒至收汁后调味即成
              
            
          </steps><tips>
          脾胃虚寒、畏冷食者应少吃生梨。梨含果酸较多，胃酸多者，不可多食。梨有利尿作用，夜尿频者，睡前少吃生梨。血虚、畏寒、腹泻、手脚发凉的患者不可多吃生梨，并且最好煮熟再吃，以防湿寒证状加重。另外，梨含糖量和血糖生成指数均较高，糖尿病患者要少吃，血糖控制稳定时可以每天吃150克。
        </tips><tags>
        全部菜单
      </tags></item></page_detail></extraction>