<?xml version="1.0" encoding="UTF-8"?><extraction><clueid>99352428</clueid><fullpath><![CDATA[http://www.xiachufang.com/recipe/102806792/]]></fullpath><realpath><![CDATA[http://www.xiachufang.com/recipe/102806792/]]></realpath><theme>food_detail_page</theme><middle>规则_2</middle><createdate>2019-5-13 22:54:59</createdate><pageno>0</pageno><actionno></actionno><actionvalue></actionvalue><prestamp>DSEngine-+--+-0</prestamp><currentstamp>DSEngine-+-ds_browser_top-+-1557759299199</currentstamp><timestamp>1557759299199</timestamp><baseURI><bucketBaseURI><bucketName>page_detail</bucketName><uri><![CDATA[http://www.xiachufang.com/recipe/102806792/]]></uri></bucketBaseURI></baseURI><customInfo><![CDATA[]]></customInfo><dsName>DSEngine</dsName><dsThread>datascraper_top</dsThread><version>80700</version>
<page_detail><item><foodname>
      手撕包菜
      </foodname><score>8.2</score><heat>1658</heat><author>我脑公全世界最帅</author><materials><item><mate>
                  

    包菜

                </mate><quantity>
                    1个
                </quantity></item><item><mate>
                  

    五花肉

                </mate><quantity>
                    150克
                </quantity></item><item><mate>
                  

    干辣椒（不辣的）

                </mate><quantity>
                    4个
                </quantity></item><item><mate>
                  

    葱白

                </mate><quantity>
                    6-8根
                </quantity></item><item><mate>
                  

    姜

                </mate><quantity>
                    一小块
                </quantity></item><item><mate>
                  

    蒜

                </mate><quantity>
                    3瓣
                </quantity></item><item><mate>
                  

    盐

                </mate><quantity>
                    2克
                </quantity></item><item><mate>
                  

    料酒

                </mate><quantity>
                    50毫升
                </quantity></item><item><mate>
                  

    美味鲜（就是生抽的一种）

                </mate><quantity>
                    15毫升
                </quantity></item><item><mate>
                  

    蒸鱼豉油

                </mate><quantity>
                    10毫升
                </quantity></item><item><mate>
                  

    耗油

                </mate><quantity>
                    10毫升
                </quantity></item></materials><steps>
            
            
              所有材料准备待用，包菜要买那种表面很光滑的，拿起来比较重的，这样的包菜水分足，炒起来口感很爽脆。如果喜欢吃软软的就买拿在手上轻点儿的。五花肉越肥越好，用熬出来的猪油炒的手撕包菜超级无敌好吃的！
              
            
            
            
              用刀从屁股那里切开，然后一片一片掰下来撕开，不要撕太小了，大块的吃起来才过瘾呢。我喜欢掰到这里为止，再里面的感觉有其他味道，一般都不要了。撕完后洗不洗随意~
              
            
            
            
              葱姜蒜辣椒干都切好，五花肉切成薄薄的片
              
            
            
            
              锅里放油，把五花肉先放下去煎炒。喜欢吃花椒的童鞋可以先热锅凉油把花椒炸出香味后捞掉
              
            
            
            
              将五花肉炸到微焦出油，这个油是这道菜好吃的关键，所以这里面的油熬出来越多越好
              
            
            
            
              把葱姜蒜辣椒干丢进去
              
            
            
            
              炒半分钟
              
            
            
            
              把包菜全部倒进去，全程大火炒两分钟
              
            
            
            
              沿锅边洒入料酒，加点盐再炒一分钟。我这里为了拍摄效果把料酒的口子剪的比较大，这样才能拍清楚料酒。你们买那种袋装的料酒只要剪一丁点就可以哦，能挤出来一根细细的线就可以，沿着锅边绕圈洒进去，让高温把料酒蒸发掉留下酒香。这样炒出来的菜才香呐
              
            
            
            
              加入耗油
              
            
            
            
              加入美味鲜
              
            
            
            
              加入蒸鱼豉油
              
            
            
            
              继续翻炒一分钟后出锅，喜欢吃软烂的可以多炒两分钟哈。一般我做这个菜从包菜下锅到装盘控制在4分钟内，口感会比较棒哦
              
            
          </steps><tips>
          起锅前可以稍微放点醋，更开胃哦
        </tips><tags>
        家常菜
        下饭菜
        快手菜
        宴客菜
        手撕包菜
        手撕包菜搜索
        蚝油手撕包菜
        糖醋手撕包菜
        醋溜手撕包菜
      </tags></item></page_detail></extraction>