<?xml version="1.0" encoding="UTF-8"?><extraction><clueid>99352501</clueid><fullpath><![CDATA[http://www.xiachufang.com/recipe/103784904/]]></fullpath><realpath><![CDATA[http://www.xiachufang.com/recipe/103784904/]]></realpath><theme>food_detail_page</theme><middle>规则_2</middle><createdate>2019-5-13 23:8:45</createdate><pageno>0</pageno><actionno></actionno><actionvalue></actionvalue><prestamp>DSEngine-+--+-0</prestamp><currentstamp>DSEngine-+-ds_browser_top-+-1557760125253</currentstamp><timestamp>1557760125253</timestamp><baseURI><bucketBaseURI><bucketName>page_detail</bucketName><uri><![CDATA[http://www.xiachufang.com/recipe/103784904/]]></uri></bucketBaseURI></baseURI><customInfo><![CDATA[]]></customInfo><dsName>DSEngine</dsName><dsThread>datascraper_top</dsThread><version>80700</version>
<page_detail><item><foodname>
      家常菜#酸辣土豆丝
    </foodname><score/><heat>1</heat><author>刺猬和薛先生</author><materials><item><mate>
                  

    土豆2

                </mate><quantity>
                    个
                </quantity></item><item><mate>
                  

    花椒10

                </mate><quantity>
                    粒
                </quantity></item><item><mate>
                  

    干辣椒3-5

                </mate><quantity>
                    个
                </quantity></item><item><mate>
                  

    葱

                </mate><quantity>
                    一段
                </quantity></item><item><mate>
                  

    大蒜3

                </mate><quantity>
                    瓣
                </quantity></item><item><mate>
                  

    米醋4

                </mate><quantity>
                    勺
                </quantity></item><item><mate>
                  

    盐

                </mate><quantity>
                    适量
                </quantity></item><item><mate>
                  

    水

                </mate><quantity>
                    适量
                </quantity></item></materials><steps>
            
            
              土豆去皮洗净切丝、将切好的土豆丝泡水15分钟去除淀粉、中间换水1次
              
            
            
            
              泡水后沥水盛出备用：去除淀粉的土豆丝比较挺拔、
              
            
            
            
              葱蒜切碎备用、干辣椒切小段；拿一个小碗、将醋和盐混合加入少许清水备用
              
            
            
            
              锅内热油、下花椒爆香后盛出、将锅烧到足够热（⚠️注意炒土豆丝滚锅一定烧到很热才可以）、下葱蒜辣椒后立马加入土豆丝快速翻炒
              
            
            
            
              快速翻炒片刻加入调好的醋汁继续快速翻炒片刻即可盛出、就可以啦
              
            
          </steps><tips>
          1.土豆丝切的尽量粗细均匀、不必特别细、但是要均匀2.切好的土豆丝必须在水里泡出淀粉、否则下锅就粘了、我一般15/20分钟、中间换一次水3.开炒时、一定要把锅和油烧的足够热、保证能够爆炒
        </tips><tags>
        家常菜
        快手菜
      </tags></item></page_detail></extraction>