<?xml version="1.0" encoding="UTF-8"?><extraction><clueid>99352278</clueid><fullpath><![CDATA[http://www.xiachufang.com/recipe/1068773/]]></fullpath><realpath><![CDATA[http://www.xiachufang.com/recipe/1068773/]]></realpath><theme>food_detail_page</theme><middle>规则_2</middle><createdate>2019-5-13 22:27:50</createdate><pageno>0</pageno><actionno></actionno><actionvalue></actionvalue><prestamp>DSEngine-+--+-0</prestamp><currentstamp>DSEngine-+-ds_browser_top-+-1557757670777</currentstamp><timestamp>1557757670777</timestamp><baseURI><bucketBaseURI><bucketName>page_detail</bucketName><uri><![CDATA[http://www.xiachufang.com/recipe/1068773/]]></uri></bucketBaseURI></baseURI><customInfo><![CDATA[]]></customInfo><dsName>DSEngine</dsName><dsThread>datascraper_top</dsThread><version>80700</version>
<page_detail><item><foodname>
      白菜炖粉条
    </foodname><score>8.0</score><heat>4591</heat><author>刘小饕</author><materials><item><mate>
                  

    白菜

                </mate><quantity>
                </quantity></item><item><mate>
                  

    五花肉

                </mate><quantity>
                </quantity></item><item><mate>
                  

    粉条

                </mate><quantity>
                </quantity></item><item><mate>
                  

    香菇

                </mate><quantity>
                </quantity></item><item><mate>
                  

    葱、姜、八角

                </mate><quantity>
                </quantity></item><item><mate>
                  

    盐、鸡精、酱油、蚝油

                </mate><quantity>
                </quantity></item></materials><steps>
            
            
              五花肉切片，入油锅煸炒至出油，略微焦黄，再放入葱姜、八角煸炒一下。
              
            
            
            
              将白菜洗净切好，先将白菜梆放入翻炒片刻，再放入白菜叶继续翻炒。
              
            
            
            
              倒入味极鲜，蚝油，加盐，放入泡好的香菇，顺便将泡香菇的香菇水一并倒入（不喜香菇的话，只需倒入水即可），盖上锅盖炖10分钟。
              
            
            
            
              将泡好的粉条放入锅中，翻炒至粉条入味、变软。
              
            
            
            
              撒入鸡精（也可不放），即可盛盘出锅。
              
            
          </steps><tips>
          1.五花肉片需煸炒至焦黄再炖，可使口感清爽不油腻。2.因为白菜本身出水，煸炒之后可加入泡香菇水或少量水炖煮即可。
        </tips><tags>
        家常菜
        单身食谱
        白菜炖粉条
        白菜炖豆腐粉条
        土豆白菜炖粉条
        白菜猪肉炖粉条
        排骨炖白菜粉条
      </tags></item></page_detail></extraction>