<?xml version="1.0" encoding="UTF-8"?><extraction><clueid>99353857</clueid><fullpath><![CDATA[http://www.xiachufang.com/recipe/145315/]]></fullpath><realpath><![CDATA[http://www.xiachufang.com/recipe/145315/]]></realpath><theme>food_detail_page</theme><middle>规则_2</middle><createdate>2019-5-14 19:36:44</createdate><pageno>0</pageno><actionno></actionno><actionvalue></actionvalue><prestamp>DSEngine-+--+-0</prestamp><currentstamp>DSEngine-+-ds_browser_top-+-1557833804110</currentstamp><timestamp>1557833804110</timestamp><baseURI><bucketBaseURI><bucketName>page_detail</bucketName><uri><![CDATA[http://www.xiachufang.com/recipe/145315/]]></uri></bucketBaseURI></baseURI><customInfo><![CDATA[]]></customInfo><dsName>DSEngine</dsName><dsThread>datascraper_top</dsThread><version>80700</version>
<page_detail><item><foodname>
      玫瑰荷叶减脂茶
    </foodname><score/><heat>6</heat><author>大媚的美滋美味</author><materials><item><mate>
                  

    玫瑰花

                </mate><quantity>
                    4、5朵
                </quantity></item><item><mate>
                  

    干荷叶

                </mate><quantity>
                    1到2克
                </quantity></item><item><mate>
                  

    贡菊

                </mate><quantity>
                    4、5朵
                </quantity></item><item><mate>
                  

    决明子

                </mate><quantity>
                    1茶匙
                </quantity></item><item><mate>
                  

    干山楂

                </mate><quantity>
                    5、6片
                </quantity></item></materials><steps>
            
            
              把所有的茶材放进容内
            
            
            
              加入少量开水把茶材冲洗一下
            
            
            
              把冲洗后的水倒掉，保留茶材
            
            
            
              重新加入90度以上开水，闷泡约5分钟
            
            
            
              泡好后可以把茶材过滤掉，保留茶水
            
          </steps><tips>
          我是用玻璃壶泡的所以把茶汤过滤出来饮用的，如果是用杯子冲泡泡好后可以直接饮用，这款茶口感略微有点苦，如果不喜欢苦的朋友可以加蜂蜜或是甜菊叶来调味。
禁忌：孕妇、哺乳期妇女、脾胃虚弱者、消化性溃疡患者不宜饮用。
        </tips><tags>
        饮品
        减肥
      </tags></item></page_detail></extraction>