<?xml version="1.0" encoding="UTF-8"?><extraction><clueid>99352319</clueid><fullpath><![CDATA[http://www.xiachufang.com/recipe/254483/]]></fullpath><realpath><![CDATA[http://www.xiachufang.com/recipe/254483/]]></realpath><theme>food_detail_page</theme><middle>规则_2</middle><createdate>2019-5-13 22:36:48</createdate><pageno>0</pageno><actionno></actionno><actionvalue></actionvalue><prestamp>DSEngine-+--+-0</prestamp><currentstamp>DSEngine-+-ds_browser_top-+-1557758208550</currentstamp><timestamp>1557758208550</timestamp><baseURI><bucketBaseURI><bucketName>page_detail</bucketName><uri><![CDATA[http://www.xiachufang.com/recipe/254483/]]></uri></bucketBaseURI></baseURI><customInfo><![CDATA[]]></customInfo><dsName>DSEngine</dsName><dsThread>datascraper_top</dsThread><version>80700</version>
<page_detail><item><foodname>
      西兰花炒虾仁
    </foodname><score>7.7</score><heat>5686</heat><author>随心煮意</author><materials><item><mate>
                  

    西兰花

                </mate><quantity>
                    1小棵
                </quantity></item><item><mate>
                  

    虾仁

                </mate><quantity>
                    8个
                </quantity></item><item><mate>
                  

    大蒜

                </mate><quantity>
                    1瓣
                </quantity></item><item><mate>
                  

    生抽

                </mate><quantity>
                    5ml
                </quantity></item><item><mate>
                  

    淀粉

                </mate><quantity>
                    2g
                </quantity></item><item><mate>
                  

    盐

                </mate><quantity>
                    少许
                </quantity></item></materials><steps>
            
            
              西兰花洗净后用淡盐水浸泡30分钟，去除残留的农药
              
            
            
            
              将西兰花去掉粗茎，择成小朵
              
            
            
            
              虾仁用生抽、淀粉腌一下，大蒜拍破切碎
              
            
            
            
              锅中注入适量清水，烧开后加入少许盐，将西兰花放入，煮几分钟熟透后捞出
              
            
            
            
              锅中倒入少许油，下蒜末
              
            
            
            
              下虾仁翻炒变色
              
            
            
            
              放入西兰花翻炒均匀即可出锅
              
            
          </steps><tips>
          1.妈妈若担心冷冻的虾仁不够新鲜，也可以自己买活虾回来处理一下再烹饪。
2.将西兰花掰小朵一些，方便宝宝咀嚼。
        </tips><tags>
        家常菜
        儿童
        单身食谱
        西兰花炒虾仁
        虾仁炒西兰花
        虾仁西兰花
        炒西兰花
        西兰花
      </tags></item></page_detail></extraction>