<?xml version="1.0" encoding="UTF-8"?><extraction><clueid>99353851</clueid><fullpath><![CDATA[http://www.xiachufang.com/recipe/267113/]]></fullpath><realpath><![CDATA[http://www.xiachufang.com/recipe/267113/]]></realpath><theme>food_detail_page</theme><middle>规则_2</middle><createdate>2019-5-14 19:35:12</createdate><pageno>0</pageno><actionno></actionno><actionvalue></actionvalue><prestamp>DSEngine-+--+-0</prestamp><currentstamp>DSEngine-+-ds_browser_top-+-1557833712125</currentstamp><timestamp>1557833712125</timestamp><baseURI><bucketBaseURI><bucketName>page_detail</bucketName><uri><![CDATA[http://www.xiachufang.com/recipe/267113/]]></uri></bucketBaseURI></baseURI><customInfo><![CDATA[]]></customInfo><dsName>DSEngine</dsName><dsThread>datascraper_top</dsThread><version>80700</version>
<page_detail><item><foodname>
      椰浆草莓芒果水果粥
    </foodname><score/><heat>10</heat><author>食尚小米</author><materials><item><mate>
                  

    紫米

                </mate><quantity>
                    各一半
                </quantity></item><item><mate>
                  

    白米

                </mate><quantity>
                    各一半
                </quantity></item><item><mate>
                  

    椰浆

                </mate><quantity>
                    
                </quantity></item><item><mate>
                  

    草莓

                </mate><quantity>
                    
                </quantity></item><item><mate>
                  

    芒果

                </mate><quantity>
                    
                </quantity></item></materials><steps>
            
            
              米洗净泡水（熬粥用的白米最好是新米，弹性好，味道香）紫米也洗净泡好，紫米最好提前1小时就泡上，紫米相对白米来说比较硬
              
            
            
            
              如果用压力锅可以将紫米先煮开，再放入白米熬，这样紫米烂了白米也熟了，当然像我这样用小锅熬的话先煮紫米，煮到紫米变大，吸足水分，加入泡好的白米熬
              
            
            
            
              按住芒果，先离核，上面片一片，中间一片是芒果的核，下面一片，上下的芒果片
              
            
            
            
              芒果肉切花刀
              
            
            
            
              左右切好花刀后，将芒果肉翻开
              
            
            
            
              用小刀片下
              
            
            
            
              草莓切开，我这个草莓不太好，水果粥可以选择应季自己喜欢的水果
              
            
            
            
              粥熬成粘稠
              
            
            
            
              盛入小碗中
              
            
            
            
              晾凉后倒入椰浆，没有椰浆也可以倒入椰汁
              
            
            
            
              放上切好的水果，这种水果粥水果一定要最后晾凉后加，不要粥还烫着加，如果夏天喝，还可以把粥放在保鲜盒里冷藏一段时间然后再加上椰浆和水果，又香又凉，喝着特别过瘾
              
            
          </steps><tips>
          感冒上火，没有食欲来一碗也开胃，还有小孩子春天喝粥很滋润肠胃的
        </tips><tags>
        粥
      </tags></item></page_detail></extraction>