<?xml version="1.0" encoding="UTF-8"?><extraction><clueid>99352442</clueid><fullpath><![CDATA[http://www.xiachufang.com/recipe/262149/]]></fullpath><realpath><![CDATA[http://www.xiachufang.com/recipe/262149/]]></realpath><theme>food_detail_page</theme><middle>规则_2</middle><createdate>2019-5-13 22:58:53</createdate><pageno>0</pageno><actionno></actionno><actionvalue></actionvalue><prestamp>DSEngine-+--+-0</prestamp><currentstamp>DSEngine-+-ds_browser_top-+-1557759533654</currentstamp><timestamp>1557759533654</timestamp><baseURI><bucketBaseURI><bucketName>page_detail</bucketName><uri><![CDATA[http://www.xiachufang.com/recipe/262149/]]></uri></bucketBaseURI></baseURI><customInfo><![CDATA[]]></customInfo><dsName>DSEngine</dsName><dsThread>datascraper_top</dsThread><version>80700</version>
<page_detail><item><foodname>
      宫保鸡丁
    </foodname><score>7.4</score><heat>3241</heat><author>梅依旧</author><materials><item><mate>
                  

    熟花生

                </mate><quantity>
                    100克
                </quantity></item><item><mate>
                  

    鸡脯肉

                </mate><quantity>
                    400克
                </quantity></item><item><mate>
                  

    黄瓜

                </mate><quantity>
                    100克
                </quantity></item><item><mate>
                  

    葱

                </mate><quantity>
                    
                </quantity></item><item><mate>
                  

    料酒

                </mate><quantity>
                    
                </quantity></item><item><mate>
                  

    生抽

                </mate><quantity>
                    
                </quantity></item><item><mate>
                  

    花椒

                </mate><quantity>
                    
                </quantity></item><item><mate>
                  

    醋

                </mate><quantity>
                    
                </quantity></item><item><mate>
                  

    糖

                </mate><quantity>
                    
                </quantity></item><item><mate>
                  

    盐

                </mate><quantity>
                    
                </quantity></item><item><mate>
                  

    水淀粉

                </mate><quantity>
                    
                </quantity></item></materials><steps>
            
            
              鸡胸肉切丁，放生抽、盐、料酒码味，用水淀粉拌匀
              
            
            
            
              黄瓜切丁、葱要切成小段，干辣椒剪去两头，去除辣椒籽
              
            
            
            
              在小碗中调入酱油、盐、白砂糖和料酒，混合均匀制成调味料汁
              
            
            
            
              锅中留底油，烧热后将花椒和干辣椒放入，用小火煸炸出香味，随后放入大葱段
              
            
            
            
              放入鸡丁，放1汤匙料酒，炒到鸡肉变色
              
            
            
            
              最后调入料汁
              
            
            
            
              再放入黄瓜丁、熟花生米，翻炒均匀
              
            
            
            
              水淀粉勾芡，即可
              
            
          </steps><tips>
          花生米一定要在菜起锅前下锅，以免长时间在锅内翻炒，影响花生米的酥脆感
        </tips><tags>
        家常菜
        下饭菜
        宫保鸡丁
        川味宫保鸡丁
        家常宫保鸡丁
        不辣的宫保鸡丁
        川菜宫保鸡丁
      </tags></item></page_detail></extraction>