<?xml version="1.0" encoding="UTF-8"?><extraction><clueid>99353913</clueid><fullpath><![CDATA[http://www.xiachufang.com/recipe/260268/]]></fullpath><realpath><![CDATA[http://www.xiachufang.com/recipe/260268/]]></realpath><theme>food_detail_page</theme><middle>规则_2</middle><createdate>2019-5-14 20:9:17</createdate><pageno>0</pageno><actionno></actionno><actionvalue></actionvalue><prestamp>DSEngine-+--+-0</prestamp><currentstamp>DSEngine-+-ds_browser_top-+-1557835757172</currentstamp><timestamp>1557835757172</timestamp><baseURI><bucketBaseURI><bucketName>page_detail</bucketName><uri><![CDATA[http://www.xiachufang.com/recipe/260268/]]></uri></bucketBaseURI></baseURI><customInfo><![CDATA[]]></customInfo><dsName>DSEngine</dsName><dsThread>datascraper_top</dsThread><version>80700</version>
<page_detail><item><foodname>
      香菇鸭肉粥
    </foodname><score/><heat>14</heat><author>食尚先生王森</author><materials><item><mate>
                  

    鸭腿肉

                </mate><quantity>
                    100g
                </quantity></item><item><mate>
                  

    大米

                </mate><quantity>
                    100g
                </quantity></item><item><mate>
                  

    鲜香菇

                </mate><quantity>
                    4g
                </quantity></item><item><mate>
                  

    胡萝卜

                </mate><quantity>
                    1/4根
                </quantity></item><item><mate>
                  

    干淀粉

                </mate><quantity>
                    1/2茶匙
                </quantity></item><item><mate>
                  

    橄榄油

                </mate><quantity>
                    2茶匙
                </quantity></item><item><mate>
                  

    盐

                </mate><quantity>
                    适量
                </quantity></item><item><mate>
                  

    胡椒粉

                </mate><quantity>
                    少许
                </quantity></item><item><mate>
                  

    鸡粉

                </mate><quantity>
                    少许
                </quantity></item></materials><steps>
            
            
              将大米淘洗干净后，用清水浸泡30分钟
              
            
            
            
              将鸭腿肉切丝
              
            
            
            
              用少许盐、淀粉、1茶匙橄榄油拌匀，腌制30分钟
              
            
            
            
              将鲜香菇洗净切丝，胡萝卜切丝
              
            
            
            
              在锅中放入足量水烧开，放入浸泡后的大米和1茶匙橄榄油
              
            
            
            
              调大火煮开后，转小火继续煮20分钟
              
            
            
            
              再在里面加入香菇丝煮5分钟，再加入鸭肉丝煮开
              
            
            
            
              在步骤6里面加入盐、鸡精、胡椒粉，撒入葱姜末调匀即可
              
            
          </steps><tips>
          煮粥时加入一茶匙的橄榄油，煮成的粥米粒饱满，色泽鲜亮，同时也让粥更香,更滑,更醇厚。
橄榄油中的油酸含量与母乳中脂肪酸含量是婴儿最好的饮食补充品。
        </tips><tags>
        粥
        早餐
      </tags></item></page_detail></extraction>