<?xml version="1.0" encoding="UTF-8"?><extraction><clueid>99353388</clueid><fullpath><![CDATA[http://www.xiachufang.com/recipe/100371843/]]></fullpath><realpath><![CDATA[http://www.xiachufang.com/recipe/100371843/]]></realpath><theme>food_detail_page</theme><middle>规则_2</middle><createdate>2019-5-14 15:24:55</createdate><pageno>0</pageno><actionno></actionno><actionvalue></actionvalue><prestamp>DSEngine-+--+-0</prestamp><currentstamp>DSEngine-+-ds_browser_top-+-1557818695394</currentstamp><timestamp>1557818695394</timestamp><baseURI><bucketBaseURI><bucketName>page_detail</bucketName><uri><![CDATA[http://www.xiachufang.com/recipe/100371843/]]></uri></bucketBaseURI></baseURI><customInfo><![CDATA[]]></customInfo><dsName>DSEngine</dsName><dsThread>datascraper_top</dsThread><version>80700</version>
<page_detail><item><foodname>
      广东粥 西洋芹猪肉滑蛋粥 清热去火
    </foodname><score/><heat>12</heat><author>岳阳Shinygogo</author><materials><item><mate>
                  

    西洋芹

                </mate><quantity>
                    2棵
                </quantity></item><item><mate>
                  

    猪肉（丝/丁）

                </mate><quantity>
                    随意
                </quantity></item><item><mate>
                  

    鸡蛋

                </mate><quantity>
                    2-3个
                </quantity></item><item><mate>
                  

    米

                </mate><quantity>
                    1中碗
                </quantity></item><item><mate>
                  

    生姜

                </mate><quantity>
                    1块
                </quantity></item><item><mate>
                  

    小葱

                </mate><quantity>
                    1棵
                </quantity></item><item><mate>
                  

    盐

                </mate><quantity>
                    3小勺
                </quantity></item><item><mate>
                  

    鸡精

                </mate><quantity>
                    2小勺
                </quantity></item><item><mate>
                  

    料酒

                </mate><quantity>
                    2小勺
                </quantity></item></materials><steps>
            
            
              1⃣️猪肉用料酒、生姜、盐腌制一下，放边上。2⃣️小葱切丁。3⃣️生姜切片。4⃣️西洋芹切丁，叶子可留可不留。
              
            
            
            
              1⃣️把猪肉、生姜、米放入锅中加大量冷水煮沸（跟普通粥那样煮）。2⃣️粥沸腾了加入西洋芹、盐、鸡精。不断搅拌，文火继续煮。
              
            
            
            
              粥煮至粘稠，加入小葱（不爱吃葱可不加），加入生鸡蛋随粥一起搅拌几下后，盖上盖子文火煮3分钟，后关火置放15分钟以上。
              
            
          </steps><tips/><tags>
        粥
      </tags></item></page_detail></extraction>