<?xml version="1.0" encoding="UTF-8"?><extraction><clueid>99353390</clueid><fullpath><![CDATA[http://www.xiachufang.com/recipe/100378547/]]></fullpath><realpath><![CDATA[http://www.xiachufang.com/recipe/100378547/]]></realpath><theme>food_detail_page</theme><middle>规则_2</middle><createdate>2019-5-14 15:25:23</createdate><pageno>0</pageno><actionno></actionno><actionvalue></actionvalue><prestamp>DSEngine-+--+-0</prestamp><currentstamp>DSEngine-+-ds_browser_top-+-1557818723609</currentstamp><timestamp>1557818723609</timestamp><baseURI><bucketBaseURI><bucketName>page_detail</bucketName><uri><![CDATA[http://www.xiachufang.com/recipe/100378547/]]></uri></bucketBaseURI></baseURI><customInfo><![CDATA[]]></customInfo><dsName>DSEngine</dsName><dsThread>datascraper_top</dsThread><version>80700</version>
<page_detail><item><foodname>
      清火糖水
    </foodname><score/><heat>2</heat><author>小艺-19</author><materials><item><mate>
                  

    苹果和梨

                </mate><quantity>
                    500g
                </quantity></item><item><mate>
                  

    大枣和莲子

                </mate><quantity>
                    100g
                </quantity></item><item><mate>
                  

    冰糖

                </mate><quantity>
                    100g
                </quantity></item></materials><steps>
            
            
              水果切块
            
          </steps><tips/><tags>
        甜品
      </tags></item></page_detail></extraction>