<?xml version="1.0" encoding="UTF-8"?><extraction><clueid>99352713</clueid><fullpath><![CDATA[http://www.xiachufang.com/recipe/100353168/]]></fullpath><realpath><![CDATA[http://www.xiachufang.com/recipe/100353168/]]></realpath><theme>food_detail_page</theme><middle>规则_2</middle><createdate>2019-5-13 23:59:20</createdate><pageno>0</pageno><actionno></actionno><actionvalue></actionvalue><prestamp>DSEngine-+--+-0</prestamp><currentstamp>DSEngine-+-ds_browser_top-+-1557763160185</currentstamp><timestamp>1557763160185</timestamp><baseURI><bucketBaseURI><bucketName>page_detail</bucketName><uri><![CDATA[http://www.xiachufang.com/recipe/100353168/]]></uri></bucketBaseURI></baseURI><customInfo><![CDATA[]]></customInfo><dsName>DSEngine</dsName><dsThread>datascraper_top</dsThread><version>80700</version>
<page_detail><item><foodname>
      简单又好吃的红烧冬瓜
      </foodname><score>8.0</score><heat>1274</heat><author>小羽私厨</author><materials><item><mate>
                  

    冬瓜

                </mate><quantity>
                    1大块
                </quantity></item><item><mate>
                  

    葱花

                </mate><quantity>
                    
                </quantity></item><item><mate>
                  

    酱油

                </mate><quantity>
                    
                </quantity></item><item><mate>
                  

    糖

                </mate><quantity>
                    
                </quantity></item></materials><steps>
            
            
              先将冬瓜去皮切大块。
            
            
            
              炒锅倒油，油热了之后放入葱花呛锅，炒出香味后放入冬瓜块翻炒。
              
            
            
            
              炒到冬瓜表面略焦之后，倒入20ml的酱油，1小勺糖，大约5克左右，添水（如果有高汤加高汤更好），略微没过冬瓜块即可。
              
            
            
            
              大火将水烧开，然后盖上盖子，转小火焖10分钟。然后转大火收汁，不用彻底收干，留点汤拌米饭特别好吃。
            
          </steps><tips/><tags>
        快手菜
        素菜
        红烧
        红烧冬瓜
        红烧冬瓜球
        红烧排骨冬瓜
        冬瓜
        红烧
      </tags></item></page_detail></extraction>