<?xml version="1.0" encoding="UTF-8"?><extraction><clueid>99353106</clueid><fullpath><![CDATA[http://www.xiachufang.com/recipe/101771736/]]></fullpath><realpath><![CDATA[http://www.xiachufang.com/recipe/101771736/]]></realpath><theme>food_detail_page</theme><middle>规则_2</middle><createdate>2019-5-14 13:15:13</createdate><pageno>0</pageno><actionno></actionno><actionvalue></actionvalue><prestamp>DSEngine-+--+-0</prestamp><currentstamp>DSEngine-+-ds_browser_top-+-1557810913113</currentstamp><timestamp>1557810913113</timestamp><baseURI><bucketBaseURI><bucketName>page_detail</bucketName><uri><![CDATA[http://www.xiachufang.com/recipe/101771736/]]></uri></bucketBaseURI></baseURI><customInfo><![CDATA[]]></customInfo><dsName>DSEngine</dsName><dsThread>datascraper_top</dsThread><version>80700</version>
<page_detail><item><foodname>
      老妈蹄花
      </foodname><score>8.8</score><heat>92</heat><author>花边食事</author><materials><item><mate/><quantity>
                </quantity></item><item><mate>
                  

    猪手

                </mate><quantity>
                    2个
                </quantity></item><item><mate>
                  

    芸豆

                </mate><quantity>
                    200g
                </quantity></item><item><mate>
                  

    生姜

                </mate><quantity>
                    20g
                </quantity></item><item><mate>
                  

    葱

                </mate><quantity>
                    30g
                </quantity></item><item><mate/><quantity>
                </quantity></item><item><mate>
                  

    八角

                </mate><quantity>
                    2颗
                </quantity></item><item><mate>
                  

    花椒

                </mate><quantity>
                    一勺
                </quantity></item><item><mate>
                  

    香叶

                </mate><quantity>
                    3片
                </quantity></item><item><mate>
                  

    白酒

                </mate><quantity>
                    20ml
                </quantity></item><item><mate>
                  

    酱油

                </mate><quantity>
                    10ml
                </quantity></item><item><mate>
                  

    醋

                </mate><quantity>
                    10ml
                </quantity></item><item><mate>
                  

    红油辣椒

                </mate><quantity>
                    2勺
                </quantity></item><item><mate>
                  

    盐

                </mate><quantity>
                    根据个人口味添加
                </quantity></item></materials><steps>
            
            
              照理依旧先来一张全家福猪蹄最好买的时候让店家帮忙剁成小块，自己在家剁真的很伤刀，别问我咋知道的，都是眼泪...
              
            
            
            
              芸豆中加入适量的温水浸泡3-5小时，如果用凉水最好提前一晚浸泡，时间来不及也可以不用提前浸泡只是这样煮出来的豆子比较容易破影响品相
              
            
            
            
              锅中加入足量冷水放入猪蹄和花椒，八角，香叶后开火为猪蹄汆水去腥
              
            
            
            
              汆水后捞出，如果表面有很多血沫可以用热水洗去
              
            
            
            
              换口锅放入猪蹄，加入足量的清水（可以多放一些，汤汁真的是这道菜的精华）加入姜片，葱，盐，白酒（白酒的作用是为了去腥增香不会留下酒味吃了更不会醉，这点放心哈）
              
            
            
            
              边边视频中用的是电锅选择豆类蹄筋模式进行煲炖的，也可以改用砂锅小火慢炖3小时左右知道猪蹄跟芸豆软烂即可
              
            
            
            
              用酱油，醋，红油辣椒，葱花调配出一碗蘸水，猪蹄可以蘸其食用，酸辣解腻，别有一番风味
              
            
          </steps><tips>
          炖猪蹄时候可以多加些水哦，炖好后的汤汁鲜甜可口，真的让人欲罢不能。白酒一定要加哦品牌啊度数啊都不重要，它主要的作用就是增香去腥，再炖煮的过程中酒精会挥发不会留下酒味，不喝酒的朋友也不用担心会被“灌醉”哦，哈哈，喜欢的话快来交作业吧！
        </tips><tags>
        小吃
        视频菜谱
        老妈蹄花
        成都老妈蹄花
        香辣蹄花
        蹄花面
        海带蹄花汤
      </tags></item></page_detail></extraction>