<?xml version="1.0" encoding="UTF-8"?><extraction><clueid>99353285</clueid><fullpath><![CDATA[http://www.xiachufang.com/recipe/100368824/]]></fullpath><realpath><![CDATA[http://www.xiachufang.com/recipe/100368824/]]></realpath><theme>food_detail_page</theme><middle>规则_2</middle><createdate>2019-5-14 15:5:15</createdate><pageno>0</pageno><actionno></actionno><actionvalue></actionvalue><prestamp>DSEngine-+--+-0</prestamp><currentstamp>DSEngine-+-ds_browser_top-+-1557817515074</currentstamp><timestamp>1557817515074</timestamp><baseURI><bucketBaseURI><bucketName>page_detail</bucketName><uri><![CDATA[http://www.xiachufang.com/recipe/100368824/]]></uri></bucketBaseURI></baseURI><customInfo><![CDATA[]]></customInfo><dsName>DSEngine</dsName><dsThread>datascraper_top</dsThread><version>80700</version>
<page_detail><item><foodname>
      【火腿萝卜香菇汤】
      </foodname><score/><heat>14</heat><author>金字火腿</author><materials><item><mate>
                  

    金字金华火腿

                </mate><quantity>
                    150g
                </quantity></item><item><mate>
                  

    白萝卜

                </mate><quantity>
                    250g
                </quantity></item><item><mate>
                  

    新鲜香菇

                </mate><quantity>
                    50g
                </quantity></item><item><mate>
                  

    油

                </mate><quantity>
                    少许
                </quantity></item><item><mate>
                  

    生姜

                </mate><quantity>
                    少许
                </quantity></item></materials><steps>
            
            
              准备食材
              
            
            
            
              火腿切片，白萝卜滚刀切，香菇表面十字切，生姜切片。
              
            
            
            
              锅内倒入少许油，加热到8成热倒入生姜片煸炒出香味，倒入火腿片一同煸炒半分钟。
              
            
            
            
              倒入开水，放入白萝卜和香菇，开水没过食材。盖上锅盖中火煮15分钟。
              
            
            
            
              出锅前根据个人口味适量加入白糖和盐即可。
              
            
          </steps><tips/><tags>
        快手菜
        下饭菜
        减肥
        儿童
        老人
      </tags></item></page_detail></extraction>