<?xml version="1.0" encoding="UTF-8"?><extraction><clueid>99352797</clueid><fullpath><![CDATA[http://www.xiachufang.com/recipe/259970/]]></fullpath><realpath><![CDATA[http://www.xiachufang.com/recipe/259970/]]></realpath><theme>food_detail_page</theme><middle>规则_2</middle><createdate>2019-5-14 2:19:58</createdate><pageno>0</pageno><actionno></actionno><actionvalue></actionvalue><prestamp>DSEngine-+--+-0</prestamp><currentstamp>DSEngine-+-ds_browser_top-+-1557771598910</currentstamp><timestamp>1557771598910</timestamp><baseURI><bucketBaseURI><bucketName>page_detail</bucketName><uri><![CDATA[http://www.xiachufang.com/recipe/259970/]]></uri></bucketBaseURI></baseURI><customInfo><![CDATA[]]></customInfo><dsName>DSEngine</dsName><dsThread>datascraper_top</dsThread><version>80700</version>
<page_detail><item><foodname>
      红枣桂圆小米粥
    </foodname><score>7.5</score><heat>1032</heat><author>秋凉</author><materials><item><mate>
                  

    小米

                </mate><quantity>
                    半小碗（约150—200克）
                </quantity></item><item><mate>
                  

    大枣

                </mate><quantity>
                    3粒
                </quantity></item><item><mate>
                  

    桂圆干

                </mate><quantity>
                    20粒
                </quantity></item><item><mate>
                  

    枸杞

                </mate><quantity>
                    20颗
                </quantity></item></materials><steps>
            
            
              将小米用水冲洗一下，红枣去核撕小块，桂圆干和枸杞用水略冲洗一下
              
            
            
            
              将所有材料放入锅中，倒入约材料三-四倍的水（如果加冰糖可在此时一同放入），大火烧开，撇去上面的浮沫，转小火煮20分钟，至小米熟烂关火，再焖10分钟，此时粥就会变得比较粘稠好喝
              
            
          </steps><tips>
          1.煮粥看上去很容易，但要想煮得稀稠恰到好处也不那么容易，粥一般刚煮好时会感觉略稀，但焖一会儿后用勺子搅一下就会粘稠度刚好；如果刚煮好时粘稠度正好，那么放一会儿后就会变得更稠，就会显得干了；
2.煮粥时锅烧开后一般都要转小火来煮，这时很容易“扑”锅，我一般会在烧开时撇去浮沫（有沫就很容易导致扑锅，这是关键），转小火后将长把的饭勺放进去，饭勺的把会把锅盖和锅体分隔出一道小缝，这样让锅一直保持在微沸的状态下，再煮就基本不会“扑”锅了。
        </tips><tags>
        粥
        减肥
        宿舍
      </tags></item></page_detail></extraction>