<?xml version="1.0" encoding="UTF-8"?><extraction><clueid>99352571</clueid><fullpath><![CDATA[http://www.xiachufang.com/recipe/100500400/]]></fullpath><realpath><![CDATA[http://www.xiachufang.com/recipe/100500400/]]></realpath><theme>food_detail_page</theme><middle>规则_2</middle><createdate>2019-5-13 23:19:57</createdate><pageno>0</pageno><actionno></actionno><actionvalue></actionvalue><prestamp>DSEngine-+--+-0</prestamp><currentstamp>DSEngine-+-ds_browser_top-+-1557760797188</currentstamp><timestamp>1557760797188</timestamp><baseURI><bucketBaseURI><bucketName>page_detail</bucketName><uri><![CDATA[http://www.xiachufang.com/recipe/100500400/]]></uri></bucketBaseURI></baseURI><customInfo><![CDATA[]]></customInfo><dsName>DSEngine</dsName><dsThread>datascraper_top</dsThread><version>80700</version>
<page_detail><item><foodname>
      薯片牛油果大虾沙拉
      </foodname><score>8.6</score><heat>2514</heat><author>细嗅蔷薇natalie</author><materials><item><mate>
                  

    牛油果

                </mate><quantity>
                    1个
                </quantity></item><item><mate>
                  

    黄瓜

                </mate><quantity>
                    半根
                </quantity></item><item><mate>
                  

    芒果

                </mate><quantity>
                    中等的一个
                </quantity></item><item><mate>
                  

    虾仁（我是鲜虾现剥的）

                </mate><quantity>
                    适量
                </quantity></item><item><mate>
                  

    沙拉酱（或者浓稠酸奶）

                </mate><quantity>
                    适量
                </quantity></item><item><mate>
                  

    青芥末

                </mate><quantity>
                    一小段
                </quantity></item><item><mate>
                  

    原味薯片

                </mate><quantity>
                    若干
                </quantity></item></materials><steps>
            
            
              牛油果取出果肉，切成小丁（黄豆那么大）虾仁用水煮熟，我是直接煮了鲜虾剥出来的，所以颜色是红红的蛮好看。黄瓜和芒果果肉也切成小丁。虾仁留几个完整的漂亮的做最后的装饰，其余的也切成小丁。
              
            
            
            
              所有切好的材料放入一只大碗，这个时候沙拉的调味你有两个选择：1是直接用沙拉酱加一段青芥末拌匀。2如果你想要更低脂健康一些的，就用浓稠酸奶加一点青芥末来代替，同样也很好味。如果是用酸奶可以稍微放少许盐提味。
              
            
            
            
              牛油果沙拉拌匀后，用勺子把沙拉舀到薯片上，放一只虾仁装饰。OK，享用吧，咔嚓咔嚓停不下来！
              
            
            
            
              沙拉里面的4种食材，牛油果是cream的口感，黄瓜是脆的口感，芒果负责甜味，虾仁负责鲜味。这几样食材的奇妙搭配带来味觉上的完美体验，缺一不可哦！
            
          </steps><tips>
          青芥末就是吃三文鱼刺身的那种，是整个调味的灵魂，不用太多豌豆那么点儿就足够。薯片沙拉要现做现吃，时间长了薯片会吸收沙拉里的水分变得不脆影响口感了。
        </tips><tags>
        快手菜
        沙拉
      </tags></item></page_detail></extraction>