<?xml version="1.0" encoding="UTF-8"?><extraction><clueid>99353164</clueid><fullpath><![CDATA[http://www.xiachufang.com/recipe/102762779/]]></fullpath><realpath><![CDATA[http://www.xiachufang.com/recipe/102762779/]]></realpath><theme>food_detail_page</theme><middle>规则_2</middle><createdate>2019-5-14 13:38:6</createdate><pageno>0</pageno><actionno></actionno><actionvalue></actionvalue><prestamp>DSEngine-+--+-0</prestamp><currentstamp>DSEngine-+-ds_browser_top-+-1557812286572</currentstamp><timestamp>1557812286572</timestamp><baseURI><bucketBaseURI><bucketName>page_detail</bucketName><uri><![CDATA[http://www.xiachufang.com/recipe/102762779/]]></uri></bucketBaseURI></baseURI><customInfo><![CDATA[]]></customInfo><dsName>DSEngine</dsName><dsThread>datascraper_top</dsThread><version>80700</version>
<page_detail><item><foodname>
      补气养血五红汤（五红粥）
      </foodname><score>8.8</score><heat>48</heat><author>美丽的MJJ</author><materials><item><mate>
                  

    红枣（去核更好不易上火）

                </mate><quantity>
                    10粒
                </quantity></item><item><mate>
                  

    红小豆（赤小豆）

                </mate><quantity>
                    30克
                </quantity></item><item><mate>
                  

    枸杞子

                </mate><quantity>
                    10克
                </quantity></item><item><mate>
                  

    红花生仁（小粒的）

                </mate><quantity>
                    100克
                </quantity></item><item><mate>
                  

    红糖

                </mate><quantity>
                    40-50克
                </quantity></item><item><mate>
                  

    黑米（五红粥用）

                </mate><quantity>
                    50克-100克
                </quantity></item></materials><steps>
            
            
              把红枣，红豆，花生，枸杞子洗净，
              
            
            
            
              一起放电压力锅里加适量水，按煲汤键，选适合的口感键等着滴滴报警后，等限压阀没气了，打开盛出美美的享用吧！早晚各一碗。
              
            
          </steps><tips>
          1.选择带有预约功能的电饭煲，电压力锅，晚上睡前把食材洗净放锅里，选择煲汤按预约键调好时间。第二天早上就可以喝汤了，放保温杯带班上喝，尤其是寒冷的冬天，打开喝上一杯，暖暖的。  夏季不建议放保温杯。                                                         2.电饭煲每家都有，如果没有电压力锅，可以用砂锅，红小豆要洗好提前用水浸泡，天热放冰箱冷藏，豆子泡大再煮省煤气，好烂易熟。  可以煮熟后再加入红糖。最好是煮过更好。                                                                            4.注意:红糖:阴虚内热和有糖尿病的人不宜食用    5.桂圆孕妇不能吃。                                                 6.☞五红粥:红枣+花生+桂圆+黑米+红糖。把枸杞子换成桂圆在这汤的基础上加黑米一起放电压力锅焖熟。也很好吃。
        </tips><tags>
        补血
        粥
      </tags></item></page_detail></extraction>