<?xml version="1.0" encoding="UTF-8"?><extraction><clueid>99352798</clueid><fullpath><![CDATA[http://www.xiachufang.com/recipe/12314/]]></fullpath><realpath><![CDATA[http://www.xiachufang.com/recipe/12314/]]></realpath><theme>food_detail_page</theme><middle>规则_2</middle><createdate>2019-5-14 2:23:5</createdate><pageno>0</pageno><actionno></actionno><actionvalue></actionvalue><prestamp>DSEngine-+--+-0</prestamp><currentstamp>DSEngine-+-ds_browser_top-+-1557771785176</currentstamp><timestamp>1557771785176</timestamp><baseURI><bucketBaseURI><bucketName>page_detail</bucketName><uri><![CDATA[http://www.xiachufang.com/recipe/12314/]]></uri></bucketBaseURI></baseURI><customInfo><![CDATA[]]></customInfo><dsName>DSEngine</dsName><dsThread>datascraper_top</dsThread><version>80700</version>
<page_detail><item><foodname>
      干煎三文鱼
    </foodname><score>7.8</score><heat>1248</heat><author>美食情书</author><materials><item><mate>
                  

    三文鱼

                </mate><quantity>
                    一块
                </quantity></item><item><mate>
                  

    柠檬

                </mate><quantity>
                    小半个
                </quantity></item><item><mate>
                  

    盐

                </mate><quantity>
                    少许
                </quantity></item><item><mate>
                  

    黑胡椒碎

                </mate><quantity>
                    少许
                </quantity></item><item><mate>
                  

    橄榄油

                </mate><quantity>
                    少许
                </quantity></item></materials><steps>
            
            
              平时买回来的三文鱼不用怎么费事做就可以很好吃，把鱼洗净，切大块，或切成大片，放入盘中，加盐、黑胡椒、柠檬汁腌制
              
            
            
            
              平底锅内倒入适量橄榄油，再放入三文鱼中小火煎熟就可以了，不需过度加工就足够好吃了
              
            
            
            
              如果还有闲情，就再做个土豆泥和沙拉一起摆在盘中
              
            
          </steps><tips/><tags>
        减肥
        小清新
        煎
        宴客
        宿舍
        干煎三文鱼
        煎三文鱼
        xo酱煎三文鱼
        三文鱼
        干煎带鱼
      </tags></item></page_detail></extraction>