<?xml version="1.0" encoding="UTF-8"?><extraction><clueid>99353081</clueid><fullpath><![CDATA[http://www.xiachufang.com/recipe/102418170/]]></fullpath><realpath><![CDATA[http://www.xiachufang.com/recipe/102418170/]]></realpath><theme>food_detail_page</theme><middle>规则_2</middle><createdate>2019-5-14 12:56:25</createdate><pageno>0</pageno><actionno></actionno><actionvalue></actionvalue><prestamp>DSEngine-+--+-0</prestamp><currentstamp>DSEngine-+-ds_browser_top-+-1557809785915</currentstamp><timestamp>1557809785915</timestamp><baseURI><bucketBaseURI><bucketName>page_detail</bucketName><uri><![CDATA[http://www.xiachufang.com/recipe/102418170/]]></uri></bucketBaseURI></baseURI><customInfo><![CDATA[]]></customInfo><dsName>DSEngine</dsName><dsThread>datascraper_top</dsThread><version>80700</version>
<page_detail><item><foodname>
      【小森妈妈菜谱】28天调理药膳-祛湿养颜汤
      </foodname><score>9.7</score><heat>66</heat><author>小森的妈妈</author><materials><item><mate>
                  

    赤小豆

                </mate><quantity>
                    适量
                </quantity></item><item><mate>
                  

    薏米

                </mate><quantity>
                    适量
                </quantity></item><item><mate>
                  

    燕麦

                </mate><quantity>
                    适量
                </quantity></item><item><mate>
                  

    黑豆

                </mate><quantity>
                    适量
                </quantity></item><item><mate>
                  

    冰糖

                </mate><quantity>
                    适量
                </quantity></item></materials><steps>
            
            
              将四种材料（赤小豆、薏米、燕麦、黑豆）提前浸泡一晚。
              
            
            
            
              开始煮豆啦~Tips:用冷水煮豆，更易煮烂噢~
              
            
            
            
              沸腾后转小火炖烂。
              
            
            
            
              将食材煮到“开花”后，加入适量冰糖调味，即可享用~
              
            
          </steps><tips>
          因每个人的体质不尽相同，所以如果有小伙伴觉得这道祛湿汤比较凉，可以适量加一些北芪调整。_______________________________________________喜欢养生的小女子，有兴趣可以交流。微信：eljewelry
        </tips><tags>
        全部菜单
      </tags></item></page_detail></extraction>