<?xml version="1.0" encoding="UTF-8"?><extraction><clueid>99352897</clueid><fullpath><![CDATA[http://www.xiachufang.com/recipe/100567772/]]></fullpath><realpath><![CDATA[http://www.xiachufang.com/recipe/100567772/]]></realpath><theme>food_detail_page</theme><middle>规则_2</middle><createdate>2019-5-14 11:4:32</createdate><pageno>0</pageno><actionno></actionno><actionvalue></actionvalue><prestamp>DSEngine-+--+-0</prestamp><currentstamp>DSEngine-+-ds_browser_top-+-1557803072038</currentstamp><timestamp>1557803072038</timestamp><baseURI><bucketBaseURI><bucketName>page_detail</bucketName><uri><![CDATA[http://www.xiachufang.com/recipe/100567772/]]></uri></bucketBaseURI></baseURI><customInfo><![CDATA[]]></customInfo><dsName>DSEngine</dsName><dsThread>datascraper_top</dsThread><version>80700</version>
<page_detail><item><foodname>
      老丁的私房菜-尖椒鸡
      </foodname><score>7.9</score><heat>392</heat><author>老丁的私房菜</author><materials><item><mate>
                  

    鸡腿

                </mate><quantity>
                    2个
                </quantity></item><item><mate>
                  

    二条青

                </mate><quantity>
                    15个
                </quantity></item><item><mate>
                  

    青花椒（花椒）

                </mate><quantity>
                    1把
                </quantity></item></materials><steps>
            
            
              鸡肉洗净斩成小块，由于老丁自己家吃分量较少，所以用了两个鸡腿，可以用半只鸡，人多一只也可。鸡肉用盐，料酒，白胡椒粉，一点糖，然后加入淀粉抓匀，注意淀粉的量要控制，保证鸡肉有薄薄一层就可以了，多了就裹起来了，少了容易老。
              
            
            
            
              抓匀的鸡块，很薄的一层淀粉
              
            
            
            
              二条青洗净，这里最好是青红搭配，菜出来的颜色好看，青红3：1比例，老丁这次家里只有青色的，就只用了这种，洗净切小段备用
              
            
            
            
              座一锅油，油要多一些，尖椒鸡的鸡肉要下锅炸
              
            
            
            
              6成热左右下锅，炸至表面变色，表面边缘略有一点点焦色就可以捞出锅控油。注意鸡肉别炸大了。炸久了就硬了，鸡肉老了不好吃，正好的火候是表面略有一点点硬，里面很嫩为佳。
              
            
            
            
              注意炸好的鸡肉，表面只是略焦，因为裹了淀粉，里面的肉很嫩。
              
            
            
            
              锅内留一点底油，这里油就别多了锅底略有一点即可，因为捞出的鸡肉带油，这个菜并不要求油。底油烧热，倒入青红椒，这里火要大
              
            
            
            
              青椒表面略有一点炸痕就可以倒入花椒，花椒的多少以个人喜好为主，但是重庆菜的风格花椒一定要多，如果要麻最好是以青花椒为佳，老丁这次没买到，就用的一般花椒。
              
            
            
            
              炒出香味，加入鸡肉，大火略微翻炒几下（因为鸡肉已经熟了，所以不用炒久了，三五下炒匀即可），然后沿锅沿倒入一点料酒，让酒气蒸腾去腥，再转小火调味，加入一点盐，前面鸡肉腌制的时候加了盐，这里只需要加一点点就好，让青椒略带一点咸味，加入一点糖回味（别多了，一点点即可），最后加入味精或者鸡精出锅即可。
              
            
          </steps><tips/><tags>
        快手菜
        家常菜
        下饭菜
        宴客
        辣
        减肥
      </tags></item></page_detail></extraction>