<?xml version="1.0" encoding="UTF-8"?><extraction><clueid>99353941</clueid><fullpath><![CDATA[http://www.xiachufang.com/recipe/182817/]]></fullpath><realpath><![CDATA[http://www.xiachufang.com/recipe/182817/]]></realpath><theme>food_detail_page</theme><middle>规则_2</middle><createdate>2019-5-14 20:38:34</createdate><pageno>0</pageno><actionno></actionno><actionvalue></actionvalue><prestamp>DSEngine-+--+-0</prestamp><currentstamp>DSEngine-+-ds_browser_top-+-1557837514952</currentstamp><timestamp>1557837514952</timestamp><baseURI><bucketBaseURI><bucketName>page_detail</bucketName><uri><![CDATA[http://www.xiachufang.com/recipe/182817/]]></uri></bucketBaseURI></baseURI><customInfo><![CDATA[]]></customInfo><dsName>DSEngine</dsName><dsThread>datascraper_top</dsThread><version>80700</version>
<page_detail><item><foodname>
      杂骨菌菇汤
    </foodname><score/><heat>9</heat><author>月亮晶晶</author><materials><item><mate>
                  

    猪杂骨

                </mate><quantity>
                    
                </quantity></item><item><mate>
                  

    各类菌菇

                </mate><quantity>
                    
                </quantity></item><item><mate>
                  

    西洋参

                </mate><quantity>
                    五六片
                </quantity></item><item><mate>
                  

    枸杞子

                </mate><quantity>
                    五六颗.
                </quantity></item><item><mate>
                  

    盐

                </mate><quantity>
                    
                </quantity></item><item><mate>
                  

    白胡椒粉

                </mate><quantity>
                    
                </quantity></item><item><mate>
                  

    姜

                </mate><quantity>
                    
                </quantity></item><item><mate>
                  

    葱

                </mate><quantity>
                    
                </quantity></item><item><mate>
                  

    料酒

                </mate><quantity>
                    
                </quantity></item></materials><steps>
            
            
              猪杂骨洗净，锅里水烧开把杂骨放入焯水后，捞出冲洗干净
            
            
            
              焯过水的杂骨放入锅中，倒入足够量的冷水，放姜葱，料酒，几片西洋参，煮开后转小火煲半个小时
            
            
            
              半小时后，放入盐水泡过的菌菇和枸杞子，继续煲半个小时，出锅前加盐和白胡椒粉调味即可
            
          </steps><tips>
          1.骨头煲汤一定要事先绰水，因为骨头里面血水比较多，绰水好的骨头要用水冲洗干净表面的脏东西再煲汤，这样煲出来的汤干净无异味。
2.煮汤的骨头，如果是杂骨，因为煲出来的汤比较清爽，所以一般我会配上菌菇类；如果是猪筒骨，煲出来的汤就比较油了，我会配上萝卜之类的，萝卜可以吸走一部分汤里的油份，汤不会显的太油腻，萝卜吸收了汤里的油份口感也非常好。
3.煲汤的菌菇，可以自由搭配，但是不建议选草菇、香菇这些会影响汤色的菌菇。（用草菇，香菇煲汤会使汤的颜色变深）
4.菌菇类买回后，记得先用清水洗净，再放入盐水中浸泡之后再开始做菜哦。
        </tips><tags>
        全部菜单
      </tags></item></page_detail></extraction>