<?xml version="1.0" encoding="UTF-8"?><extraction><clueid>99353828</clueid><fullpath><![CDATA[http://www.xiachufang.com/recipe/243892/]]></fullpath><realpath><![CDATA[http://www.xiachufang.com/recipe/243892/]]></realpath><theme>food_detail_page</theme><middle>规则_2</middle><createdate>2019-5-14 19:17:4</createdate><pageno>0</pageno><actionno></actionno><actionvalue></actionvalue><prestamp>DSEngine-+--+-0</prestamp><currentstamp>DSEngine-+-ds_browser_top-+-1557832624797</currentstamp><timestamp>1557832624797</timestamp><baseURI><bucketBaseURI><bucketName>page_detail</bucketName><uri><![CDATA[http://www.xiachufang.com/recipe/243892/]]></uri></bucketBaseURI></baseURI><customInfo><![CDATA[]]></customInfo><dsName>DSEngine</dsName><dsThread>datascraper_top</dsThread><version>80700</version>
<page_detail><item><foodname>
      酒酿银耳糖水
    </foodname><score/><heat>39</heat><author>云朵朵</author><materials><item><mate>
                  

    干银耳

                </mate><quantity>
                    4朵
                </quantity></item><item><mate>
                  

    酒酿

                </mate><quantity>
                    适量
                </quantity></item><item><mate>
                  

    冰糖

                </mate><quantity>
                    1大块
                </quantity></item><item><mate>
                  

    鸡蛋

                </mate><quantity>
                    1只
                </quantity></item></materials><steps>
            
            
              干银耳用温水泡发，去根和硬质物，将花朵清洗干净
            
            
            
              放入适量清水，将银耳煮半小时后，加入冰糖再煮半小时
            
            
            
              另取小锅，舀入适量银耳
            
            
            
              开小火，打散鸡蛋，将蛋液慢慢倒入银耳汤内，快速将蛋液划散，形成蛋花
            
            
            
              添加入适量酒酿即可
            
          </steps><tips>
          1、煮好的银耳要尽快食用，否则营养成分会消失，现吃现煮最好。
2、根据人数舀出适量银耳再加入鸡蛋，否则银耳汤会发腻
        </tips><tags>
        甜品
        补血
      </tags></item></page_detail></extraction>