<?xml version="1.0" encoding="UTF-8"?><extraction><clueid>99353891</clueid><fullpath><![CDATA[http://www.xiachufang.com/recipe/33855/]]></fullpath><realpath><![CDATA[http://www.xiachufang.com/recipe/33855/]]></realpath><theme>food_detail_page</theme><middle>规则_2</middle><createdate>2019-5-14 19:58:45</createdate><pageno>0</pageno><actionno></actionno><actionvalue></actionvalue><prestamp>DSEngine-+--+-0</prestamp><currentstamp>DSEngine-+-ds_browser_top-+-1557835125917</currentstamp><timestamp>1557835125917</timestamp><baseURI><bucketBaseURI><bucketName>page_detail</bucketName><uri><![CDATA[http://www.xiachufang.com/recipe/33855/]]></uri></bucketBaseURI></baseURI><customInfo><![CDATA[]]></customInfo><dsName>DSEngine</dsName><dsThread>datascraper_top</dsThread><version>80700</version>
<page_detail><item><foodname>
      冰糖桂花炖梨
    </foodname><score/><heat>23</heat><author>烟火间</author><materials><item><mate>
                  

    梨子

                </mate><quantity>
                    1个
                </quantity></item><item><mate>
                  

    桂花酱

                </mate><quantity>
                    1小勺
                </quantity></item><item><mate>
                  

    冰糖

                </mate><quantity>
                    1大勺
                </quantity></item><item><mate>
                  

    红枣

                </mate><quantity>
                    数颗
                </quantity></item><item><mate>
                  

    水

                </mate><quantity>
                    半碗
                </quantity></item></materials><steps>
            
            
              梨子削去外皮，放入一个深碗中
            
            
            
              加入半碗水、冰糖、桂花酱和红枣
            
            
            
              隔水蒸20-30分钟
              
            
            
            
              很清润的甜品 ，来一碗
              
            
          </steps><tips/><tags>
        全部菜单
      </tags></item></page_detail></extraction>