<?xml version="1.0" encoding="UTF-8"?><extraction><clueid>99352835</clueid><fullpath><![CDATA[http://www.xiachufang.com/recipe/21256/]]></fullpath><realpath><![CDATA[http://www.xiachufang.com/recipe/21256/]]></realpath><theme>food_detail_page</theme><middle>规则_2</middle><createdate>2019-5-14 10:14:4</createdate><pageno>0</pageno><actionno></actionno><actionvalue></actionvalue><prestamp>DSEngine-+--+-0</prestamp><currentstamp>DSEngine-+-ds_browser_top-+-1557800044499</currentstamp><timestamp>1557800044499</timestamp><baseURI><bucketBaseURI><bucketName>page_detail</bucketName><uri><![CDATA[http://www.xiachufang.com/recipe/21256/]]></uri></bucketBaseURI></baseURI><customInfo><![CDATA[]]></customInfo><dsName>DSEngine</dsName><dsThread>datascraper_top</dsThread><version>80700</version>
<page_detail><item><foodname>
      土豆泥
    </foodname><score>7.1</score><heat>838</heat><author>厦门媳妇山城妹</author><materials><item><mate>
                  

    土豆

                </mate><quantity>
                    3个
                </quantity></item><item><mate>
                  

    盐

                </mate><quantity>
                    
                </quantity></item><item><mate>
                  

    鸡精

                </mate><quantity>
                    
                </quantity></item><item><mate>
                  

    水淀粉

                </mate><quantity>
                    
                </quantity></item><item><mate>
                  

    葱花

                </mate><quantity>
                    
                </quantity></item></materials><steps>
            
            
              将土豆放锅里煮熟，剥去皮，捣成泥
            
            
            
              锅底少许油，倒入葱花爆香，再倒入土豆泥，盐，鸡精拌匀即可
            
          </steps><tips/><tags>
        快手菜
        减肥
        素菜
        宿舍
        土豆泥
        风味土豆泥
        蓝莓土豆泥
        薄荷土豆泥
        酸奶土豆泥
      </tags></item></page_detail></extraction>