<?xml version="1.0" encoding="UTF-8"?><extraction><clueid>99352281</clueid><fullpath><![CDATA[http://www.xiachufang.com/recipe/100480082/]]></fullpath><realpath><![CDATA[http://www.xiachufang.com/recipe/100480082/]]></realpath><theme>food_detail_page</theme><middle>规则_2</middle><createdate>2019-5-13 22:28:43</createdate><pageno>0</pageno><actionno></actionno><actionvalue></actionvalue><prestamp>DSEngine-+--+-0</prestamp><currentstamp>DSEngine-+-ds_browser_top-+-1557757723850</currentstamp><timestamp>1557757723850</timestamp><baseURI><bucketBaseURI><bucketName>page_detail</bucketName><uri><![CDATA[http://www.xiachufang.com/recipe/100480082/]]></uri></bucketBaseURI></baseURI><customInfo><![CDATA[]]></customInfo><dsName>DSEngine</dsName><dsThread>datascraper_top</dsThread><version>80700</version>
<page_detail><item><foodname>
      卤三鸡(鸡腿/鸡翅/鸡蛋)
      </foodname><score>8.5</score><heat>4492</heat><author>Cyond杨</author><materials><item><mate>
                  

    鸡腿

                </mate><quantity>
                    2只
                </quantity></item><item><mate>
                  

    鸡翅

                </mate><quantity>
                    6只
                </quantity></item><item><mate>
                  

    鸡蛋

                </mate><quantity>
                    4只
                </quantity></item><item><mate>
                  

    八角

                </mate><quantity>
                    3个
                </quantity></item><item><mate>
                  

    桂皮

                </mate><quantity>
                    2段
                </quantity></item><item><mate>
                  

    草果

                </mate><quantity>
                    2个
                </quantity></item><item><mate>
                  

    香叶

                </mate><quantity>
                    2片
                </quantity></item><item><mate>
                  

    花椒(不吃辣可不放)

                </mate><quantity>
                    3g
                </quantity></item><item><mate>
                  

    辣椒(不吃辣可不放)

                </mate><quantity>
                    2个
                </quantity></item><item><mate>
                  

    葱段

                </mate><quantity>
                    6段
                </quantity></item><item><mate>
                  

    姜片

                </mate><quantity>
                    2片
                </quantity></item><item><mate>
                  

    生抽

                </mate><quantity>
                    4汤勺
                </quantity></item><item><mate>
                  

    老抽

                </mate><quantity>
                    2汤勺
                </quantity></item><item><mate>
                  

    陈醋

                </mate><quantity>
                    2汤勺
                </quantity></item><item><mate>
                  

    蚝油

                </mate><quantity>
                    1汤勺
                </quantity></item><item><mate>
                  

    冰糖

                </mate><quantity>
                    1汤勺
                </quantity></item><item><mate>
                  

    芝麻油

                </mate><quantity>
                    1茶勺
                </quantity></item><item><mate>
                  

    盐(调整用)

                </mate><quantity>
                    半汤勺
                </quantity></item></materials><steps>
            
            
              鸡翅洗干净焯水（水开放食材进去煮至水再次沸腾，大概三四分钟即可），起锅用急自来水冲30秒，沥水备用；鸡蛋水煮至熟，剥壳备用。焯水，就是将初步加工的原料放在开水锅中加热至半熟或全熟，取出以备进一步烹调或调味。⚠️图片是后来补的，就没有准备鸡腿🍗了…
              
            
            
            
              准备卤水配料，辣椒需要切断(桂皮、草果害羞没有入镜😳)⚠️别私信问我什么是草果，什么是桂皮了，大家都是无所不能的好厨娘，可以自行百度一下。
              
            
            
            
              鸡翅、鸡蛋以及卤水配料放小奶锅，先加淹没鸡翅鸡蛋一半的清水
              
            
            
            
              加生抽4汤勺、老抽2汤勺、陈醋2汤勺、蚝油1汤勺、冰糖1汤勺、芝麻油1茶勺、盐(调整用)半汤勺(可不加)，加完所有调料应该刚好覆盖了鸡翅鸡蛋，如果还未覆盖，请继续添加清水至完全覆盖PS：汤勺是图片上的，具体一汤勺容量为多少我没具体量过
              
            
            
            
              大火煮开转中小火煮30分钟，想软绵一点的可以多煮一会儿，直至自己喜欢的程度。⚠️出锅前，试下咸度，试下咸度，试下咸度，便于做些调整。PS：请一定细心看心得，尤其是出锅前试下咸度非常必要！
              
            
            
            
              最后简单摆盘就可以吃大餐啦~
              
            
          </steps><tips>
          1、鸡腿鸡翅灼水之后冲水，是为了鸡皮在后期的卤的过程中不至于破皮且能保持弹性；2、鸡蛋、鸡腿在卤的过程中，还是建议中间破个洞，便于入味；3、多余的卤汁，把渣渣过滤掉，煮开放凉，三五天要用可密封放冷藏保存，长时间不用密封放冷冻保存(每一个月必须拿出来解冻煮沸一次)，但是如果卤了羊肉，豆干，莲藕这些大气味的食物就只能冷藏放三两天了……4、鉴于大家使用的锅具大小不同，建议在出锅前，试下咸度，便于做些调整；5、菜谱中的食材也不局限在“三鸡”，还可以添加鸡脚、五花肉、豆干(豆干比较吸味，注意增减调味料)、土豆、芋仔等等，大家自由发挥；6、好多小伙伴问我这个卤出来是不是都是这个色泽，我只能告诉你，色泽跟老抽生抽的品牌，和水分的多少，火力的大小（水分挥发问题）等都有密切关系…7、生抽我一般用味极鲜，老抽、醋等等我都忘记当时的品牌了…
        </tips><tags>
        卤
        宴客
        快手菜
        端午节
        年夜饭
        家常菜
        乡巴佬卤鸡蛋
        乡巴佬鸡蛋
        卤鸡蛋
        乡巴佬蛋
        乡巴佬卤蛋
      </tags></item></page_detail></extraction>