<?xml version="1.0" encoding="UTF-8"?><extraction><clueid>99353832</clueid><fullpath><![CDATA[http://www.xiachufang.com/recipe/1025883/]]></fullpath><realpath><![CDATA[http://www.xiachufang.com/recipe/1025883/]]></realpath><theme>food_detail_page</theme><middle>规则_2</middle><createdate>2019-5-14 19:25:56</createdate><pageno>0</pageno><actionno></actionno><actionvalue></actionvalue><prestamp>DSEngine-+--+-0</prestamp><currentstamp>DSEngine-+-ds_browser_top-+-1557833156603</currentstamp><timestamp>1557833156603</timestamp><baseURI><bucketBaseURI><bucketName>page_detail</bucketName><uri><![CDATA[http://www.xiachufang.com/recipe/1025883/]]></uri></bucketBaseURI></baseURI><customInfo><![CDATA[]]></customInfo><dsName>DSEngine</dsName><dsThread>datascraper_top</dsThread><version>80700</version>
<page_detail><item><foodname>
      潮汕咸菜苦瓜汤
    </foodname><score/><heat>27</heat><author>耕心</author><materials><item><mate>
                  

    苦瓜

                </mate><quantity>
                </quantity></item><item><mate>
                  

    潮汕咸菜

                </mate><quantity>
                </quantity></item><item><mate>
                  

    鸡粉

                </mate><quantity>
                </quantity></item></materials><steps>
            
            
              食材：潮汕咸菜、肋排、浸泡好的黄豆和苦瓜
              
            
            
            
              将肋排放入炒锅，大火煮滚，捞起肋排，水倒掉，捞起的肋排用清水再次冲干净
              
            
            
            
              将肋排和黄豆放入砂锅中，一次性注满清水，大火煮滚，转小火煲30分钟
              
            
            
            
              利用煲汤的时间，将苦瓜浸泡30分钟，将浸泡好的苦瓜切掉头尾，对半切，去核，切块
              
            
            
            
              将适量的潮汕咸菜切丝，用清水洗净
              
            
            
            
              将苦瓜灼一下，放入汤汁中
              
            
            
            
              大火煮滚，捞去泡沫，盖锅盖，小火煲30分钟，下适量的鸡粉调味，拌匀，关火，即可上桌享用啦(*^__^*) 嘻嘻……
              
            
          </steps><tips/><tags>
        全部菜单
      </tags></item></page_detail></extraction>