<?xml version="1.0" encoding="UTF-8"?><extraction><clueid>99353321</clueid><fullpath><![CDATA[http://www.xiachufang.com/recipe/100304392/]]></fullpath><realpath><![CDATA[http://www.xiachufang.com/recipe/100304392/]]></realpath><theme>food_detail_page</theme><middle>规则_2</middle><createdate>2019-5-14 15:12:12</createdate><pageno>0</pageno><actionno></actionno><actionvalue></actionvalue><prestamp>DSEngine-+--+-0</prestamp><currentstamp>DSEngine-+-ds_browser_top-+-1557817932174</currentstamp><timestamp>1557817932174</timestamp><baseURI><bucketBaseURI><bucketName>page_detail</bucketName><uri><![CDATA[http://www.xiachufang.com/recipe/100304392/]]></uri></bucketBaseURI></baseURI><customInfo><![CDATA[]]></customInfo><dsName>DSEngine</dsName><dsThread>datascraper_top</dsThread><version>80700</version>
<page_detail><item><foodname>
      清火养肝明目茶
      </foodname><score/><heat>2</heat><author>小羽私厨</author><materials><item><mate>
                  

    枸杞

                </mate><quantity>
                    10粒
                </quantity></item><item><mate>
                  

    菊花

                </mate><quantity>
                    2、3朵
                </quantity></item><item><mate>
                  

    决明子

                </mate><quantity>
                    1小勺
                </quantity></item></materials><steps>
            
            
              取枸杞子，胎菊，决明子，放入杯中，用沸水冲泡，加盖焖10分钟即可，可代茶频饮，每泡可冲泡3到5次。可加冰糖或蜂蜜调味。
            
          </steps><tips/><tags>
        饮品
      </tags></item></page_detail></extraction>