<?xml version="1.0" encoding="UTF-8"?><extraction><clueid>99353763</clueid><fullpath><![CDATA[http://www.xiachufang.com/recipe/1003307/]]></fullpath><realpath><![CDATA[http://www.xiachufang.com/recipe/1003307/]]></realpath><theme>food_detail_page</theme><middle>规则_2</middle><createdate>2019-5-14 17:28:46</createdate><pageno>0</pageno><actionno></actionno><actionvalue></actionvalue><prestamp>DSEngine-+--+-0</prestamp><currentstamp>DSEngine-+-ds_browser_top-+-1557826126975</currentstamp><timestamp>1557826126975</timestamp><baseURI><bucketBaseURI><bucketName>page_detail</bucketName><uri><![CDATA[http://www.xiachufang.com/recipe/1003307/]]></uri></bucketBaseURI></baseURI><customInfo><![CDATA[]]></customInfo><dsName>DSEngine</dsName><dsThread>datascraper_top</dsThread><version>80700</version>
<page_detail><item><foodname>
      冰糖莲藕糖水
    </foodname><score>8.6</score><heat>69</heat><author>小白素食记录</author><materials><item><mate>
                  

    莲藕

                </mate><quantity>
                    一节
                </quantity></item><item><mate>
                  

    冰糖

                </mate><quantity>
                    适量
                </quantity></item></materials><steps>
            
            
              莲藕洗净切丁，如果有洗不净地方就切掉
            
            
            
              放入砂锅中加足量水，烧开后转小火煮半小时
            
            
            
              关火之前几分钟加冰糖适量煮化喝的时候滤掉渣子喝汤即可
            
          </steps><tips/><tags>
        饮品
        润肺抗燥
        甜品
        果汁
        素菜
        素食
        冰糖莲藕糖水
        冰糖莲藕
        冰糖莲藕荸荠
        冰糖雪梨糖水
        冰糖银耳糖水
      </tags></item></page_detail></extraction>