<?xml version="1.0" encoding="UTF-8"?><extraction><clueid>99353512</clueid><fullpath><![CDATA[http://www.xiachufang.com/recipe/102819382/]]></fullpath><realpath><![CDATA[http://www.xiachufang.com/recipe/102819382/]]></realpath><theme>food_detail_page</theme><middle>规则_2</middle><createdate>2019-5-14 15:43:46</createdate><pageno>0</pageno><actionno></actionno><actionvalue></actionvalue><prestamp>DSEngine-+--+-0</prestamp><currentstamp>DSEngine-+-ds_browser_top-+-1557819826805</currentstamp><timestamp>1557819826805</timestamp><baseURI><bucketBaseURI><bucketName>page_detail</bucketName><uri><![CDATA[http://www.xiachufang.com/recipe/102819382/]]></uri></bucketBaseURI></baseURI><customInfo><![CDATA[]]></customInfo><dsName>DSEngine</dsName><dsThread>datascraper_top</dsThread><version>80700</version>
<page_detail><item><foodname>
      清火润肺汤
    </foodname><score/><heat>0</heat><author>杨小琦77</author><materials><item><mate>
                  

    原料

                </mate><quantity>
                    
                </quantity></item><item><mate>
                  

    腔骨

                </mate><quantity>
                    300g
                </quantity></item><item><mate>
                  

    猪通脊

                </mate><quantity>
                    200g
                </quantity></item><item><mate>
                  

    老姜

                </mate><quantity>
                    1块
                </quantity></item><item><mate>
                  

    清水

                </mate><quantity>
                    2000ml
                </quantity></item><item><mate>
                  

    盐

                </mate><quantity>
                    1勺
                </quantity></item><item><mate>
                  

    汤料

                </mate><quantity>
                    
                </quantity></item><item><mate>
                  

    罗汉果

                </mate><quantity>
                    1个（10g）
                </quantity></item><item><mate>
                  

    红枣

                </mate><quantity>
                    2颗（20g）
                </quantity></item><item><mate>
                  

    玉竹

                </mate><quantity>
                    20g
                </quantity></item><item><mate>
                  

    蜜枣

                </mate><quantity>
                    4颗（40g）
                </quantity></item><item><mate>
                  

    百合

                </mate><quantity>
                    10克
                </quantity></item><item><mate>
                  

    南杏

                </mate><quantity>
                    10克
                </quantity></item><item><mate>
                  

    剑花

                </mate><quantity>
                    30克
                </quantity></item></materials><steps>
            
            
              姜去皮洗净。将腔骨和猪通脊洗净，再将猪通脊切成约2厘米的小块。
            
            
            
              锅中倒入水，大火将水煮开后，倒入腔骨和猪通脊焯烫，煮至变色后捞出，再用水冲掉浮沫。
            
            
            
              将汤料用水洗净。
            
            
            
              将冲净的腔骨和猪通脊块倒入汤煲，一次性加入足量清水（约2000毫升）。
            
            
            
              水开后，用勺子撇去浮沫，放入用刀拍散的姜，倒入汤料，盖上盖子，转小火煲2小时后关火，食用前加入盐调味即可。
            
          </steps><tips>
          1、这款清火润肺汤的汤料，全都可以在中药店买到。但我建议你去超市买红枣和百合，质量更好，选择也更多。2、不用腔骨，也可以用半只鸡来煲，效果都一样。3、在这款汤中，放入了猪通脊肉，一是为了汤的味道更加鲜美；二是在煲汤时放入瘦的猪通脊，可以吸附汤中的杂质，使汤变得非常清澈，卖相也更好看。4、煲汤要一次性倒入清水，中途不要再加冷水，否则会冲淡汤的鲜味。但如必须添加，务必要加开水。5、通常煲用肉类如排骨、鸡、鸭做原料的汤，要倒入的清水是常温冷水，让汤和原料一起受热。但煲鱼汤，再将鱼煎完之后，要倒入开水，让水油充分融合后，鱼汤才是白色的。6、此汤味道微甜，可能更适合女性朋友的口味哦。7、罗汉果除了清火润肺、治疗喉咙不适外，还有调理气血和润肠的作用。
        </tips><tags/></item></page_detail></extraction>