<?xml version="1.0" encoding="UTF-8"?><extraction><clueid>99353659</clueid><fullpath><![CDATA[http://www.xiachufang.com/recipe/102827123/]]></fullpath><realpath><![CDATA[http://www.xiachufang.com/recipe/102827123/]]></realpath><theme>food_detail_page</theme><middle>规则_2</middle><createdate>2019-5-14 16:6:46</createdate><pageno>0</pageno><actionno></actionno><actionvalue></actionvalue><prestamp>DSEngine-+--+-0</prestamp><currentstamp>DSEngine-+-ds_browser_top-+-1557821206141</currentstamp><timestamp>1557821206141</timestamp><baseURI><bucketBaseURI><bucketName>page_detail</bucketName><uri><![CDATA[http://www.xiachufang.com/recipe/102827123/]]></uri></bucketBaseURI></baseURI><customInfo><![CDATA[]]></customInfo><dsName>DSEngine</dsName><dsThread>datascraper_top</dsThread><version>80700</version>
<page_detail><item><foodname>
      秋季清火汤【葛根红枣排骨汤】
    </foodname><score/><heat>0</heat><author>依然七月</author><materials><item><mate>
                  

    葛根

                </mate><quantity>
                    100克
                </quantity></item><item><mate>
                  

    猪小排

                </mate><quantity>
                    250克
                </quantity></item><item><mate>
                  

    红枣

                </mate><quantity>
                    4粒
                </quantity></item><item><mate>
                  

    生姜

                </mate><quantity>
                    2片
                </quantity></item><item><mate>
                  

    盐

                </mate><quantity>
                    适量
                </quantity></item></materials><steps>
            
            
              排骨斩件用流水洗净，冷水下锅焯水，大火烧开后撇去表面血污泡沫，排骨捞出备用
              
            
            
            
              葛根用水浸泡片刻，冼净备用；红枣用水冲冼干净
              
            
            
            
              排骨、葛根、红枣、姜片一同下锅，加入清水2000ML
              
            
            
            
              大火煮沸再改水火煲2个小时，喝前加适量盐调味
              
            
            
            
              好汤精髓：1、葛根又叫粉葛，是中国南方省份常食蔬菜。在中药店可以买到炮制好的葛根。2、葛根性凉，胃寒者慎用。
              
            
          </steps><tips>
          健康提示：解热、生津、滋阴葛根是食材也是中医常用的解表药材，具有解热生津的功效，很适合干燥的秋季食用，能清心润肺、生津降火。食材：葛根葛根是我国传统的中药材之一，中医认为其味甘、性辛，凉。葛根中富含黄酮类化合物，可调节雌激素水平，对骨质疏松、更年期综合症等有明显改善。
        </tips><tags>
        全部菜单
      </tags></item></page_detail></extraction>