<?xml version="1.0" encoding="UTF-8"?><extraction><clueid>99352952</clueid><fullpath><![CDATA[http://www.xiachufang.com/recipe/102117447/]]></fullpath><realpath><![CDATA[http://www.xiachufang.com/recipe/102117447/]]></realpath><theme>food_detail_page</theme><middle>规则_2</middle><createdate>2019-5-14 11:38:45</createdate><pageno>0</pageno><actionno></actionno><actionvalue></actionvalue><prestamp>DSEngine-+--+-0</prestamp><currentstamp>DSEngine-+-ds_browser_top-+-1557805125745</currentstamp><timestamp>1557805125745</timestamp><baseURI><bucketBaseURI><bucketName>page_detail</bucketName><uri><![CDATA[http://www.xiachufang.com/recipe/102117447/]]></uri></bucketBaseURI></baseURI><customInfo><![CDATA[]]></customInfo><dsName>DSEngine</dsName><dsThread>datascraper_top</dsThread><version>80700</version>
<page_detail><item><foodname>
      【健康三餐】番茄浓汁烩鳕鱼
      </foodname><score>8.3</score><heat>304</heat><author>Sunny_Kreglo</author><materials><item><mate>
                  

    鳕鱼（cod）（冷冻、新鲜都可以）

                </mate><quantity>
                    冷冻的3-4块，约500克
                </quantity></item><item><mate>
                  

    圣女果或其他番茄（见贴士1）

                </mate><quantity>
                    300-500克左右，越多汤汁越浓
                </quantity></item><item><mate>
                  

    小葱

                </mate><quantity>
                    2根，切葱花，一半炒番茄用，一半出锅用
                </quantity></item><item><mate>
                  

    蒜

                </mate><quantity>
                    3大瓣，切片
                </quantity></item><item><mate>
                  

    小红辣椒（选用）

                </mate><quantity>
                    1根，切片
                </quantity></item><item><mate>
                  

    鸡高汤或素菜高汤（选用）

                </mate><quantity>
                    1杯（240毫升）
                </quantity></item><item><mate>
                  

    海盐和黑胡椒

                </mate><quantity>
                    适量
                </quantity></item><item><mate>
                  

    橄榄油

                </mate><quantity>
                    1小勺（5毫升）
                </quantity></item></materials><steps>
            
            
              烤箱预热400华氏度/205摄氏度。烤盘抹油备用。
            
            
            
              【准备鱼】把解冻的鳕鱼块用厨房纸巾擦干。在两面均匀抹上一小撮海盐、黑胡椒、橄榄油，码放在烤盘里，盖上锡纸，烤15-18分钟（根据鱼块薄厚时间灵活调整）
            
            
            
              【准备番茄酱汁】烤鱼时，准备酱汁。炒菜锅热后，放一点油，煎香葱花、蒜片（辣椒），放入所有整颗的小番茄，翻炒一下，放一杯高汤或水，盖锅盖，转中火闷15分钟左右，中途时不时用铲子把西红柿压一压，这样更好熟，煮到西红柿变软烂。（喜甜口的话可以放些糖）
            
            
            
              鱼熟了后，把所有番茄酱汁浇在鱼上，再盖上锡纸闷2分钟。吃时，撒上葱花（或喜欢的西式香料），适当加盐和黑胡椒调味。用叉子把鱼压碎，就着汤汁一起吃。
              
            
          </steps><tips>
          1，如果用圣女果就不用切，用整颗的。用大西红柿，切成大块。2，不要把鱼块摞在一起放烤盘里，码单层受热均匀。3，喜欢口味重香浓的，可以把橄榄油换成黄油。4，可以用龙利鱼代替鳕鱼。如果用的龙利鱼排，适当减少烤的时间。更新：2017年5月加了土豆片和西红柿一起煮，非常好吃。还试验了一下，不烤鱼，全部在炒菜锅里完成。还是先把西红柿炒软，然后放入土豆片，鱼块，煮到熟。这样比用烤箱的方法做出来的汤汁稀一些，因为鱼也会出汁。但是土豆煮到很面时，汤汁又会变浓稠，也不错。尤其是第二顿加了糙米天贝一起煮，像吃米粉肉一样好吃。
        </tips><tags>
        烤箱
        减肥
        快手菜
      </tags></item></page_detail></extraction>