<?xml version="1.0" encoding="UTF-8"?><extraction><clueid>99353445</clueid><fullpath><![CDATA[http://www.xiachufang.com/recipe/101757684/]]></fullpath><realpath><![CDATA[http://www.xiachufang.com/recipe/101757684/]]></realpath><theme>food_detail_page</theme><middle>规则_2</middle><createdate>2019-5-14 15:32:54</createdate><pageno>0</pageno><actionno></actionno><actionvalue></actionvalue><prestamp>DSEngine-+--+-0</prestamp><currentstamp>DSEngine-+-ds_browser_top-+-1557819174509</currentstamp><timestamp>1557819174509</timestamp><baseURI><bucketBaseURI><bucketName>page_detail</bucketName><uri><![CDATA[http://www.xiachufang.com/recipe/101757684/]]></uri></bucketBaseURI></baseURI><customInfo><![CDATA[]]></customInfo><dsName>DSEngine</dsName><dsThread>datascraper_top</dsThread><version>80700</version>
<page_detail><item><foodname>
      银耳海底椰糖水（清热去火、滋阴养颜）
    </foodname><score/><heat>5</heat><author>花开瓣瓣香</author><materials><item><mate>
                  

    银耳

                </mate><quantity>
                    1朵
                </quantity></item><item><mate>
                  

    海底椰

                </mate><quantity>
                    10g
                </quantity></item><item><mate>
                  

    南北杏

                </mate><quantity>
                    15g
                </quantity></item><item><mate>
                  

    苹果

                </mate><quantity>
                    2个
                </quantity></item><item><mate>
                  

    蜜枣

                </mate><quantity>
                    2颗
                </quantity></item><item><mate>
                  

    枸杞

                </mate><quantity>
                    5g
                </quantity></item><item><mate>
                  

    莲子

                </mate><quantity>
                    15g
                </quantity></item></materials><steps>
            
            
              先把银耳、莲子、南北杏、椰子肉泡一会。
              
            
            
            
              除枸杞外全部丢进砂锅煲四十分钟，依自己喜好的口感选择时间。
            
            
            
              最后五分钟丢枸杞，出锅。很滑…糯糯的…
              
            
          </steps><tips>
          一般人都适合。尤其是熬夜人士、咳嗽多痰、喉咙肿痛、对肝、胃火旺者。小孩子爱喝，喜欢清甜一点的，可以再添加一点冰糖…
        </tips><tags>
        甜品
      </tags></item></page_detail></extraction>