<?xml version="1.0" encoding="UTF-8"?><extraction><clueid>99353050</clueid><fullpath><![CDATA[http://www.xiachufang.com/recipe/103823390/]]></fullpath><realpath><![CDATA[http://www.xiachufang.com/recipe/103823390/]]></realpath><theme>food_detail_page</theme><middle>规则_2</middle><createdate>2019-5-14 12:29:50</createdate><pageno>0</pageno><actionno></actionno><actionvalue></actionvalue><prestamp>DSEngine-+--+-0</prestamp><currentstamp>DSEngine-+-ds_browser_top-+-1557808190599</currentstamp><timestamp>1557808190599</timestamp><baseURI><bucketBaseURI><bucketName>page_detail</bucketName><uri><![CDATA[http://www.xiachufang.com/recipe/103823390/]]></uri></bucketBaseURI></baseURI><customInfo><![CDATA[]]></customInfo><dsName>DSEngine</dsName><dsThread>datascraper_top</dsThread><version>80700</version>
<page_detail><item><foodname>
      清炖乌鸡汤
    </foodname><score/><heat>0</heat><author>秦时新月</author><materials><item><mate>
                  

    乌鸡

                </mate><quantity>
                    半只
                </quantity></item><item><mate>
                  

    姜

                </mate><quantity>
                    3片
                </quantity></item><item><mate>
                  

    红枣

                </mate><quantity>
                    2颗
                </quantity></item><item><mate>
                  

    盐

                </mate><quantity>
                    适量
                </quantity></item><item><mate>
                  

    葱

                </mate><quantity>
                    半根
                </quantity></item></materials><steps>
            
            
              砂锅放入凉水，放乌鸡、配料
            
            
            
              大火炖开，撇去浮末，转小火，炖一小时以上
            
            
            
              肉烂汤白就好啦，喝的时候碗里放点香菜，少量盐～喝汤吃肉肉～香菜和盐不要放锅里哦
            
          </steps><tips/><tags/></item></page_detail></extraction>