<?xml version="1.0" encoding="UTF-8"?><extraction><clueid>99353364</clueid><fullpath><![CDATA[http://www.xiachufang.com/recipe/103820015/]]></fullpath><realpath><![CDATA[http://www.xiachufang.com/recipe/103820015/]]></realpath><theme>food_detail_page</theme><middle>规则_2</middle><createdate>2019-5-14 15:20:13</createdate><pageno>0</pageno><actionno></actionno><actionvalue></actionvalue><prestamp>DSEngine-+--+-0</prestamp><currentstamp>DSEngine-+-ds_browser_top-+-1557818413254</currentstamp><timestamp>1557818413254</timestamp><baseURI><bucketBaseURI><bucketName>page_detail</bucketName><uri><![CDATA[http://www.xiachufang.com/recipe/103820015/]]></uri></bucketBaseURI></baseURI><customInfo><![CDATA[]]></customInfo><dsName>DSEngine</dsName><dsThread>datascraper_top</dsThread><version>80700</version>
<page_detail><item><foodname>
      清热去湿茯苓膏
    </foodname><score/><heat>0</heat><author>jonly靓靓</author><materials><item><mate>
                  

    土茯苓（干的）40g

                </mate><quantity>
                </quantity></item><item><mate>
                  

    意米50g

                </mate><quantity>
                </quantity></item><item><mate>
                  

    茅根（干的）30g

                </mate><quantity>
                </quantity></item><item><mate>
                  

    芦根 （干的）30g

                </mate><quantity>
                </quantity></item><item><mate>
                  

    宇峰黑凉粉粉 100g

                </mate><quantity>
                </quantity></item></materials><steps>
            
            
              土茯苓（干的）40g、意米50g、茅根（干的）30g、芦根 （干的）30g，用清水冲洗干净，倒入加了水的锅内，大火煲开；                            （我一般用4.5L 水煲一锅，煲好后3L 水做茯苓膏，剩下的用来直接喝的哦！）
              
            
            
            
              煲开后盖上锅盖，转中小火煲1.5-2小时；                 
              
            
            
            
              煲好后的茯苓水要过筛几次隔渣；
              
            
            
            
              取500ml 茯苓水放凉（必须要完全放凉，不然凉粉粉一倒进去就会结块了，结块就肯定做不成功了），将放凉后的茯苓水倒入100g的凉粉粉搅拌至没粉粒；
              
            
            
            
              剩下的2500ml 的茯苓水倒锅里大火煲开，然后转中小火，将凉粉水倒入，一边倒入一边搅拌，不然会结块，直至煲开；
              
            
            
            
              分装倒入容器时要过筛哦！（过筛做出来的茯苓膏会更软滑），放至完全凉透凝固；
              
            
            
            
              凝固后茯苓膏可以马上吃的，但放冰箱冷藏几小时以后吃会更有风味哦！
              
            
            
            
              茯苓膏冷藏好后，从冰箱取出，用小刀随便切一下，加入适量炼奶和黑白淡奶拌匀 or 加在咖啡、奶茶、糖水里吃都可以哦！                                  （自制的茯苓膏放冰箱冷藏可以存放5-7天，也建议亲们要尽快吃完哦！）
              
            
          </steps><tips/><tags/></item></page_detail></extraction>