<?xml version="1.0" encoding="UTF-8"?><extraction><clueid>99353103</clueid><fullpath><![CDATA[http://www.xiachufang.com/recipe/100409753/]]></fullpath><realpath><![CDATA[http://www.xiachufang.com/recipe/100409753/]]></realpath><theme>food_detail_page</theme><middle>规则_2</middle><createdate>2019-5-14 13:11:59</createdate><pageno>0</pageno><actionno></actionno><actionvalue></actionvalue><prestamp>DSEngine-+--+-0</prestamp><currentstamp>DSEngine-+-ds_browser_top-+-1557810719286</currentstamp><timestamp>1557810719286</timestamp><baseURI><bucketBaseURI><bucketName>page_detail</bucketName><uri><![CDATA[http://www.xiachufang.com/recipe/100409753/]]></uri></bucketBaseURI></baseURI><customInfo><![CDATA[]]></customInfo><dsName>DSEngine</dsName><dsThread>datascraper_top</dsThread><version>80700</version>
<page_detail><item><foodname>
      营养蒸--清蒸南瓜
      </foodname><score>8.3</score><heat>195</heat><author>小美的美食</author><materials><item><mate>
                  

    老南瓜

                </mate><quantity>
                </quantity></item></materials><steps>
            
            
              南瓜去皮洗净，切成大小适中的块状，用准备蒸的盘子或者其他容器装好备用。
              
            
            
            
              取一干净的锅，注入清水烧至沸腾，水沸腾以后放入南瓜，大火10分钟即可（这个时间是大概的，我是用了这么点时间，具体可以用筷子插一下南瓜是否蒸熟）
              
            
            
            
              成品图，有没有想吃得赶脚呀
              
            
          </steps><tips>
          蒸出来的南瓜有汁，拌饭很好吃哦，甜甜的。这个南瓜看上去色泽诱人吧！！ 没试过这个方法的学起来哦。
        </tips><tags>
        蒸
        清淡
        酸甜
        甜品
        小清新
      </tags></item></page_detail></extraction>