<?xml version="1.0" encoding="UTF-8"?><extraction><clueid>99353473</clueid><fullpath><![CDATA[http://www.xiachufang.com/recipe/101808434/]]></fullpath><realpath><![CDATA[http://www.xiachufang.com/recipe/101808434/]]></realpath><theme>food_detail_page</theme><middle>规则_2</middle><createdate>2019-5-14 15:37:5</createdate><pageno>0</pageno><actionno></actionno><actionvalue></actionvalue><prestamp>DSEngine-+--+-0</prestamp><currentstamp>DSEngine-+-ds_browser_top-+-1557819425298</currentstamp><timestamp>1557819425298</timestamp><baseURI><bucketBaseURI><bucketName>page_detail</bucketName><uri><![CDATA[http://www.xiachufang.com/recipe/101808434/]]></uri></bucketBaseURI></baseURI><customInfo><![CDATA[]]></customInfo><dsName>DSEngine</dsName><dsThread>datascraper_top</dsThread><version>80700</version>
<page_detail><item><foodname>
      清热去火的杂蔬面条
    </foodname><score/><heat>0</heat><author>宝宝营养辅食</author><materials><item><mate>
                  

    鸡毛菜

                </mate><quantity>
                    20g
                </quantity></item><item><mate>
                  

    香菇

                </mate><quantity>
                    20g
                </quantity></item><item><mate>
                  

    挂面

                </mate><quantity>
                    50g
                </quantity></item></materials><steps>
            
            
              1. 如果没有鸡毛菜，用其他绿色的青菜来替代都可以哒~
              
            
            
            
              2. 把鸡毛菜焯熟，大概需要90秒钟。
              
            
            
            
              3. 焯熟后切碎。PS：青菜要根据宝宝的月龄和咀嚼能力来处理，18个月以下的宝宝可以处理得碎一点，2岁左右的宝宝稍微切几刀就可以了。
              
            
            
            
              4. 我还搭配了一些干的蘑菇，需要提前用水泡发。PS：各种菌菇都可以，香菇，口蘑，杏鲍菇都可以的。
              
            
            
            
              5. 泡发之后，切成小块儿。PS：还是要根据宝宝的月龄及咀嚼能力来决定处理得大小。
              
            
            
            
              6. 切菜的同时煮面条，面条煮到六分熟的时候，就可以把蘑菇下进去。PS：之前推荐过用鸡汤来煮面，味道那叫一个鲜，连大人吃都不用加任何调料了。特别适合做给挑食的宝宝们。面条的做法请戳右边这里辅食攻略︱在家给做宝宝面条，安全又放心
              
            
            
            
              7. 蘑菇煮熟后，就可以把准备好的鸡毛菜加入进去，即可出锅，清淡爽口的一道辅食，非常适合夏天吃哦~
              
            
            
            
              8. 因为今天这道辅食没有加调料，在口味方面，可以用鸡汤来煮面，也可以出锅后，加一点芝麻酱来拌面条，味道都非常不错。
              
            
          </steps><tips/><tags>
        全部菜单
      </tags></item></page_detail></extraction>