<?xml version="1.0" encoding="UTF-8"?><extraction><clueid>99353713</clueid><fullpath><![CDATA[http://www.xiachufang.com/recipe/103817205/]]></fullpath><realpath><![CDATA[http://www.xiachufang.com/recipe/103817205/]]></realpath><theme>food_detail_page</theme><middle>规则_2</middle><createdate>2019-5-14 16:17:36</createdate><pageno>0</pageno><actionno></actionno><actionvalue></actionvalue><prestamp>DSEngine-+--+-0</prestamp><currentstamp>DSEngine-+-ds_browser_top-+-1557821856265</currentstamp><timestamp>1557821856265</timestamp><baseURI><bucketBaseURI><bucketName>page_detail</bucketName><uri><![CDATA[http://www.xiachufang.com/recipe/103817205/]]></uri></bucketBaseURI></baseURI><customInfo><![CDATA[]]></customInfo><dsName>DSEngine</dsName><dsThread>datascraper_top</dsThread><version>80700</version>
<page_detail><item><foodname>
      川贝梨膏
    </foodname><score/><heat>0</heat><author>羽宝和茶蛋</author><materials><item><mate>
                  

    梨

                </mate><quantity>
                    2个
                </quantity></item><item><mate>
                  

    川贝

                </mate><quantity>
                    0.5克
                </quantity></item></materials><steps>
            
            
              梨榨原汁，渣渣不要。如果没有原汁机，就搅拌机打碎之后用纱布滤一下，两个皇冠梨可以榨出这样一大碗汁
              
            
            
            
              开最小火，每次加两勺梨汁，熬到变色，泡泡变小，再加两勺梨汁，不停搅动，这样逐次加梨汁，一直到一碗都熬成冒小泡泡的琥珀色，略微粘稠的感觉，熄火，加入川贝粉搅拌均匀
              
            
            
            
              这样的颜色和稀度，会挂壁，但不是很稠，两个大梨熬出这么一点点膏，真是非常考验耐心😂
              
            
            
            
              会拉丝😏
              
            
          </steps><tips>
          川贝放一点点就可以，不要放太多会苦，其实就是意思一下。。😂不要熬太稠，太稠的话凉了之后会变成棒棒糖的。一定要少量多次加梨汁！！这个是重点。吃完这个要喝水。缺点是娃子们会把它当好吃的零食总问妈妈要。。
        </tips><tags>
        甜品
        儿童
      </tags></item></page_detail></extraction>