<?xml version="1.0" encoding="UTF-8"?><extraction><clueid>99353362</clueid><fullpath><![CDATA[http://www.xiachufang.com/recipe/93883/]]></fullpath><realpath><![CDATA[http://www.xiachufang.com/recipe/93883/]]></realpath><theme>food_detail_page</theme><middle>规则_2</middle><createdate>2019-5-14 15:19:40</createdate><pageno>0</pageno><actionno></actionno><actionvalue></actionvalue><prestamp>DSEngine-+--+-0</prestamp><currentstamp>DSEngine-+-ds_browser_top-+-1557818380772</currentstamp><timestamp>1557818380772</timestamp><baseURI><bucketBaseURI><bucketName>page_detail</bucketName><uri><![CDATA[http://www.xiachufang.com/recipe/93883/]]></uri></bucketBaseURI></baseURI><customInfo><![CDATA[]]></customInfo><dsName>DSEngine</dsName><dsThread>datascraper_top</dsThread><version>80700</version>
<page_detail><item><foodname>
      清热蜜汁椰奶龟苓膏
    </foodname><score/><heat>21</heat><author>Nicole的生活书</author><materials><item><mate>
                  

    龟苓膏粉

                </mate><quantity>
                    100g
                </quantity></item><item><mate>
                  

    椰奶

                </mate><quantity>
                    2大勺
                </quantity></item><item><mate>
                  

    凉开水

                </mate><quantity>
                    50g
                </quantity></item><item><mate>
                  

    开水

                </mate><quantity>
                    250g
                </quantity></item><item><mate>
                  

    蜂蜜

                </mate><quantity>
                    1大勺
                </quantity></item></materials><steps>
            
            
              将龟苓膏粉倒入碗中
            
            
            
              加少许凉开水，将龟苓膏粉充分调匀
            
            
            
              烧一壶开水，倒入碗中，一边倒一边用筷子迅速调匀
            
            
            
              然后将大碗放入冰箱，冷藏3小时以上，使其凝固
            
            
            
              取出凝固后的龟苓膏，切成小块，加入少许蜂蜜
            
            
            
              加入两大勺椰奶，调匀即可
            
          </steps><tips>
          1、调龟苓膏粉一定要用凉开水，热水容易结块；
2、加入开水的过程中要不停搅拌，使龟苓膏粉充分溶解；
3、凝固后的龟苓膏放入碗中时，最好同时倒入一些龟苓膏的汤汁，口感会更好；
4、椰奶和蜂蜜的用量克根据自己的口味增减。
        </tips><tags>
        全部菜单
      </tags></item></page_detail></extraction>