<?xml version="1.0" encoding="UTF-8"?><extraction><clueid>99353284</clueid><fullpath><![CDATA[http://www.xiachufang.com/recipe/100304406/]]></fullpath><realpath><![CDATA[http://www.xiachufang.com/recipe/100304406/]]></realpath><theme>food_detail_page</theme><middle>规则_2</middle><createdate>2019-5-14 15:5:0</createdate><pageno>0</pageno><actionno></actionno><actionvalue></actionvalue><prestamp>DSEngine-+--+-0</prestamp><currentstamp>DSEngine-+-ds_browser_top-+-1557817500245</currentstamp><timestamp>1557817500245</timestamp><baseURI><bucketBaseURI><bucketName>page_detail</bucketName><uri><![CDATA[http://www.xiachufang.com/recipe/100304406/]]></uri></bucketBaseURI></baseURI><customInfo><![CDATA[]]></customInfo><dsName>DSEngine</dsName><dsThread>datascraper_top</dsThread><version>80700</version>
<page_detail><item><foodname>
      舒缓安神助眠茶
      </foodname><score/><heat>2</heat><author>小羽私厨</author><materials><item><mate>
                  

    薰衣草

                </mate><quantity>
                </quantity></item><item><mate>
                  

    洋甘菊

                </mate><quantity>
                </quantity></item><item><mate>
                  

    合欢花

                </mate><quantity>
                </quantity></item></materials><steps>
            
            
              三种花各取适量，放入壶中，沸水冲泡即可饮用。
              
            
          </steps><tips/><tags>
        饮品
      </tags></item></page_detail></extraction>