<?xml version="1.0" encoding="UTF-8"?><extraction><clueid>99353502</clueid><fullpath><![CDATA[http://www.xiachufang.com/recipe/102232722/]]></fullpath><realpath><![CDATA[http://www.xiachufang.com/recipe/102232722/]]></realpath><theme>food_detail_page</theme><middle>规则_2</middle><createdate>2019-5-14 15:41:25</createdate><pageno>0</pageno><actionno></actionno><actionvalue></actionvalue><prestamp>DSEngine-+--+-0</prestamp><currentstamp>DSEngine-+-ds_browser_top-+-1557819685177</currentstamp><timestamp>1557819685177</timestamp><baseURI><bucketBaseURI><bucketName>page_detail</bucketName><uri><![CDATA[http://www.xiachufang.com/recipe/102232722/]]></uri></bucketBaseURI></baseURI><customInfo><![CDATA[]]></customInfo><dsName>DSEngine</dsName><dsThread>datascraper_top</dsThread><version>80700</version>
<page_detail><item><foodname>
      清热去火百年凉茶
      </foodname><score/><heat>0</heat><author>晴耕雨华夏</author><materials><item><mate>
                  

    

                </mate><quantity>
                    玉米须，冬瓜皮四五块（冬瓜），鱼腥草，新鲜车前草
                </quantity></item><item><mate>
                  

    

                </mate><quantity>
                    都可以去超市或者菜市场买到，车前草（药店
                </quantity></item></materials><steps>
            
            
              把鱼腥草洗干净，把须撸干净点。车前草最好把根留着，用刷子刷洗好
            
            
            
              把所有材料放进去一起煮，冷水煮开后，转小火熬出味
            
            
            
              看自己口味喜欢，差不多就可以关火了
            
          </steps><tips>
          要趁热喝，凉的话要加热再喝
        </tips><tags>
        全部菜单
      </tags></item></page_detail></extraction>