<?xml version="1.0" encoding="UTF-8"?><extraction><clueid>99352849</clueid><fullpath><![CDATA[http://www.xiachufang.com/recipe/86047/]]></fullpath><realpath><![CDATA[http://www.xiachufang.com/recipe/86047/]]></realpath><theme>food_detail_page</theme><middle>规则_2</middle><createdate>2019-5-14 10:17:14</createdate><pageno>0</pageno><actionno></actionno><actionvalue></actionvalue><prestamp>DSEngine-+--+-0</prestamp><currentstamp>DSEngine-+-ds_browser_top-+-1557800234463</currentstamp><timestamp>1557800234463</timestamp><baseURI><bucketBaseURI><bucketName>page_detail</bucketName><uri><![CDATA[http://www.xiachufang.com/recipe/86047/]]></uri></bucketBaseURI></baseURI><customInfo><![CDATA[]]></customInfo><dsName>DSEngine</dsName><dsThread>datascraper_top</dsThread><version>80700</version>
<page_detail><item><foodname>
      红豆薏米水
    </foodname><score>7.5</score><heat>729</heat><author>依然七月</author><materials><item><mate>
                  

    红豆

                </mate><quantity>
                </quantity></item><item><mate>
                  

    薏米

                </mate><quantity>
                </quantity></item><item><mate>
                  

    水

                </mate><quantity>
                </quantity></item></materials><steps>
            
            
              将红豆和薏米洗净，提前浸泡数小时，最好是前一天晚上浸泡，第二天煮水
            
            
            
              将红豆和薏米放入锅中，加水，水的量可以根据米的量来自己控制，一般一次煮一天的饮用量
            
            
            
              盖上锅盖，大火煮开，再转中小火煮20分钟，将煮好的水倒出饮用
            
            
            
              留一些水可以没过豆子，泡上30分钟，再加水煮，这样可以煮3－4次
            
            
            
              煮到红豆和薏米都开花了，就不要再煮了
            
          </steps><tips>
          不同体质可以加其它食材辅助：
1、体质偏寒可加红枣、桂圆。
2、烦躁失眠、脸上长痘可加莲子、百合，清热去火。
3、肾虚者可加黑豆、紫米和枸杞。

【营养成份】
红豆：红豆热量低，富含维生素E及钾、镁、磷、锌、硒等活性成分，养血益气。
薏米：有利水消肿、健脾去湿、舒筋除痹、清热排脓的功效。
        </tips><tags>
        饮品
        补血
        减肥
        粥
        甜品
        红豆薏米水
        薏米水
        红豆薏米
        柠檬薏米水
        红豆薏米糊
      </tags></item></page_detail></extraction>