<?xml version="1.0" encoding="UTF-8"?><extraction><clueid>99353132</clueid><fullpath><![CDATA[http://www.xiachufang.com/recipe/101764754/]]></fullpath><realpath><![CDATA[http://www.xiachufang.com/recipe/101764754/]]></realpath><theme>food_detail_page</theme><middle>规则_2</middle><createdate>2019-5-14 13:31:41</createdate><pageno>0</pageno><actionno></actionno><actionvalue></actionvalue><prestamp>DSEngine-+--+-0</prestamp><currentstamp>DSEngine-+-ds_browser_top-+-1557811901648</currentstamp><timestamp>1557811901648</timestamp><baseURI><bucketBaseURI><bucketName>page_detail</bucketName><uri><![CDATA[http://www.xiachufang.com/recipe/101764754/]]></uri></bucketBaseURI></baseURI><customInfo><![CDATA[]]></customInfo><dsName>DSEngine</dsName><dsThread>datascraper_top</dsThread><version>80700</version>
<page_detail><item><foodname>
      Q版-菠萝牛肉  (杂果肉菜类）
      </foodname><score>8.1</score><heat>108</heat><author>Q版-国产007</author><materials><item><mate>
                  

    牛里脊肉

                </mate><quantity>
                    半斤
                </quantity></item><item><mate>
                  

    菠萝（选那种不熟透甜的）

                </mate><quantity>
                    一个
                </quantity></item><item><mate>
                  

    料酒，生抽

                </mate><quantity>
                    一茶匙
                </quantity></item><item><mate>
                  

    生粉（淀粉）

                </mate><quantity>
                    一茶匙
                </quantity></item><item><mate>
                  

    胡椒粉

                </mate><quantity>
                    少许
                </quantity></item><item><mate>
                  

    花生油

                </mate><quantity>
                    适量
                </quantity></item><item><mate>
                  

    蚝油

                </mate><quantity>
                    2茶匙
                </quantity></item><item><mate>
                  

    水

                </mate><quantity>
                    小半碗
                </quantity></item></materials><steps>
            
            
              材料图
              
            
            
            
              如图菠萝切厚片以后就冷盐水（冷水加少许盐）泡（5分钟）捞出备用~
              
            
            
            
              牛肉洗净，抹干水分，切薄片放入碗中，加入料酒，生抽，生粉（淀粉）、胡椒粉，花生油用筷子拌匀，腌制15分钟。
              
            
            
            
              坐锅大火倒油，放入牛肉片划炒。（大约40秒钟左右）
              
            
            
            
              再加入蚝油爆炒透变色~
              
            
            
            
              加入菠萝片连带少许水一起划炒~
              
            
            
            
              炒至汁水粘稠（2分钟左右）即可关火装碟。
              
            
            
            
              成品图~
              
            
          </steps><tips>
          #用生菠萝炒菜，切好片后就冷盐水泡一泡，咸度比淡盐水咸少许，泡过后滤好水再炒，这样能避免吃时感觉嘴痒，（老人家教的）如果平时当生水果吃，用盐水泡过味道也比没泡过的好哟~~其他的水果类不用泡盐水！
        </tips><tags>
        快手菜
        小清新
        创意菜
        儿童
        小吃
      </tags></item></page_detail></extraction>