<?xml version="1.0" encoding="UTF-8"?><extraction><clueid>99352574</clueid><fullpath><![CDATA[http://www.xiachufang.com/recipe/100051307/]]></fullpath><realpath><![CDATA[http://www.xiachufang.com/recipe/100051307/]]></realpath><theme>food_detail_page</theme><middle>规则_2</middle><createdate>2019-5-13 23:20:53</createdate><pageno>0</pageno><actionno></actionno><actionvalue></actionvalue><prestamp>DSEngine-+--+-0</prestamp><currentstamp>DSEngine-+-ds_browser_top-+-1557760853000</currentstamp><timestamp>1557760853000</timestamp><baseURI><bucketBaseURI><bucketName>page_detail</bucketName><uri><![CDATA[http://www.xiachufang.com/recipe/100051307/]]></uri></bucketBaseURI></baseURI><customInfo><![CDATA[]]></customInfo><dsName>DSEngine</dsName><dsThread>datascraper_top</dsThread><version>80700</version>
<page_detail><item><foodname>
      好吃到哭的煎牛排
      </foodname><score>7.6</score><heat>2302</heat><author>翠小花子</author><materials><item><mate>
                  

    牛排 （有肥油的最好）

                </mate><quantity>
                    2块
                </quantity></item><item><mate>
                  

    大蒜

                </mate><quantity>
                    4－5颗
                </quantity></item><item><mate>
                  

    百里香/thyme

                </mate><quantity>
                    两撮
                </quantity></item><item><mate>
                  

    牛油

                </mate><quantity>
                    2片
                </quantity></item><item><mate>
                  

    盐

                </mate><quantity>
                    少许
                </quantity></item><item><mate>
                  

    黑胡椒

                </mate><quantity>
                    少许
                </quantity></item></materials><steps>
            
            
              用盐和黑胡椒将牛排两面腌一下 （注意：牛排要提前放置20分钟，让肉里面达室温温度）
              
            
            
            
              准备大蒜和百里香，百里香没有也可以。大蒜不用剥皮，拍碎即可
              
            
            
            
              热锅，入油，一定要高温冒一点烟的时候入牛排。同时放入大蒜和百里香
              
            
            
            
              高温煎2－3分钟，翻面， 然后入牛油。用勺子将融化牛油反复淋到牛排上面。再煎2－3分钟。这样出来的是中间有一点粉色
              
            
            
            
              牛排盛出，油浇到上面。放置5分钟，完成。
            
          </steps><tips>
          1。牛排入锅前一定要有室温温度，不可冰凉的入锅。否则外面会糊，里面还是生的2。煎牛排一定要高温入锅，才会上色。不能小火慢煎。且只要翻一次面。3。这里说的煎2-3分钟是根据牛排厚度。2-2.5cm的厚度刚好。如果很厚的牛排最好是放在有格栅的煎锅里面煎。否则会外面过熟，里面还是生的。3。将牛扒肥油的那边立起来煎一会，要融化肥油 这样更好吃。4。牛油反复淋在牛扒上，加快完成时间且入味5。不放任何酱油或其他调味料，这样原味的最好吃
        </tips><tags>
        快手菜
        主食
        煎
        煎牛排
        牛排
        好吃到哭的煎牛排
        煎
        烧牛排
      </tags></item></page_detail></extraction>