<?xml version="1.0" encoding="UTF-8"?><extraction><clueid>99353052</clueid><fullpath><![CDATA[http://www.xiachufang.com/recipe/103823185/]]></fullpath><realpath><![CDATA[http://www.xiachufang.com/recipe/103823185/]]></realpath><theme>food_detail_page</theme><middle>规则_2</middle><createdate>2019-5-14 12:32:57</createdate><pageno>0</pageno><actionno></actionno><actionvalue></actionvalue><prestamp>DSEngine-+--+-0</prestamp><currentstamp>DSEngine-+-ds_browser_top-+-1557808377297</currentstamp><timestamp>1557808377297</timestamp><baseURI><bucketBaseURI><bucketName>page_detail</bucketName><uri><![CDATA[http://www.xiachufang.com/recipe/103823185/]]></uri></bucketBaseURI></baseURI><customInfo><![CDATA[]]></customInfo><dsName>DSEngine</dsName><dsThread>datascraper_top</dsThread><version>80700</version>
<page_detail><item><foodname>
      开胃猪手
    </foodname><score/><heat>0</heat><author>小方Toby</author><materials><item><mate>
                  

    猪手

                </mate><quantity>
                    半只
                </quantity></item><item><mate>
                  

    冰糖

                </mate><quantity>
                    适量
                </quantity></item><item><mate>
                  

    盐

                </mate><quantity>
                    适量
                </quantity></item><item><mate>
                  

    酱油

                </mate><quantity>
                    2勺
                </quantity></item><item><mate>
                  

    蚝油

                </mate><quantity>
                    1勺
                </quantity></item><item><mate>
                  

    李子

                </mate><quantity>
                    5个
                </quantity></item><item><mate>
                  

    姜片

                </mate><quantity>
                    5片
                </quantity></item><item><mate>
                  

    热水

                </mate><quantity>
                    2碗
                </quantity></item><item><mate>
                  

    料酒

                </mate><quantity>
                    适量(猪手焯水用的)
                </quantity></item></materials><steps>
            
            
              猪手用开水跟料酒焯水，沥干备用
              
            
            
            
              先放适量油，放冰糖
              
            
            
            
              慢火炒糖
              
            
            
            
              把糖炒到冒泡的状态，把猪手放下去
              
            
            
            
              把猪手都炒均匀上色
              
            
            
            
              放姜片
              
            
            
            
              放酱油和蚝油
              
            
            
            
              放李子
              
            
            
            
              翻炒均匀
              
            
            
            
              加入热水
              
            
            
            
              放盐
              
            
            
            
              煮开放高压锅
              
            
            
            
              煮开放高压锅
              
            
            
            
              放高压锅里压
              
            
            
            
              上气开慢火15分钟左右
              
            
            
            
              把汁收干一下尝一下味，就可以上碟了
              
            
          </steps><tips>
          李子不要放多怕苦
        </tips><tags>
        糖醋
      </tags></item></page_detail></extraction>