<?xml version="1.0" encoding="UTF-8"?><extraction><clueid>99352855</clueid><fullpath><![CDATA[http://www.xiachufang.com/recipe/257528/]]></fullpath><realpath><![CDATA[http://www.xiachufang.com/recipe/257528/]]></realpath><theme>food_detail_page</theme><middle>规则_2</middle><createdate>2019-5-14 10:24:43</createdate><pageno>0</pageno><actionno></actionno><actionvalue></actionvalue><prestamp>DSEngine-+--+-0</prestamp><currentstamp>DSEngine-+-ds_browser_top-+-1557800683611</currentstamp><timestamp>1557800683611</timestamp><baseURI><bucketBaseURI><bucketName>page_detail</bucketName><uri><![CDATA[http://www.xiachufang.com/recipe/257528/]]></uri></bucketBaseURI></baseURI><customInfo><![CDATA[]]></customInfo><dsName>DSEngine</dsName><dsThread>datascraper_top</dsThread><version>80700</version>
<page_detail><item><foodname>
      胡萝卜苹果汁
    </foodname><score>7.9</score><heat>794</heat><author>阳光的边缘</author><materials><item><mate>
                  

    胡萝卜

                </mate><quantity>
                    2根
                </quantity></item><item><mate>
                  

    苹果

                </mate><quantity>
                    1个
                </quantity></item></materials><steps>
            
            
              材料全部切碎，先榨胡萝卜汁再榨苹果
            
          </steps><tips>
          1、因为苹果氧化快，一般放在最后榨汁。
2、鲜榨果汁要尽快饮用，半小时内最佳。
        </tips><tags>
        饮品
        减肥
        果汁
        豆浆
        素菜
        胡萝卜苹果汁
        苹果汁
        奇异果苹果汁
        番茄苹果汁
        菠萝苹果汁
      </tags></item></page_detail></extraction>