<?xml version="1.0" encoding="UTF-8"?><extraction><clueid>99352660</clueid><fullpath><![CDATA[http://www.xiachufang.com/recipe/46159/]]></fullpath><realpath><![CDATA[http://www.xiachufang.com/recipe/46159/]]></realpath><theme>food_detail_page</theme><middle>规则_2</middle><createdate>2019-5-13 23:50:15</createdate><pageno>0</pageno><actionno></actionno><actionvalue></actionvalue><prestamp>DSEngine-+--+-0</prestamp><currentstamp>DSEngine-+-ds_browser_top-+-1557762615302</currentstamp><timestamp>1557762615302</timestamp><baseURI><bucketBaseURI><bucketName>page_detail</bucketName><uri><![CDATA[http://www.xiachufang.com/recipe/46159/]]></uri></bucketBaseURI></baseURI><customInfo><![CDATA[]]></customInfo><dsName>DSEngine</dsName><dsThread>datascraper_top</dsThread><version>80700</version>
<page_detail><item><foodname>
      洋葱炒蛋
    </foodname><score>7.0</score><heat>2270</heat><author>舞之灵</author><materials><item><mate>
                  

    鸡蛋

                </mate><quantity>
                    3粒
                </quantity></item><item><mate>
                  

    紫洋葱

                </mate><quantity>
                    半颗
                </quantity></item><item><mate>
                  

    生粉

                </mate><quantity>
                    2勺
                </quantity></item><item><mate>
                  

    色拉油

                </mate><quantity>
                    1勺
                </quantity></item><item><mate>
                  

    水

                </mate><quantity>
                    2勺
                </quantity></item><item><mate>
                  

    盐

                </mate><quantity>
                    适量
                </quantity></item></materials><steps>
            
            
              备料
              
            
            
            
              鸡蛋磕入碗内，打散，一点点地加入生粉搅拌均匀
              
            
            
            
              洋葱切细条
              
            
            
            
              加入水、盐和色拉油再次搅拌均匀
              
            
            
            
              热锅凉油倒入蛋液用筷子迅速地滑散
              
            
            
            
              立即加入切成细条的洋葱
              
            
            
            
              翻炒至出香味
            
            
            
              即可出锅盛盘
            
          </steps><tips>
          1、蛋液中加点水和油，可以使蛋更滑嫩，加入生粉可以增加炒蛋的量
2、洋葱很容易熟，放入后炒出香味就可以了（不必等完全炒熟），利用食物本身的余热可以使洋葱完成熟透
        </tips><tags>
        家常菜
        快手菜
        素菜
        宿舍
        洋葱炒蛋
        番茄洋葱炒蛋
        炒蛋
        洋葱
        凉瓜炒蛋
      </tags></item></page_detail></extraction>