<?xml version="1.0" encoding="UTF-8"?><extraction><clueid>99352218</clueid><fullpath><![CDATA[http://www.xiachufang.com/recipe/1010097/]]></fullpath><realpath><![CDATA[http://www.xiachufang.com/recipe/1010097/]]></realpath><theme>food_detail_page</theme><middle>规则_2</middle><createdate>2019-5-13 21:54:31</createdate><pageno>0</pageno><actionno></actionno><actionvalue></actionvalue><prestamp>DSEngine-+--+-0</prestamp><currentstamp>DSEngine-+-ds_browser_top-+-1557755671879</currentstamp><timestamp>1557755671879</timestamp><baseURI><bucketBaseURI><bucketName>page_detail</bucketName><uri><![CDATA[http://www.xiachufang.com/recipe/1010097/]]></uri></bucketBaseURI></baseURI><customInfo><![CDATA[]]></customInfo><dsName>DSEngine</dsName><dsThread>datascraper_top</dsThread><version>80700</version>
<page_detail><item><foodname>
      鱼香肉丝
    </foodname><score>8.3</score><heat>14350</heat><author>labrador</author><materials><item><mate>
                  

    猪腿肉

                </mate><quantity>
                    180g
                </quantity></item><item><mate>
                  

    泡椒

                </mate><quantity>
                    8g
                </quantity></item><item><mate>
                  

    姜

                </mate><quantity>
                    10g
                </quantity></item><item><mate>
                  

    蒜

                </mate><quantity>
                    10g
                </quantity></item><item><mate>
                  

    葱

                </mate><quantity>
                    少许
                </quantity></item><item><mate>
                  

    水发木耳

                </mate><quantity>
                    少许
                </quantity></item><item><mate>
                  

    胡萝卜

                </mate><quantity>
                    少许(胡萝卜可用笋丝或者莴笋代替)
                </quantity></item><item><mate>
                  

    白糖

                </mate><quantity>
                    10g
                </quantity></item><item><mate>
                  

    香醋(保宁醋/镇江香醋)

                </mate><quantity>
                    10g
                </quantity></item><item><mate>
                  

    老抽

                </mate><quantity>
                    2g
                </quantity></item><item><mate>
                  

    生抽

                </mate><quantity>
                    3g
                </quantity></item><item><mate>
                  

    盐

                </mate><quantity>
                    1g
                </quantity></item><item><mate>
                  

    清汤

                </mate><quantity>
                    10g
                </quantity></item><item><mate>
                  

    淀粉

                </mate><quantity>
                    一勺调匀
                </quantity></item></materials><steps>
            
            
              就连在四川的饭馆吃个鱼香肉丝都容易踩雷 边吃边骂还不如自己做 这次特意把平时照着感觉来的配方量化了一下方便你们操作 原料 猪腿肉180g 泡椒 8g 姜蒜各10g 葱少许 水发木耳和胡萝卜少许(胡萝卜可用笋丝或者莴笋代替)。谁告诉你鱼香肉丝要加豆瓣的
              
            
            
            
              猪腿肉 木耳和胡萝卜切丝，泡椒和姜蒜切末 重点在于滋汁: 白糖10g 香醋(保宁醋/镇江香醋)10g 老抽2g 生抽3g 盐1g 清汤10g 淀粉一勺调匀。如果有德阳红酱油更好，直接用5g德阳红酱油代替老抽和生抽
              
            
            
            
              肉用水淀粉和1-2g盐拌匀，拌好后加入生清油调匀，这个办法可以锁住水份保持嫩度，也可以适当减少肉丝翻炒的时候粘连的程度。淀粉最好选择红薯淀粉
              
            
            
            
              热锅凉油(菜籽油)，炒到断生，烹入少许料酒。料酒做法自己查酒曲相册，我懒得找了－ －
              
            
            
            
              把肉丝拨到一边，中小火爆香姜蒜泡椒末，直到油色红亮为止
              
            
            
            
              然后保持肉丝在旁边的状态，下胡萝卜和木耳丝炒至断生，在蔬菜里下约1g盐。然后烹入之前的滋汁，合匀，起锅前加入葱花
              
            
            
            
              精确到g不容易好么！！不给好评么！！！做了好歹汇报一下好吗！！［打滚
              
            
          </steps><tips/><tags>
        家常菜
        快手菜
        鱼香
        宴客
        鱼香肉丝
        东北鱼香肉丝
        鱼香肉丝盖饭
        重庆鱼香肉丝
        川味鱼香肉丝
      </tags></item></page_detail></extraction>