<?xml version="1.0" encoding="UTF-8"?><extraction><clueid>99352634</clueid><fullpath><![CDATA[http://www.xiachufang.com/recipe/102229799/]]></fullpath><realpath><![CDATA[http://www.xiachufang.com/recipe/102229799/]]></realpath><theme>food_detail_page</theme><middle>规则_2</middle><createdate>2019-5-13 23:46:12</createdate><pageno>0</pageno><actionno></actionno><actionvalue></actionvalue><prestamp>DSEngine-+--+-0</prestamp><currentstamp>DSEngine-+-ds_browser_top-+-1557762372746</currentstamp><timestamp>1557762372746</timestamp><baseURI><bucketBaseURI><bucketName>page_detail</bucketName><uri><![CDATA[http://www.xiachufang.com/recipe/102229799/]]></uri></bucketBaseURI></baseURI><customInfo><![CDATA[]]></customInfo><dsName>DSEngine</dsName><dsThread>datascraper_top</dsThread><version>80700</version>
<page_detail><item><foodname>
      蒜香马铃薯
      </foodname><score>8.0</score><heat>1034</heat><author>E路拾缘</author><materials><item><mate>
                  

    马铃薯

                </mate><quantity>
                    3粒
                </quantity></item><item><mate>
                  

    蒜末

                </mate><quantity>
                    5-6瓣的量
                </quantity></item><item><mate>
                  

    黑胡椒碎

                </mate><quantity>
                    1/4茶匙
                </quantity></item><item><mate>
                  

    盐

                </mate><quantity>
                    1/2茶匙
                </quantity></item><item><mate>
                  

    无盐黄油

                </mate><quantity>
                    15g
                </quantity></item><item><mate>
                  

    食用油

                </mate><quantity>
                    1茶匙（5g）
                </quantity></item></materials><steps>
            
            
              马铃薯去皮切块，用清水冲洗去表面的淀粉质，沥干备用。蒜切末，准备一小块黄油，无需软化。黑胡椒准备好，我这里用现磨的，也可以直接用黑胡椒粉。
              
            
            
            
              马铃薯块上锅蒸5-10分钟。
              
            
            
            
              不粘锅烧热，加入1茶匙食用油。将蒸好的马铃薯煎香，煎至表面金黄。
              
            
            
            
              加入无盐黄油。
              
            
            
            
              ⚠调小火并轻轻摇动锅子，让黄油融化，而不会糊底。
              
            
            
            
              加入蒜末。
              
            
            
            
              加入黑胡椒碎，和盐。
              
            
            
            
              ⚠小火翻炒均匀。
              
            
            
            
              完成。此时蒜末也有些金黄，口感最佳。
              
            
          </steps><tips>
          ㊙马铃薯蒸好后稍微风干一会儿会比较好煎。㊙最后可撒些西式香草切碎增加风味，如:欧芹。
        </tips><tags>
        家常菜
        快手菜
        早餐
        零食
      </tags></item></page_detail></extraction>