<?xml version="1.0" encoding="UTF-8"?><extraction><clueid>99352498</clueid><fullpath><![CDATA[http://www.xiachufang.com/recipe/103769897/]]></fullpath><realpath><![CDATA[http://www.xiachufang.com/recipe/103769897/]]></realpath><theme>food_detail_page</theme><middle>规则_2</middle><createdate>2019-5-13 23:7:55</createdate><pageno>0</pageno><actionno></actionno><actionvalue></actionvalue><prestamp>DSEngine-+--+-0</prestamp><currentstamp>DSEngine-+-ds_browser_top-+-1557760075992</currentstamp><timestamp>1557760075992</timestamp><baseURI><bucketBaseURI><bucketName>page_detail</bucketName><uri><![CDATA[http://www.xiachufang.com/recipe/103769897/]]></uri></bucketBaseURI></baseURI><customInfo><![CDATA[]]></customInfo><dsName>DSEngine</dsName><dsThread>datascraper_top</dsThread><version>80700</version>
<page_detail><item><foodname>
      麻婆豆腐（小美版）
    </foodname><score/><heat>1</heat><author>forevervvvvvi</author><materials><item><mate>
                  

    嫩豆腐

                </mate><quantity>
                    1盒（400-500克）
                </quantity></item><item><mate>
                  

    肉沫

                </mate><quantity>
                    100克
                </quantity></item><item><mate>
                  

    郫县豆瓣（熟豆瓣）

                </mate><quantity>
                    50克
                </quantity></item><item><mate>
                  

    永川豆豉

                </mate><quantity>
                    15克
                </quantity></item><item><mate>
                  

    辣椒粉（可减量）

                </mate><quantity>
                    20克
                </quantity></item><item><mate>
                  

    花椒粉

                </mate><quantity>
                    10克
                </quantity></item><item><mate>
                  

    水淀粉

                </mate><quantity>
                    70克（1汤匙淀粉加水调和）
                </quantity></item><item><mate>
                  

    姜末

                </mate><quantity>
                    20克
                </quantity></item><item><mate>
                  

    蒜末

                </mate><quantity>
                    20克
                </quantity></item><item><mate>
                  

    青蒜苗

                </mate><quantity>
                    20克（切段）
                </quantity></item><item><mate>
                  

    调料：盐3克，料酒10克，胡椒粉1克，酱油10克，香油10克，高汤（或水）100克，色拉油50克

                </mate><quantity>
                    
                </quantity></item></materials><steps>
            
            
              准备食材：1、豆腐切成1.5厘米小方块，放入加入1克盐的沸水中煮2分钟捞出（小美主锅加开水 豆腐放入网兜，水要没过食材，设置100度/2分钟/速度1）2、姜、蒜、永川豆豉放出主锅3秒/速度6切颗粒倒出备用 
              
            
            
            
              50克油、100克肉末入主锅，5分钟/v档/速度小勺爆香；加入熟豆瓣、姜末、蒜末、永川豆豉，辣椒粉，3分钟/v档/速度1炒料；加入100克鲜高汤（没有就加水），5分钟/v档/速度1 熬出红油汤底
              
            
            
            
              插上蝴蝶棒，将汆烫好的豆腐轻轻的放入蝴蝶棒两边，注意不要把豆腐弄碎了；加入盐2克（约1/2茶匙不满），料酒10克，胡椒粉1克（约1/4茶匙），酱油10克，香油10克，设置5分钟/V档/反转小勺，不盖量杯
              
            
            
            
              还剩3分钟时从顶部小孔倒入一半的水淀粉，剩1分半钟从小孔倒入青蒜苗和剩下的水淀粉
              
            
            
            
              出锅撒上花椒粉，随随便便下三碗饭！
              
            
          </steps><tips>
          1、小美的最高温度只有120度 整个烹饪过程无油烟，但是在处理川菜的爆香流程时，爆香菜油、生豆瓣这类需要高温油煎才能激发香气的食材就会比较困难，如果日常喜欢这类食材 建议提前把他们用铁锅炼熟以后用小美按需取用2、食谱中的调料 我是按川渝偏重口味配置的 可根据自家口味自行调整用料，喜欢这个食谱记得要来交作业哦3、更多食谱和细节会在我的美食群和美食课程上给出。欢迎留言预约体验小美的强大功能！
        </tips><tags>
        家常菜
        快手菜
        辣
      </tags></item></page_detail></extraction>