<?xml version="1.0" encoding="UTF-8"?><extraction><clueid>99353449</clueid><fullpath><![CDATA[http://www.xiachufang.com/recipe/100018420/]]></fullpath><realpath><![CDATA[http://www.xiachufang.com/recipe/100018420/]]></realpath><theme>food_detail_page</theme><middle>规则_2</middle><createdate>2019-5-14 15:33:55</createdate><pageno>0</pageno><actionno></actionno><actionvalue></actionvalue><prestamp>DSEngine-+--+-0</prestamp><currentstamp>DSEngine-+-ds_browser_top-+-1557819235054</currentstamp><timestamp>1557819235054</timestamp><baseURI><bucketBaseURI><bucketName>page_detail</bucketName><uri><![CDATA[http://www.xiachufang.com/recipe/100018420/]]></uri></bucketBaseURI></baseURI><customInfo><![CDATA[]]></customInfo><dsName>DSEngine</dsName><dsThread>datascraper_top</dsThread><version>80700</version>
<page_detail><item><foodname>
      蚕菜汤（清热祛湿汤）
    </foodname><score/><heat>9</heat><author>私人厨房@xiu</author><materials><item><mate>
                  

    蚕菜

                </mate><quantity>
                    0.25kg
                </quantity></item><item><mate>
                  

    鸡蛋

                </mate><quantity>
                    两枚
                </quantity></item><item><mate>
                  

    鸡精

                </mate><quantity>
                    适量
                </quantity></item><item><mate>
                  

    盐，油

                </mate><quantity>
                    
                </quantity></item></materials><steps>
            
            
              将整个鸡蛋微煎，在用锅铲搞烂
              
            
            
            
              剩出，待用
              
            
            
            
              花生油，盐。下锅翻炒下蚕菜5分熟，为了让蚕菜入味
              
            
            
            
              水烧开，加入少量盐
              
            
            
            
              把蚕菜和煎好的鸡蛋一起放进水中，加入鸡精
              
            
            
            
              一碗蚕菜汤就做好了。简单又好喝
              
            
          </steps><tips/><tags>
        全部菜单
      </tags></item></page_detail></extraction>