<?xml version="1.0" encoding="UTF-8"?><extraction><clueid>99353079</clueid><fullpath><![CDATA[http://www.xiachufang.com/recipe/100001729/]]></fullpath><realpath><![CDATA[http://www.xiachufang.com/recipe/100001729/]]></realpath><theme>food_detail_page</theme><middle>规则_2</middle><createdate>2019-5-14 12:53:25</createdate><pageno>0</pageno><actionno></actionno><actionvalue></actionvalue><prestamp>DSEngine-+--+-0</prestamp><currentstamp>DSEngine-+-ds_browser_top-+-1557809605050</currentstamp><timestamp>1557809605050</timestamp><baseURI><bucketBaseURI><bucketName>page_detail</bucketName><uri><![CDATA[http://www.xiachufang.com/recipe/100001729/]]></uri></bucketBaseURI></baseURI><customInfo><![CDATA[]]></customInfo><dsName>DSEngine</dsName><dsThread>datascraper_top</dsThread><version>80700</version>
<page_detail><item><foodname>
      美式土豆沙拉
      </foodname><score>8.0</score><heat>93</heat><author>小羽私厨</author><materials><item><mate>
                  

    腌黄瓜

                </mate><quantity>
                    1小根
                </quantity></item><item><mate>
                  

    白葡萄酒醋

                </mate><quantity>
                    1大勺
                </quantity></item><item><mate>
                  

    土豆

                </mate><quantity>
                    2个
                </quantity></item><item><mate>
                  

    鸡蛋

                </mate><quantity>
                    2个
                </quantity></item><item><mate>
                  

    洋葱

                </mate><quantity>
                    小个的紫皮的1个
                </quantity></item><item><mate>
                  

    橄榄油

                </mate><quantity>
                    1大勺
                </quantity></item><item><mate>
                  

    盐

                </mate><quantity>
                    2小勺
                </quantity></item><item><mate>
                  

    糖

                </mate><quantity>
                    1小勺
                </quantity></item><item><mate>
                  

    欧芹末或者香菜末

                </mate><quantity>
                    少许
                </quantity></item><item><mate>
                  

    黑胡椒粉

                </mate><quantity>
                    少许
                </quantity></item></materials><steps>
            
            
              将土豆去皮，切成小块。
            
            
            
              锅中添水，加一小勺盐和一小勺糖。水开后将土豆块入锅，煮至熟透，七八分钟左右。捞出放入器皿中，倒一大勺白葡萄酒醋，拌匀，晾凉。
            
            
            
              煮鸡蛋。鸡蛋冷水下锅，水要没过鸡蛋，中火加热，水开后开始计时，6分钟后关火捞出。放冷水中冷却，剥皮。蛋黄剥出，用叉子捣碎，蛋白切成小丁。
            
            
            
              将紫皮洋葱切成极薄的细丝，腌黄瓜切成薄片。
            
            
            
              将土豆丁、蛋白丁、洋葱丝、腌黄瓜片、蛋黄末，1大勺橄榄油、1小勺盐、少许黑胡椒末、欧芹末或者香菜末，拌匀即可。
            
          </steps><tips/><tags>
        沙拉
        减肥
      </tags></item></page_detail></extraction>