<?xml version="1.0" encoding="UTF-8"?><extraction><clueid>99352380</clueid><fullpath><![CDATA[http://www.xiachufang.com/recipe/175025/]]></fullpath><realpath><![CDATA[http://www.xiachufang.com/recipe/175025/]]></realpath><theme>food_detail_page</theme><middle>规则_2</middle><createdate>2019-5-13 22:47:32</createdate><pageno>0</pageno><actionno></actionno><actionvalue></actionvalue><prestamp>DSEngine-+--+-0</prestamp><currentstamp>DSEngine-+-ds_browser_top-+-1557758852300</currentstamp><timestamp>1557758852300</timestamp><baseURI><bucketBaseURI><bucketName>page_detail</bucketName><uri><![CDATA[http://www.xiachufang.com/recipe/175025/]]></uri></bucketBaseURI></baseURI><customInfo><![CDATA[]]></customInfo><dsName>DSEngine</dsName><dsThread>datascraper_top</dsThread><version>80700</version>
<page_detail><item><foodname>
      酸辣藕丁
    </foodname><score>7.5</score><heat>3453</heat><author>狗尾巴草</author><materials><item><mate>
                  

    鲜藕

                </mate><quantity>
                    2节
                </quantity></item><item><mate>
                  

    青椒

                </mate><quantity>
                    2个
                </quantity></item><item><mate>
                  

    干红辣椒

                </mate><quantity>
                    5根
                </quantity></item><item><mate>
                  

    生姜

                </mate><quantity>
                    1小块
                </quantity></item><item><mate>
                  

    小葱

                </mate><quantity>
                    3根
                </quantity></item></materials><steps>
            
            
              所有材料洗净，将藕去皮切丁，将切好的藕丁浸泡在清水中，水中加一勺白醋（防止藕变色）
            
            
            
              青椒切丝，生姜切细丝，干红辣椒斜刀切段，小葱切末
            
            
            
              准备一锅开水，将藕丁下入开水中焯水，2-3分钟后即可捞起（先焯水可以缩短藕丁炒制的时间）
            
            
            
              调配酱汁：将1勺醋，1勺老干妈辣椒酱，1勺番茄酱，1/3勺酱油，1/2勺白糖，少许黑胡椒粉混合均匀，备用；（可惜俺没有这么多的勺子，要不一字排开也直观些）
            
            
            
              锅中放适量油，下青椒丝，生姜丝，红辣椒，煸炒出香味后，下入藕丁翻炒
            
            
            
              翻炒1分钟左右，倒入调好的酱汁，加入适量盐调味，翻炒至酱汁均匀包裹在藕丁上即可
            
            
            
              起锅后撒上葱花
            
          </steps><tips/><tags>
        家常菜
        下饭菜
        辣
        素菜
        宴客
        酸辣藕丁
        藕丁
        酸辣藕带
        酸辣藕条
        炒藕丁
      </tags></item></page_detail></extraction>