<?xml version="1.0" encoding="UTF-8"?><extraction><clueid>99353942</clueid><fullpath><![CDATA[http://www.xiachufang.com/recipe/108916/]]></fullpath><realpath><![CDATA[http://www.xiachufang.com/recipe/108916/]]></realpath><theme>food_detail_page</theme><middle>规则_2</middle><createdate>2019-5-14 20:39:56</createdate><pageno>0</pageno><actionno></actionno><actionvalue></actionvalue><prestamp>DSEngine-+--+-0</prestamp><currentstamp>DSEngine-+-ds_browser_top-+-1557837596933</currentstamp><timestamp>1557837596933</timestamp><baseURI><bucketBaseURI><bucketName>page_detail</bucketName><uri><![CDATA[http://www.xiachufang.com/recipe/108916/]]></uri></bucketBaseURI></baseURI><customInfo><![CDATA[]]></customInfo><dsName>DSEngine</dsName><dsThread>datascraper_top</dsThread><version>80700</version>
<page_detail><item><foodname>
      荔枝虾球
    </foodname><score/><heat>16</heat><author>粉竽粘糖</author><materials><item><mate>
                  

    沙虾

                </mate><quantity>
                    10个
                </quantity></item><item><mate>
                  

    白腊荔枝

                </mate><quantity>
                    10个
                </quantity></item><item><mate>
                  

    盐

                </mate><quantity>
                    1茶匙
                </quantity></item><item><mate>
                  

    鸡精

                </mate><quantity>
                    1/2茶匙
                </quantity></item><item><mate>
                  

    料酒

                </mate><quantity>
                    1茶匙
                </quantity></item><item><mate>
                  

    蛋清

                </mate><quantity>
                    5ml
                </quantity></item><item><mate>
                  

    上汤

                </mate><quantity>
                    60ml
                </quantity></item><item><mate>
                  

    水淀粉

                </mate><quantity>
                    20ml
                </quantity></item></materials><steps>
            
            
              材料备好
            
            
            
              荔枝去核，放淡盐水中浸泡片刻捞出，虾去头留尾去虾肠，用1/3茶匙盐、1/2茶匙鸡精、1茶匙料酒、5ml蛋清上浆，腌制10分钟
            
            
            
              将虾身卷曲放入荔枝内，做成荔枝虾球待用
            
            
            
              姜切成碎粒，上汤、水淀粉备好
            
            
            
              锅下油烧温，放入姜粒爆香
            
            
            
              然后把荔枝虾虾身朝下放入锅里，倒入上汤焖都一会
            
            
            
              煮至虾身变色，撒入2/3茶匙盐，淋入水淀粉即可出锅
            
          </steps><tips>
          1、做荔枝菜其实也不难，首先选好新鲜的荔枝。一般来说，像妃子笑、糯米糍等荔枝吃起来味道好，但不太适合做菜，这些品种的荔枝肉汁水太多，剥皮时容易把肉剥烂，炒出来的卖相就不好了。我选择用白腊荔枝，比较容易取得核，不容易剥烂荔枝肉。
2、做水果菜原料烹熟即可，调味宜略淡，不要用大量的盐和油破坏掉水果的清爽。
3、这道菜也可以选用蒸制的方法。
        </tips><tags>
        全部菜单
      </tags></item></page_detail></extraction>