<?xml version="1.0" encoding="UTF-8"?><extraction><clueid>99353380</clueid><fullpath><![CDATA[http://www.xiachufang.com/recipe/260464/]]></fullpath><realpath><![CDATA[http://www.xiachufang.com/recipe/260464/]]></realpath><theme>food_detail_page</theme><middle>规则_2</middle><createdate>2019-5-14 15:22:46</createdate><pageno>0</pageno><actionno></actionno><actionvalue></actionvalue><prestamp>DSEngine-+--+-0</prestamp><currentstamp>DSEngine-+-ds_browser_top-+-1557818566451</currentstamp><timestamp>1557818566451</timestamp><baseURI><bucketBaseURI><bucketName>page_detail</bucketName><uri><![CDATA[http://www.xiachufang.com/recipe/260464/]]></uri></bucketBaseURI></baseURI><customInfo><![CDATA[]]></customInfo><dsName>DSEngine</dsName><dsThread>datascraper_top</dsThread><version>80700</version>
<page_detail><item><foodname>
      清热明目降压茶
    </foodname><score/><heat>0</heat><author>简单煮意</author><materials><item><mate>
                  

    夏枯草

                </mate><quantity>
                    10g
                </quantity></item><item><mate>
                  

    桑叶

                </mate><quantity>
                    3g
                </quantity></item><item><mate>
                  

    菊花

                </mate><quantity>
                    15g
                </quantity></item><item><mate>
                  

    薄荷

                </mate><quantity>
                    3g（原方是干薄荷，我用了新鲜薄荷10克）
                </quantity></item><item><mate>
                  

    甘草

                </mate><quantity>
                    3g
                </quantity></item><item><mate>
                  

    冰糖

                </mate><quantity>
                    适量
                </quantity></item></materials><steps>
            
            
              所有材料冲洗干净
              
            
            
            
              除新鲜薄荷以外加800ml清水浸泡30分钟
              
            
            
            
              加入鲜薄荷后烧开，转小火15分钟后关火，滤出茶汁
              
            
            
            
              重新加入800ml清水，继续煮15分钟后关火
              
            
            
            
              再次滤出茶汁，和第一次滤出的茶汁混合，加冰糖溶化后即可饮用
              
            
          </steps><tips/><tags>
        饮品
      </tags></item></page_detail></extraction>