<?xml version="1.0" encoding="UTF-8"?><extraction><clueid>99352888</clueid><fullpath><![CDATA[http://www.xiachufang.com/recipe/102761815/]]></fullpath><realpath><![CDATA[http://www.xiachufang.com/recipe/102761815/]]></realpath><theme>food_detail_page</theme><middle>规则_2</middle><createdate>2019-5-14 10:52:22</createdate><pageno>0</pageno><actionno></actionno><actionvalue></actionvalue><prestamp>DSEngine-+--+-0</prestamp><currentstamp>DSEngine-+-ds_browser_top-+-1557802342418</currentstamp><timestamp>1557802342418</timestamp><baseURI><bucketBaseURI><bucketName>page_detail</bucketName><uri><![CDATA[http://www.xiachufang.com/recipe/102761815/]]></uri></bucketBaseURI></baseURI><customInfo><![CDATA[]]></customInfo><dsName>DSEngine</dsName><dsThread>datascraper_top</dsThread><version>80700</version>
<page_detail><item><foodname>
      全麦无糖无油麻薯软欧
      </foodname><score>7.0</score><heat>224</heat><author>王圆点</author><materials><item><mate>
                  

    鸡蛋

                </mate><quantity>
                    1个
                </quantity></item><item><mate>
                  

    牛奶

                </mate><quantity>
                    180克
                </quantity></item><item><mate>
                  

    盐

                </mate><quantity>
                    5克
                </quantity></item><item><mate>
                  

    酵母

                </mate><quantity>
                    6克
                </quantity></item><item><mate>
                  

    高筋面粉

                </mate><quantity>
                    180克
                </quantity></item><item><mate>
                  

    全麦粉或黑麦粉 

                </mate><quantity>
                    70克
                </quantity></item><item><mate>
                  

    亚麻籽粉和坚果（可不用）

                </mate><quantity>
                    30克
                </quantity></item><item><mate>
                  

    麻薯用料

                </mate><quantity>
                    
                </quantity></item><item><mate>
                  

    糖

                </mate><quantity>
                    40克
                </quantity></item><item><mate>
                  

    糯米粉

                </mate><quantity>
                    140克
                </quantity></item><item><mate>
                  

    玉米淀粉

                </mate><quantity>
                    40克
                </quantity></item><item><mate>
                  

    牛奶

                </mate><quantity>
                    240克
                </quantity></item><item><mate>
                  

    黄油

                </mate><quantity>
                    20克
                </quantity></item></materials><steps>
            
            
              亚麻籽和白芝麻在热锅里烘三四分钟 注意火候 不要烘焦了 我个人喜欢往欧包里加谷物坚果之类的 感觉吃起来更健康 面包的口感也更有层次 
              
            
            
            
              然后研磨成粉 亚麻籽要磨成粉身体才会吸收
              
            
            
            
              然后坚果和葡萄干或蔓越莓干切碎 方便揉进面团里
              
            
            
            
              面粉 全麦粉 亚麻籽粉 鸡蛋 盐入盆 然后倒入牛奶 牛奶的量一点点看着倒 因为每个人面粉的吸水性不同 接着把面粉揉成团揉至不沾盆即可
              
            
            
            
              盖上保鲜膜室温发酵一个小时 手指沾面粉往面团上戳一个洞 如果不回缩或回缩缓慢 那么第一轮发酵就完成啦
              
            
            
            
               取出排气并静止松弛二十分钟（Sorry 我的照片有点串 但步骤是没错的
              
            
            
            
              趁着面团松弛 我们来做麻薯：麻薯的材料除了黄油全部混合，搅匀至无颗粒 送入微波炉高火两分钟 每人的微波炉功率不同 要注意看着点哦 麻薯团熟了就行 表面会有一些干燥 不过没关系 趁热加入黄油揉捏 记得戴手套 会更容易操作也不粘手
              
            
            
            
              喜欢什么坚果什么干果就往上铺 擀进面包里
              
            
            
            
              铺麻薯和自己喜欢吃的 就是要放满自己喜欢吃的 一点毛病妹有哈哈
              
            
            
            
              面团卷起 一定要捏紧封口！接着送入烤箱发酵40分钟 发酵好后撒面粉 割包口 预热好烤箱 上下火180度25分钟
              
            
            
            
              割包那步忘了拍 我一个人又要做又要拍 很不好弄 理解下啦
              
            
            
            
              应该没漏了什么没交代吧 先发 想到再补
              
            
          </steps><tips/><tags>
        减肥
        早餐
        面包
      </tags></item></page_detail></extraction>