<?xml version="1.0" encoding="UTF-8"?><extraction><clueid>99353764</clueid><fullpath><![CDATA[http://www.xiachufang.com/recipe/261816/]]></fullpath><realpath><![CDATA[http://www.xiachufang.com/recipe/261816/]]></realpath><theme>food_detail_page</theme><middle>规则_2</middle><createdate>2019-5-14 17:30:58</createdate><pageno>0</pageno><actionno></actionno><actionvalue></actionvalue><prestamp>DSEngine-+--+-0</prestamp><currentstamp>DSEngine-+-ds_browser_top-+-1557826258257</currentstamp><timestamp>1557826258257</timestamp><baseURI><bucketBaseURI><bucketName>page_detail</bucketName><uri><![CDATA[http://www.xiachufang.com/recipe/261816/]]></uri></bucketBaseURI></baseURI><customInfo><![CDATA[]]></customInfo><dsName>DSEngine</dsName><dsThread>datascraper_top</dsThread><version>80700</version>
<page_detail><item><foodname>
      冰糖雪梨汁
    </foodname><score>8.3</score><heat>110</heat><author>孙朱朱</author><materials><item><mate>
                  

    川贝粉

                </mate><quantity>
                    一点
                </quantity></item><item><mate>
                  

    雪梨

                </mate><quantity>
                    1个
                </quantity></item><item><mate>
                  

    冰糖

                </mate><quantity>
                    适量
                </quantity></item><item><mate>
                  

    柠檬

                </mate><quantity>
                    半个
                </quantity></item></materials><steps>
            
            
              将雪梨洗干净去核切成小一点的块放入豆浆机中
            
            
            
              然后放入冰糖，再放入清水到水量的限度
            
            
            
              然后通电，用五谷豆浆功能效果最好
            
            
            
              做好后，过滤一下，其实不用过滤，基本上无渣，不过过滤一下更细滑
            
            
            
              煮好的冰糖雪梨汁是滚烫的，可以热饮；也可以冷却后再放些蜂蜜，就成了冰糖蜂蜜炖雪梨饮了，放冰箱中冷藏储存可以保存3~5天
            
          </steps><tips/><tags>
        饮品
        冰糖雪梨汁
        冰糖枸杞雪梨汁
        冰糖雪梨
        苹果雪梨汁
        银耳冰糖雪梨
      </tags></item></page_detail></extraction>