<?xml version="1.0" encoding="UTF-8"?><extraction><clueid>99352854</clueid><fullpath><![CDATA[http://www.xiachufang.com/recipe/89119/]]></fullpath><realpath><![CDATA[http://www.xiachufang.com/recipe/89119/]]></realpath><theme>food_detail_page</theme><middle>规则_2</middle><createdate>2019-5-14 10:23:27</createdate><pageno>0</pageno><actionno></actionno><actionvalue></actionvalue><prestamp>DSEngine-+--+-0</prestamp><currentstamp>DSEngine-+-ds_browser_top-+-1557800607016</currentstamp><timestamp>1557800607016</timestamp><baseURI><bucketBaseURI><bucketName>page_detail</bucketName><uri><![CDATA[http://www.xiachufang.com/recipe/89119/]]></uri></bucketBaseURI></baseURI><customInfo><![CDATA[]]></customInfo><dsName>DSEngine</dsName><dsThread>datascraper_top</dsThread><version>80700</version>
<page_detail><item><foodname>
      红豆番薯糖水
    </foodname><score>7.6</score><heat>547</heat><author>高雅</author><materials><item><mate>
                  

    红豆

                </mate><quantity>
                    300克
                </quantity></item><item><mate>
                  

    番薯

                </mate><quantity>
                    1个
                </quantity></item><item><mate>
                  

    红糖

                </mate><quantity>
                    适量
                </quantity></item></materials><steps>
            
            
              番薯去皮切大块
            
            
            
              将红豆洗净，用清水浸泡2小时
            
            
            
              锅中加入红豆和水，大火烧开后转中火，煮一个小时左右，煮至红豆开花，加入切好的番薯块，继续煮二十分钟，煮至红豆番薯软烂
            
            
            
              最后加入红糖调味，即可
            
          </steps><tips>
          1.红豆在烹煮前需要用水泡2-3小时；
2.煮红豆的时候，不要提前放糖，否则红豆很难煮烂。
3.红豆有利尿效果，不要在睡前2个小时内吃红豆，免得晚上频频上厕所哦，呵呵；
4.可以用冰糖代替红糖.
        </tips><tags>
        甜品
        减肥
        粥
        宿舍
        红豆番薯糖水
        番薯糖水
        红豆糖水
        红糖老姜番薯糖水
        红糖番薯糖水
      </tags></item></page_detail></extraction>