<?xml version="1.0" encoding="UTF-8"?><extraction><clueid>99353733</clueid><fullpath><![CDATA[http://www.xiachufang.com/recipe/100034050/]]></fullpath><realpath><![CDATA[http://www.xiachufang.com/recipe/100034050/]]></realpath><theme>food_detail_page</theme><middle>规则_2</middle><createdate>2019-5-14 16:47:25</createdate><pageno>0</pageno><actionno></actionno><actionvalue></actionvalue><prestamp>DSEngine-+--+-0</prestamp><currentstamp>DSEngine-+-ds_browser_top-+-1557823645104</currentstamp><timestamp>1557823645104</timestamp><baseURI><bucketBaseURI><bucketName>page_detail</bucketName><uri><![CDATA[http://www.xiachufang.com/recipe/100034050/]]></uri></bucketBaseURI></baseURI><customInfo><![CDATA[]]></customInfo><dsName>DSEngine</dsName><dsThread>datascraper_top</dsThread><version>80700</version>
<page_detail><item><foodname>
      润肺止咳的白萝卜白梨生姜饮
      </foodname><score>8.3</score><heat>102</heat><author>小羽私厨</author><materials><item><mate>
                  

    白梨

                </mate><quantity>
                    1个
                </quantity></item><item><mate>
                  

    白萝卜

                </mate><quantity>
                    半个
                </quantity></item><item><mate>
                  

    生姜

                </mate><quantity>
                    1小块
                </quantity></item></materials><steps>
            
            
              将白萝卜、白梨、姜都切成薄片。锅中添水，将全部切片下锅，大火将水烧开，然后转最小火煮15分钟即可，将水和切片全部吃掉
            
          </steps><tips/><tags>
        饮品
      </tags></item></page_detail></extraction>