<?xml version="1.0" encoding="UTF-8"?><extraction><clueid>99353988</clueid><fullpath><![CDATA[http://www.xiachufang.com/recipe/245258/]]></fullpath><realpath><![CDATA[http://www.xiachufang.com/recipe/245258/]]></realpath><theme>food_detail_page</theme><middle>规则_2</middle><createdate>2019-5-14 21:14:25</createdate><pageno>0</pageno><actionno></actionno><actionvalue></actionvalue><prestamp>DSEngine-+--+-0</prestamp><currentstamp>DSEngine-+-ds_browser_top-+-1557839665773</currentstamp><timestamp>1557839665773</timestamp><baseURI><bucketBaseURI><bucketName>page_detail</bucketName><uri><![CDATA[http://www.xiachufang.com/recipe/245258/]]></uri></bucketBaseURI></baseURI><customInfo><![CDATA[]]></customInfo><dsName>DSEngine</dsName><dsThread>datascraper_top</dsThread><version>80700</version>
<page_detail><item><foodname>
      蜂蜜芹菜汁
    </foodname><score/><heat>5</heat><author>HeNanMoMo</author><materials><item><mate>
                  

    鲜芹菜

                </mate><quantity>
                    150g
                </quantity></item><item><mate>
                  

    蜂蜜

                </mate><quantity>
                    一小勺
                </quantity></item><item><mate>
                  

    温开水

                </mate><quantity>
                    约300g
                </quantity></item></materials><steps>
            
            
              芹菜洗净后切成丁
              
            
            
            
              料理机加入菜丁和温开水
              
            
            
            
              搅打粉碎
              
            
            
            
              最后滤掉菜渣留汁加入蜂蜜即可
              
            
          </steps><tips/><tags>
        饮品
        蜂蜜芹菜汁
        芹菜汁
        红萝卜芹菜汁
        苹果芹菜汁
        黄瓜芹菜汁
      </tags></item></page_detail></extraction>