<?xml version="1.0" encoding="UTF-8"?><extraction><clueid>99353070</clueid><fullpath><![CDATA[http://www.xiachufang.com/recipe/260119/]]></fullpath><realpath><![CDATA[http://www.xiachufang.com/recipe/260119/]]></realpath><theme>food_detail_page</theme><middle>规则_2</middle><createdate>2019-5-14 12:45:27</createdate><pageno>0</pageno><actionno></actionno><actionvalue></actionvalue><prestamp>DSEngine-+--+-0</prestamp><currentstamp>DSEngine-+-ds_browser_top-+-1557809127883</currentstamp><timestamp>1557809127883</timestamp><baseURI><bucketBaseURI><bucketName>page_detail</bucketName><uri><![CDATA[http://www.xiachufang.com/recipe/260119/]]></uri></bucketBaseURI></baseURI><customInfo><![CDATA[]]></customInfo><dsName>DSEngine</dsName><dsThread>datascraper_top</dsThread><version>80700</version>
<page_detail><item><foodname>
      红烧猪蹄
    </foodname><score>7.5</score><heat>299</heat><author>绿野仙踪olivia</author><materials><item><mate>
                  

    猪蹄

                </mate><quantity>
                    2只
                </quantity></item><item><mate>
                  

    葱

                </mate><quantity>
                    
                </quantity></item><item><mate>
                  

    姜

                </mate><quantity>
                    
                </quantity></item><item><mate>
                  

    蒜

                </mate><quantity>
                    
                </quantity></item><item><mate>
                  

    香叶

                </mate><quantity>
                    
                </quantity></item><item><mate>
                  

    干辣椒

                </mate><quantity>
                    
                </quantity></item><item><mate>
                  

    料酒

                </mate><quantity>
                    
                </quantity></item><item><mate>
                  

    老抽

                </mate><quantity>
                    
                </quantity></item><item><mate>
                  

    红腐乳

                </mate><quantity>
                    
                </quantity></item><item><mate>
                  

    冰糖

                </mate><quantity>
                    
                </quantity></item><item><mate>
                  

    盐

                </mate><quantity>
                    
                </quantity></item></materials><steps>
            
            
              猪蹄洗净，切成大小均匀的块状。（可在超市提前切块）
              
            
            
            
              放入锅中加少许料酒焯水，捞出后去除多于杂毛
              
            
            
            
              准备好配料，取2—3块腐乳加入少许腐乳汁碾碎
              
            
            
            
              焯猪蹄时可同时加热高压锅中的水，待水沸后，将焯好的猪蹄放入高压锅中
              
            
            
            
              大火烧制，撇去多于杂沫，倒入适量料酒
              
            
            
            
              加入姜片、蒜瓣
              
            
            
            
              小葱适量，卷成小捆放入锅中
              
            
            
            
              再放入香叶、干辣椒
              
            
            
            
              倒入适量老抽上色提味
              
            
            
            
              将提前碾碎的红腐乳连同腐乳汁一起倒入锅中
              
            
            
            
              放入冰糖，大火烧开
              
            
            
            
              盖上锅盖和压力阀，待压力阀转动喷气，调成中小火压35分钟左右
              
            
            
            
              高压锅能打开后，将猪蹄放入砂锅中，加入适量盐
              
            
            
            
              盖上锅盖进行收汁
              
            
            
            
              关火后撒少许葱花和白芝麻可连同砂锅一起上桌
              
            
          </steps><tips/><tags>
        红烧
        家常菜
        红烧猪蹄
        红烧黄豆猪蹄
        高压锅红烧猪蹄
        猪蹄
        椒盐猪蹄
      </tags></item></page_detail></extraction>