<?xml version="1.0" encoding="UTF-8"?><extraction><clueid>99352927</clueid><fullpath><![CDATA[http://www.xiachufang.com/recipe/102238148/]]></fullpath><realpath><![CDATA[http://www.xiachufang.com/recipe/102238148/]]></realpath><theme>food_detail_page</theme><middle>规则_2</middle><createdate>2019-5-14 11:23:59</createdate><pageno>0</pageno><actionno></actionno><actionvalue></actionvalue><prestamp>DSEngine-+--+-0</prestamp><currentstamp>DSEngine-+-ds_browser_top-+-1557804239595</currentstamp><timestamp>1557804239595</timestamp><baseURI><bucketBaseURI><bucketName>page_detail</bucketName><uri><![CDATA[http://www.xiachufang.com/recipe/102238148/]]></uri></bucketBaseURI></baseURI><customInfo><![CDATA[]]></customInfo><dsName>DSEngine</dsName><dsThread>datascraper_top</dsThread><version>80700</version>
<page_detail><item><foodname>
      一周减肥餐
      </foodname><score>8.6</score><heat>71</heat><author>Not alone╰╮</author><materials><item><mate>
                  

    懒得写

                </mate><quantity>
                    自己看图
                </quantity></item><item><mate>
                  

    

                </mate><quantity>
                    
                </quantity></item></materials><steps>
            
            
              第一天
              
            
            
            
              第二天
              
            
            
            
              第三天
              
            
            
            
              第4天
              
            
            
            
              第五天
              
            
            
            
              第六天
              
            
            
            
              第七天
              
            
            
            
              备用不喜欢上述的可以更换这个
              
            
            
            
              也是备用
              
            
          </steps><tips>
          可以减肥的早餐很多MM为了要减肥，常常从饮食下手，认为少吃一点就能多减一点，尤其是早餐，更是能省就省，这其实是非常不健康的喔。不吃早餐不但不会给你的减肥带来帮助，还有可能会损坏你的健康喔。其实选对早餐食品也能减肥喔。全麦食品：一顿好早餐应包括这样三件东西：谷类食品(如未去麦的粗面粉面包、八宝粥、黑米面包、窝窝头、茴香菜包等)水果和奶制品。在起床后的1小时内可吃适量全麦食品，并配合含有蛋白质、少量脂肪以及富含纤维的食物。例如全麦切片面包和鸡蛋，或者坚果和燕麦粥。谷类能提供稳定的热量，而蛋白质、脂肪和高纤维食品能给人饱腹感，并且维持血糖正常。女性早餐越来越倾向选择含脂肪少的食品。她们更喜欢吃谷类食物。从营养观点出发，对这一趋势应予以提倡。
        </tips><tags>
        减肥
        一周减肥餐
        减肥餐
        哥本哈根减肥餐
      </tags></item></page_detail></extraction>