<?xml version="1.0" encoding="UTF-8"?><extraction><clueid>99353548</clueid><fullpath><![CDATA[http://www.xiachufang.com/recipe/102415868/]]></fullpath><realpath><![CDATA[http://www.xiachufang.com/recipe/102415868/]]></realpath><theme>food_detail_page</theme><middle>规则_2</middle><createdate>2019-5-14 15:50:17</createdate><pageno>0</pageno><actionno></actionno><actionvalue></actionvalue><prestamp>DSEngine-+--+-0</prestamp><currentstamp>DSEngine-+-ds_browser_top-+-1557820217871</currentstamp><timestamp>1557820217871</timestamp><baseURI><bucketBaseURI><bucketName>page_detail</bucketName><uri><![CDATA[http://www.xiachufang.com/recipe/102415868/]]></uri></bucketBaseURI></baseURI><customInfo><![CDATA[]]></customInfo><dsName>DSEngine</dsName><dsThread>datascraper_top</dsThread><version>80700</version>
<page_detail><item><foodname>
      清香，清热，解暑的西瓜皮汁
    </foodname><score/><heat>4</heat><author>淡水素荷</author><materials><item><mate>
                  

    西瓜皮

                </mate><quantity>
                    
                </quantity></item><item><mate>
                  

    糖

                </mate><quantity>
                    适量
                </quantity></item><item><mate>
                  

    凉白开水

                </mate><quantity>
                    适量
                </quantity></item></materials><steps>
            
            
              去掉瓜皮里面的红色部分，再去掉瓜的外皮部分，留中间的青皮部分
              
            
            
            
              先切成条，再切成小小块，放入料理杯内，加入少量凉白开水
              
            
            
            
              搅打好后，过滤到放了糖的杯子里，放冰箱里冷藏最佳。
              
            
            
            
              喝吧
              
            
          </steps><tips>
          凉白开水的多少与口感有关，与做出来的颜色有关
        </tips><tags/></item></page_detail></extraction>