<?xml version="1.0" encoding="UTF-8"?><extraction><clueid>99352734</clueid><fullpath><![CDATA[http://www.xiachufang.com/recipe/1015479/]]></fullpath><realpath><![CDATA[http://www.xiachufang.com/recipe/1015479/]]></realpath><theme>food_detail_page</theme><middle>规则_2</middle><createdate>2019-5-14 0:29:26</createdate><pageno>0</pageno><actionno></actionno><actionvalue></actionvalue><prestamp>DSEngine-+--+-0</prestamp><currentstamp>DSEngine-+-ds_browser_top-+-1557764966781</currentstamp><timestamp>1557764966781</timestamp><baseURI><bucketBaseURI><bucketName>page_detail</bucketName><uri><![CDATA[http://www.xiachufang.com/recipe/1015479/]]></uri></bucketBaseURI></baseURI><customInfo><![CDATA[]]></customInfo><dsName>DSEngine</dsName><dsThread>datascraper_top</dsThread><version>80700</version>
<page_detail><item><foodname>
      不放油的健康薯片
    </foodname><score>7.1</score><heat>1824</heat><author>意子衿</author><materials><item><mate>
                  

    土豆

                </mate><quantity>
                </quantity></item><item><mate>
                  

    微波炉

                </mate><quantity>
                </quantity></item><item><mate>
                  

    微波炉蒸笼

                </mate><quantity>
                </quantity></item><item><mate>
                  

    盐、胡椒粉、花椒粉、五香粉、辣椒粉、孜然粉

                </mate><quantity>
                </quantity></item></materials><steps>
            
            
              土豆洗净去皮切成薄片
              
            
            
            
              放冷水里泡十分钟左右，去掉淀粉热量更低
            
            
            
              控干水分拌匀适量调料，腌两三分钟入味
            
            
            
              一片片地摆在蒸笼中，不要重叠要不就不好熟了
            
            
            
              高火叮3分钟拿出翻面再叮三分钟
              
            
            
            
              酥脆的健康薯片成功 不怕吃多长肉了
              
            
          </steps><tips>
          调料自己定，这次做麻辣味的，下次可以做孜然味，烧烤味等等，您想的出来的喜欢的随便发挥。
        </tips><tags>
        微波炉
        减肥
        零食
        创意菜
        小吃
      </tags></item></page_detail></extraction>