<?xml version="1.0" encoding="UTF-8"?><extraction><clueid>99352224</clueid><fullpath><![CDATA[http://www.xiachufang.com/recipe/267390/]]></fullpath><realpath><![CDATA[http://www.xiachufang.com/recipe/267390/]]></realpath><theme>food_detail_page</theme><middle>规则_2</middle><createdate>2019-5-13 21:56:14</createdate><pageno>0</pageno><actionno></actionno><actionvalue></actionvalue><prestamp>DSEngine-+--+-0</prestamp><currentstamp>DSEngine-+-ds_browser_top-+-1557755774066</currentstamp><timestamp>1557755774066</timestamp><baseURI><bucketBaseURI><bucketName>page_detail</bucketName><uri><![CDATA[http://www.xiachufang.com/recipe/267390/]]></uri></bucketBaseURI></baseURI><customInfo><![CDATA[]]></customInfo><dsName>DSEngine</dsName><dsThread>datascraper_top</dsThread><version>80700</version>
<page_detail><item><foodname>
      干煸菜花
      </foodname><score>7.9</score><heat>12013</heat><author>宅与路上</author><materials><item><mate>
                  

    松花菜

                </mate><quantity>
                    半只
                </quantity></item><item><mate>
                  

    五花肉

                </mate><quantity>
                    50克
                </quantity></item><item><mate>
                  

    生姜

                </mate><quantity>
                    5克
                </quantity></item><item><mate>
                  

    大蒜

                </mate><quantity>
                    三瓣
                </quantity></item><item><mate>
                  

    辣椒

                </mate><quantity>
                    2个
                </quantity></item><item><mate>
                  

    盐

                </mate><quantity>
                    2克
                </quantity></item><item><mate>
                  

    酱油

                </mate><quantity>
                    15克
                </quantity></item></materials><steps>
            
            
              菜花冲洗干净后用小刀沿着柄削成小朵，用淡盐水浸泡10分钟，充分沥干水分。
              
            
            
            
              五花肉入锅小火慢慢煸炒出油，如果肉不够肥，锅中可以先放少许油再煸，出油后加生姜炒出香味。
              
            
            
            
              开大火，油热的时候倒入菜花，铺匀略煎30秒再翻炒几下。
              
            
            
            
              盖上锅盖，调中火焗30秒。
              
            
            
            
              这时候可以看到菜花头有点焦色了。
              
            
            
            
              加入辣椒和大蒜碎翻炒几下。这个是之前的老锅，现在已经淘汰了。
              
            
            
            
              炒匀后加入一勺生抽，翻炒均匀。
              
            
            
            
              起锅前加入一勺盐炒匀即可。
              
            
            
            
              焦香爽脆，超级下饭。
              
            
          </steps><tips/><tags>
        下饭菜
        家常菜
        素菜
        干锅
        电饼铛
        宴客
        干煸菜花
        菜花
        干煸
        番茄菜花
        西红柿菜花
      </tags></item></page_detail></extraction>