<?xml version="1.0" encoding="UTF-8"?><extraction><clueid>99353847</clueid><fullpath><![CDATA[http://www.xiachufang.com/recipe/257678/]]></fullpath><realpath><![CDATA[http://www.xiachufang.com/recipe/257678/]]></realpath><theme>food_detail_page</theme><middle>规则_2</middle><createdate>2019-5-14 19:31:25</createdate><pageno>0</pageno><actionno></actionno><actionvalue></actionvalue><prestamp>DSEngine-+--+-0</prestamp><currentstamp>DSEngine-+-ds_browser_top-+-1557833485891</currentstamp><timestamp>1557833485891</timestamp><baseURI><bucketBaseURI><bucketName>page_detail</bucketName><uri><![CDATA[http://www.xiachufang.com/recipe/257678/]]></uri></bucketBaseURI></baseURI><customInfo><![CDATA[]]></customInfo><dsName>DSEngine</dsName><dsThread>datascraper_top</dsThread><version>80700</version>
<page_detail><item><foodname>
      四神汤
    </foodname><score/><heat>7</heat><author>恬静yzyz</author><materials><item><mate>
                  

    淮山药

                </mate><quantity>
                    一小段（或干的淮山10g）
                </quantity></item><item><mate>
                  

    芡实

                </mate><quantity>
                    10g
                </quantity></item><item><mate>
                  

    茯苓

                </mate><quantity>
                    10g
                </quantity></item><item><mate>
                  

    莲子

                </mate><quantity>
                    10g
                </quantity></item><item><mate>
                  

    草鸡

                </mate><quantity>
                    1斤
                </quantity></item><item><mate>
                  

    葱姜酒

                </mate><quantity>
                    适量
                </quantity></item><item><mate>
                  

    盐

                </mate><quantity>
                    适量
                </quantity></item></materials><steps>
            
            
              山药去皮洗切滚刀块
              
            
            
            
              鸡肉洗净剁成小块
              
            
            
            
              焯水
              
            
            
            
              茯苓、芡料、莲子，用清水洗一洗
              
            
            
            
              所以材料放入砂锅里，添加清水，煮开后转小火闷2小时，最后放入山药，再煮30分钟左右。加盐调味即可
              
            
          </steps><tips/><tags>
        全部菜单
      </tags></item></page_detail></extraction>