<?xml version="1.0" encoding="UTF-8"?><extraction><clueid>99352923</clueid><fullpath><![CDATA[http://www.xiachufang.com/recipe/100033756/]]></fullpath><realpath><![CDATA[http://www.xiachufang.com/recipe/100033756/]]></realpath><theme>food_detail_page</theme><middle>规则_2</middle><createdate>2019-5-14 11:18:32</createdate><pageno>0</pageno><actionno></actionno><actionvalue></actionvalue><prestamp>DSEngine-+--+-0</prestamp><currentstamp>DSEngine-+-ds_browser_top-+-1557803912488</currentstamp><timestamp>1557803912488</timestamp><baseURI><bucketBaseURI><bucketName>page_detail</bucketName><uri><![CDATA[http://www.xiachufang.com/recipe/100033756/]]></uri></bucketBaseURI></baseURI><customInfo><![CDATA[]]></customInfo><dsName>DSEngine</dsName><dsThread>datascraper_top</dsThread><version>80700</version>
<page_detail><item><foodname>
      香煎鸡胸肉
    </foodname><score>7.8</score><heat>376</heat><author>晴天下的大猫</author><materials><item><mate>
                  

    去皮鸡胸肉

                </mate><quantity>
                    1块/约5两
                </quantity></item><item><mate>
                  

    西兰花

                </mate><quantity>
                    1株
                </quantity></item><item><mate>
                  

    粗盐 or 海盐（sea salt）

                </mate><quantity>
                    
                </quantity></item><item><mate>
                  

    大蒜粉 or 蒜粒

                </mate><quantity>
                    
                </quantity></item><item><mate>
                  

    红酒

                </mate><quantity>
                    
                </quantity></item><item><mate>
                  

    橄榄油

                </mate><quantity>
                    
                </quantity></item><item><mate>
                  

    生抽

                </mate><quantity>
                    
                </quantity></item><item><mate>
                  

    蜂蜜

                </mate><quantity>
                    
                </quantity></item></materials><steps>
            
            
              取出鸡胸肉，用meat tenderizer（断腱锤）捶打鸡肉，使其保持均匀鲜嫩的口感（可以用刀背代替）
            
            
            
              均匀在两面撒上粗盐和大蒜粉，滴几滴红酒，腌制10分钟
            
            
            
              腌制完成后两面刷上橄榄油
            
            
            
              将平底锅生热后，将肉放入，每一面中火煎4分半到5分钟。不停用铲按压。
            
            
            
              两面都显诱人的金黄色快好时，每一面滴几滴酱油
            
            
            
              关火，在锅中冷却大约5分钟，此时刷上一层非常轻的蜂蜜
            
            
            
              出炉，健康的一天从一块美味至极的鸡胸肉开始了
            
          </steps><tips>
          1. 为了保证好的口感和营养成分，鸡胸肉的选材很重要，尽量选local就是本地的食材。
2. 选取海盐、橄榄油这些配料，同样是出于更加健康的目的；一般的盐和菜油也是可行的；
3. 确保鸡肉熟透，要保证鸡肉中心温度达到75摄氏度左右。可以用肉食温度计，像一根针一样插到肉的中心测量。
        </tips><tags>
        减肥
        快手菜
        煎
        香煎鸡胸肉
        鸡胸肉
        香煎
        炒鸡胸肉
        叉烧鸡胸肉
      </tags></item></page_detail></extraction>