<?xml version="1.0" encoding="UTF-8"?><extraction><clueid>99353053</clueid><fullpath><![CDATA[http://www.xiachufang.com/recipe/103823182/]]></fullpath><realpath><![CDATA[http://www.xiachufang.com/recipe/103823182/]]></realpath><theme>food_detail_page</theme><middle>规则_2</middle><createdate>2019-5-14 12:33:51</createdate><pageno>0</pageno><actionno></actionno><actionvalue></actionvalue><prestamp>DSEngine-+--+-0</prestamp><currentstamp>DSEngine-+-ds_browser_top-+-1557808431114</currentstamp><timestamp>1557808431114</timestamp><baseURI><bucketBaseURI><bucketName>page_detail</bucketName><uri><![CDATA[http://www.xiachufang.com/recipe/103823182/]]></uri></bucketBaseURI></baseURI><customInfo><![CDATA[]]></customInfo><dsName>DSEngine</dsName><dsThread>datascraper_top</dsThread><version>80700</version>
<page_detail><item><foodname>
      美容养颜的银耳汤
    </foodname><score/><heat>0</heat><author>银玲公主</author><materials><item><mate>
                  

    银耳

                </mate><quantity>
                    1朵
                </quantity></item><item><mate>
                  

    冰糖

                </mate><quantity>
                    50克
                </quantity></item><item><mate>
                  

    红枣

                </mate><quantity>
                    5颗
                </quantity></item><item><mate>
                  

    雪蛤干

                </mate><quantity>
                    1个
                </quantity></item><item><mate>
                  

    雪燕、桃胶、皂角米

                </mate><quantity>
                    1包
                </quantity></item></materials><steps>
            
            
              准备材料:银耳、红枣、雪蛤、雪燕、桃胶、皂角米
              
            
            
            
              所有材料洗净
              
            
            
            
              炖4小时，准备开吃
              
            
          </steps><tips>
          雪蛤:用纯净水+姜片泡发12小时,去掉黑色部分，再用沸水焯3分钟。雪燕、桃胶、皂角米我买的是一包一包的，超市里有卖的。冰糖我用的是大块冰糖
        </tips><tags/></item></page_detail></extraction>