<?xml version="1.0" encoding="UTF-8"?><extraction><clueid>99353327</clueid><fullpath><![CDATA[http://www.xiachufang.com/recipe/100507854/]]></fullpath><realpath><![CDATA[http://www.xiachufang.com/recipe/100507854/]]></realpath><theme>food_detail_page</theme><middle>规则_2</middle><createdate>2019-5-14 15:13:50</createdate><pageno>0</pageno><actionno></actionno><actionvalue></actionvalue><prestamp>DSEngine-+--+-0</prestamp><currentstamp>DSEngine-+-ds_browser_top-+-1557818030467</currentstamp><timestamp>1557818030467</timestamp><baseURI><bucketBaseURI><bucketName>page_detail</bucketName><uri><![CDATA[http://www.xiachufang.com/recipe/100507854/]]></uri></bucketBaseURI></baseURI><customInfo><![CDATA[]]></customInfo><dsName>DSEngine</dsName><dsThread>datascraper_top</dsThread><version>80700</version>
<page_detail><item><foodname>
      红烧牛蹄
      </foodname><score/><heat>14</heat><author>度度度的私房菜</author><materials><item><mate>
                  

    牛蹄

                </mate><quantity>
                    一斤
                </quantity></item><item><mate>
                  

    黄酒

                </mate><quantity>
                    一斤
                </quantity></item><item><mate>
                  

    生抽

                </mate><quantity>
                    适量
                </quantity></item><item><mate>
                  

    老抽

                </mate><quantity>
                    适量
                </quantity></item><item><mate>
                  

    盐

                </mate><quantity>
                    适量
                </quantity></item><item><mate>
                  

    冰糖

                </mate><quantity>
                    适量
                </quantity></item><item><mate>
                  

    花椒

                </mate><quantity>
                    适量
                </quantity></item><item><mate>
                  

    姜

                </mate><quantity>
                    适量
                </quantity></item><item><mate>
                  

    葱

                </mate><quantity>
                    适量
                </quantity></item></materials><steps>
            
            
              牛蹄整只对半切开，过水。
              
            
            
            
              葱切段，姜切片，铺在砂锅底层。然后浇上一点点油。
              
            
            
            
              捞出切小块，放入砂锅，然后再放入所有配料。
              
            
            
            
              加黄酒到接近没过牛蹄。开大火煮开。然后马上关小火，炖到接近收汁。
              
            
            
            
              这时候其实就已经可以了，千万别收太干。直接装盘吧。
              
            
          </steps><tips>
          如果不用黄酒，改用水或者高汤的话，味道会打折扣很多。
        </tips><tags>
        家常菜
        快手菜
        下饭菜
        红烧
      </tags></item></page_detail></extraction>