<?xml version="1.0" encoding="UTF-8"?><extraction><clueid>99353350</clueid><fullpath><![CDATA[http://www.xiachufang.com/recipe/230377/]]></fullpath><realpath><![CDATA[http://www.xiachufang.com/recipe/230377/]]></realpath><theme>food_detail_page</theme><middle>规则_2</middle><createdate>2019-5-14 15:16:38</createdate><pageno>0</pageno><actionno></actionno><actionvalue></actionvalue><prestamp>DSEngine-+--+-0</prestamp><currentstamp>DSEngine-+-ds_browser_top-+-1557818198255</currentstamp><timestamp>1557818198255</timestamp><baseURI><bucketBaseURI><bucketName>page_detail</bucketName><uri><![CDATA[http://www.xiachufang.com/recipe/230377/]]></uri></bucketBaseURI></baseURI><customInfo><![CDATA[]]></customInfo><dsName>DSEngine</dsName><dsThread>datascraper_top</dsThread><version>80700</version>
<page_detail><item><foodname>
      金银麦冬清热去火茶
    </foodname><score/><heat>4</heat><author>大媚的美滋美味</author><materials><item><mate>
                  

    麦冬

                </mate><quantity>
                    5、6颗
                </quantity></item><item><mate>
                  

    胖大海

                </mate><quantity>
                    1颗
                </quantity></item><item><mate>
                  

    金银花

                </mate><quantity>
                    0.5克
                </quantity></item><item><mate>
                  

    枸杞子

                </mate><quantity>
                    适量
                </quantity></item></materials><steps>
            
            
              把所有茶材放进杯子内、先倒入少量热水冲洗下茶材
            
            
            
              保留茶材把水倒掉
            
            
            
              最后加入95度以上沸水闷泡5分钟后即可饮用
            
          </steps><tips>
          胖大海每次用量不宜超过3颗、脾胃泄泻者不宜饮用此茶。
        </tips><tags>
        全部菜单
      </tags></item></page_detail></extraction>