<?xml version="1.0" encoding="UTF-8"?><extraction><clueid>99353714</clueid><fullpath><![CDATA[http://www.xiachufang.com/recipe/103816625/]]></fullpath><realpath><![CDATA[http://www.xiachufang.com/recipe/103816625/]]></realpath><theme>food_detail_page</theme><middle>规则_2</middle><createdate>2019-5-14 16:17:55</createdate><pageno>0</pageno><actionno></actionno><actionvalue></actionvalue><prestamp>DSEngine-+--+-0</prestamp><currentstamp>DSEngine-+-ds_browser_top-+-1557821875779</currentstamp><timestamp>1557821875779</timestamp><baseURI><bucketBaseURI><bucketName>page_detail</bucketName><uri><![CDATA[http://www.xiachufang.com/recipe/103816625/]]></uri></bucketBaseURI></baseURI><customInfo><![CDATA[]]></customInfo><dsName>DSEngine</dsName><dsThread>datascraper_top</dsThread><version>80700</version>
<page_detail><item><foodname>
      自制秋梨膏
    </foodname><score/><heat>1</heat><author>Maya魔幻小厨房</author><materials><item><mate>
                  

    梨

                </mate><quantity>
                    15个
                </quantity></item><item><mate>
                  

    罗汉果

                </mate><quantity>
                    2个
                </quantity></item><item><mate>
                  

    冰糖

                </mate><quantity>
                    适量
                </quantity></item><item><mate>
                  

    蜂蜜

                </mate><quantity>
                    适量
                </quantity></item><item><mate>
                  

    红枣

                </mate><quantity>
                    10颗
                </quantity></item><item><mate>
                  

    姜

                </mate><quantity>
                    3片
                </quantity></item></materials><steps>
            
            
              梨洗净备用。
              
            
            
            
              去皮，将果皮与果肉分开放置。
              
            
            
            
              用擦板将梨丝与梨汁一同放进盆里，我家擦板只能擦丝，建议用能擦梨蓉的擦板比较好，如果实在没有也没事哈。
              
            
            
            
              擦板弄了一半实在麻烦，我就直接把剩下的梨用料理机打碎了。全部放入锅中。
              
            
            
            
              红枣洗净去核备用。
              
            
            
            
              罗汉果洗净掰碎备用。
              
            
            
            
              老姜切丝备用。我发懒了，大家记着老姜最好去皮再切丝哈。
              
            
            
            
              所有食材全部放进锅里，大火烧开后，再转中小火熬制。
              
            
            
            
              时间我没看，熬到红枣软烂汤汁变黑就可以关火啦。
              
            
            
            
              关火后用滤网或者纱布将梨蓉混合物榨出汁。
              
            
            
            
              将过滤的汤汁再进行第二次的熬制，熬啊熬啊，期间要时不时的搅拌一下以免粘锅糊掉。小火熬制，我熬了大概两个小时左右的样子，提起刮刀可以看到挂壁有拉丝即可关火。放凉后加入蜂蜜就可以装瓶啦，罐子一定要高温消毒晾干后才可以呦。装瓶后密封，一般可以保存半年。
              
            
          </steps><tips>
          我在熬制过程中没有加水，如果加水了请酌情加时间，锅旁不能离人，是不是要搅拌，尤其最后十几分钟，能看到明显汤汁变浓稠，要一直搅拌。我是在锅里放凉后才装进密封瓶的。瓶子最好冷藏保存。
        </tips><tags/></item></page_detail></extraction>