<?xml version="1.0" encoding="UTF-8"?><extraction><clueid>99353633</clueid><fullpath><![CDATA[http://www.xiachufang.com/recipe/100117698/]]></fullpath><realpath><![CDATA[http://www.xiachufang.com/recipe/100117698/]]></realpath><theme>food_detail_page</theme><middle>规则_2</middle><createdate>2019-5-14 16:2:58</createdate><pageno>0</pageno><actionno></actionno><actionvalue></actionvalue><prestamp>DSEngine-+--+-0</prestamp><currentstamp>DSEngine-+-ds_browser_top-+-1557820978340</currentstamp><timestamp>1557820978340</timestamp><baseURI><bucketBaseURI><bucketName>page_detail</bucketName><uri><![CDATA[http://www.xiachufang.com/recipe/100117698/]]></uri></bucketBaseURI></baseURI><customInfo><![CDATA[]]></customInfo><dsName>DSEngine</dsName><dsThread>datascraper_top</dsThread><version>80700</version>
<page_detail><item><foodname>
      滋润清火汤水一茅根  莲藕   马蹄（对抗流感）
    </foodname><score/><heat>1</heat><author>亲爱的小厨娘</author><materials><item><mate>
                  

    茅根

                </mate><quantity>
                    一小捆（才一块钱哦）
                </quantity></item><item><mate>
                  

    莲藕

                </mate><quantity>
                    一节足以
                </quantity></item><item><mate>
                  

    马蹄

                </mate><quantity>
                    100g
                </quantity></item><item><mate>
                  

    冬瓜册

                </mate><quantity>
                    一片
                </quantity></item></materials><steps>
            
            
              
              
            
            
            
              
              
            
            
            
              
              
            
          </steps><tips>
          除了茅根…其他汤渣都可以吃掉的…顺便清理肠胃哦
        </tips><tags>
        全部菜单
      </tags></item></page_detail></extraction>