<?xml version="1.0" encoding="UTF-8"?><extraction><clueid>99353292</clueid><fullpath><![CDATA[http://www.xiachufang.com/recipe/102133669/]]></fullpath><realpath><![CDATA[http://www.xiachufang.com/recipe/102133669/]]></realpath><theme>food_detail_page</theme><middle>规则_2</middle><createdate>2019-5-14 15:7:13</createdate><pageno>0</pageno><actionno></actionno><actionvalue></actionvalue><prestamp>DSEngine-+--+-0</prestamp><currentstamp>DSEngine-+-ds_browser_top-+-1557817633788</currentstamp><timestamp>1557817633788</timestamp><baseURI><bucketBaseURI><bucketName>page_detail</bucketName><uri><![CDATA[http://www.xiachufang.com/recipe/102133669/]]></uri></bucketBaseURI></baseURI><customInfo><![CDATA[]]></customInfo><dsName>DSEngine</dsName><dsThread>datascraper_top</dsThread><version>80700</version>
<page_detail><item><foodname>
      好嘿皮！
（黑豆肉皮养颜汤）
      </foodname><score>8.5</score><heat>20</heat><author>一Lily</author><materials><item><mate>
                  

    黑豆

                </mate><quantity>
                    100g
                </quantity></item><item><mate>
                  

    猪肉皮

                </mate><quantity>
                    150-200g
                </quantity></item><item><mate>
                  

    干香菇

                </mate><quantity>
                    2-4朵
                </quantity></item><item><mate>
                  

    盐，鸡精

                </mate><quantity>
                    适量
                </quantity></item><item><mate>
                  

    蘸料

                </mate><quantity>
                    辣椒酱等
                </quantity></item><item><mate>
                  

    参考分量

                </mate><quantity>
                    2-3人量
                </quantity></item></materials><steps>
            
            
              准备黑豆100g。市集买的黑豆黝黑饱满~
              
            
            
            
              黑豆加入2倍清水浸泡4小时
              
            
            
            
              干香菇提前泡发备用
              
            
            
            
              处理猪肉皮~（猪肉皮可以让店家帮你先处理好）猪肉皮洗干净，先用刀把表面刮干净
              
            
            
            
              再把背面的多余油脂刮掉
              
            
            
            
              锅里烧水，水出现小泡泡时放入猪皮烫一烫，猪皮稍稍变硬即可捞出过凉水
              
            
            
            
              我这个没有请店家处理，所以派出秘密武器~把猪毛一根根拔掉，烫过的猪皮很容易拔毛滴，而且可以连根拔起很干净
              
            
            
            
              处理好的猪肉皮切成菱形
              
            
            
            
              将泡好的黑豆水倒掉，黑豆再冲一冲水沥干
              
            
            
            
              高压锅放入黑豆，猪肉皮，香菇，加入材料的2倍清水。大火烧开后转小火慢煮20分钟。也可以把材料放入隔水炖炖锅，炖煮2小时。（把黑豆和猪皮炖软糯即可，各家炖锅功率不同，时间仅供参考）
              
            
            
            
              出锅时加入盐和鸡精调味。
              
            
            
            
              △趁热食用，肉皮可蘸辣椒酱等食用。△这道汤不用加食用油，肉皮处理过也不会油腻哦，满满的胶原蛋白。△不喜欢猪皮的亲，还可以将猪皮替换成排骨或者猪蹄哦~
              
            
          </steps><tips>
          黑豆哥和猪皮弟，益气润肤两相宜。大家一起"好嘿皮"！谁吃谁HAPPY.(´▽｀)ノ♪
        </tips><tags>
        快手菜
      </tags></item></page_detail></extraction>