<?xml version="1.0" encoding="UTF-8"?><extraction><clueid>99353291</clueid><fullpath><![CDATA[http://www.xiachufang.com/recipe/100448789/]]></fullpath><realpath><![CDATA[http://www.xiachufang.com/recipe/100448789/]]></realpath><theme>food_detail_page</theme><middle>规则_2</middle><createdate>2019-5-14 15:6:54</createdate><pageno>0</pageno><actionno></actionno><actionvalue></actionvalue><prestamp>DSEngine-+--+-0</prestamp><currentstamp>DSEngine-+-ds_browser_top-+-1557817614849</currentstamp><timestamp>1557817614849</timestamp><baseURI><bucketBaseURI><bucketName>page_detail</bucketName><uri><![CDATA[http://www.xiachufang.com/recipe/100448789/]]></uri></bucketBaseURI></baseURI><customInfo><![CDATA[]]></customInfo><dsName>DSEngine</dsName><dsThread>datascraper_top</dsThread><version>80700</version>
<page_detail><item><foodname>
      山药瘦肉粥
      </foodname><score/><heat>15</heat><author>小美的美食</author><materials><item><mate>
                  

    山药

                </mate><quantity>
                </quantity></item><item><mate>
                  

    大米

                </mate><quantity>
                </quantity></item><item><mate>
                  

    生姜

                </mate><quantity>
                </quantity></item><item><mate>
                  

    油

                </mate><quantity>
                </quantity></item><item><mate>
                  

    盐

                </mate><quantity>
                </quantity></item><item><mate>
                  

    鸡精

                </mate><quantity>
                </quantity></item><item><mate>
                  

    瘦肉

                </mate><quantity>
                </quantity></item><item><mate>
                  

    生粉

                </mate><quantity>
                </quantity></item><item><mate>
                  

    生抽

                </mate><quantity>
                </quantity></item></materials><steps>
            
            
              取一砂锅，把适量的米淘洗干净，加入平时煮粥量的清水，放入油、生姜片开火煮至沸腾，用勺子不定时的搅拌防止粘锅。
            
            
            
              煮米的同时，把瘦肉切丝，用淀粉和少许生抽腌制均匀。
              
            
            
            
              山药去皮，切成小丁待用。
              
            
            
            
              煮到米开花无硬心时，捞出一半的米待用，锅中继续煮。
              
            
            
            
              煮到米汤开始浓稠，变成奶白色时，放山药在锅中，并加适量的盐，搅拌均匀。
              
            
            
            
              煮10分钟以上之后，可以试一下山药是否成熟，山药成熟后放入瘦肉片在锅中，搅拌均匀，加鸡精再次搅拌均匀，可以关火啦。
            
            
            
              吃之前把之前盛出来的米，倒入粥里面。
              
            
            
            
              成品欣赏
              
            
            
            
              成品欣赏
              
            
            
            
              成品欣赏
              
            
            
            
              成品欣赏
              
            
            
            
              成品欣赏
              
            
            
            
              成品欣赏
              
            
            
            
              小编的个人公众号，上面很多菜谱，每天也都会更新最新的菜谱，搜索公众号“meishi0123”或者扫这个二维码添加。
              
            
          </steps><tips>
          1、  米和水的量需要亲自己掂量哦，这个我没有去量过，都是凭感觉。如果后面觉得粥太干，可以加开水进去搅拌均匀哦。2、  捞出一半的米饭，是想让最后的成品看上去除了浓稠，还是有完整的米粒的，亲们不妨试试呢！！留在锅中米的任务就是让汤变浓稠，盛出的米是为了最后上桌好看。3、  盐的量要试味哦，小美是加了2次盐，不够再加。4、  这个粥有个小窍门，就是姜片可以多一些，亲们不妨试一试，味道绝对不一般。5、  香菜可以把粥盛在碗中时，加在自己碗里面，一锅粥有可能一顿无法吃完，香菜加在锅里面第一顿热就不好吃啦。微信公众号已上线，可以加微信号  meishi0123  关注哦，每天与大家分享不同菜品的做法，或者 QQ:  694755640 空间也可查看。厨友们我们多多交流，在烹饪上有什么问题我们互相讨论。
        </tips><tags>
        粥
        早餐
        饭
        清淡
        小清新
        家常菜
        山药瘦肉粥
        瘦肉粥
        芹菜瘦肉粥
        菠菜瘦肉粥
        蔬菜瘦肉粥
      </tags></item></page_detail></extraction>