<?xml version="1.0" encoding="UTF-8"?><extraction><clueid>99353143</clueid><fullpath><![CDATA[http://www.xiachufang.com/recipe/100441900/]]></fullpath><realpath><![CDATA[http://www.xiachufang.com/recipe/100441900/]]></realpath><theme>food_detail_page</theme><middle>规则_2</middle><createdate>2019-5-14 13:35:18</createdate><pageno>0</pageno><actionno></actionno><actionvalue></actionvalue><prestamp>DSEngine-+--+-0</prestamp><currentstamp>DSEngine-+-ds_browser_top-+-1557812118857</currentstamp><timestamp>1557812118857</timestamp><baseURI><bucketBaseURI><bucketName>page_detail</bucketName><uri><![CDATA[http://www.xiachufang.com/recipe/100441900/]]></uri></bucketBaseURI></baseURI><customInfo><![CDATA[]]></customInfo><dsName>DSEngine</dsName><dsThread>datascraper_top</dsThread><version>80700</version>
<page_detail><item><foodname>
      辣炒猪皮（两吃）
      </foodname><score>8.2</score><heat>74</heat><author>胖妞楠楠</author><materials><item><mate>
                  

    处理好的猪皮

                </mate><quantity>
                    300克
                </quantity></item><item><mate>
                  

    干红辣椒

                </mate><quantity>
                    5根
                </quantity></item><item><mate>
                  

    青尖椒或青蒜

                </mate><quantity>
                    1根
                </quantity></item><item><mate>
                  

    大葱

                </mate><quantity>
                    适量多些
                </quantity></item><item><mate>
                  

    酱油

                </mate><quantity>
                    2勺
                </quantity></item><item><mate>
                  

    糖

                </mate><quantity>
                    1勺
                </quantity></item><item><mate>
                  

    料酒

                </mate><quantity>
                    4勺
                </quantity></item><item><mate>
                  

    醋

                </mate><quantity>
                    0.5勺
                </quantity></item></materials><steps>
            
            
              猪皮在放了料酒的开水里煮5分钟，然后捞出，把皮下白色的脂肪都刮干净，然后切丝重新下入新的一锅开水加料酒、姜片、盐和少许酱油，煮半个小时左右，水别放的太多。煮好后，猪皮捞出备用，可以留一点在汤里，冷却后就是肉皮冻了，放在冷藏室，吃时沾蒜醋汁很美味。（我一般一次做2斤左右的猪皮，一次处理好后，分成四袋左右冷冻起来）
            
            
            
              干红辣椒在热水里泡软，斜剪成丝，青尖椒切丝，葱丝切多些备用。
              
            
            
            
              先用几滴油将青尖椒丝煸炒几下断生后盛出备用，不要炒老炒软了。另起锅宽油煸香红辣椒丝和葱丝，然后倒入猪皮丝，4勺料酒、2勺酱油、1勺糖翻炒均匀，最后放入青椒丝，在热锅边滴几滴米醋，翻炒几下马上出锅。
            
          </steps><tips>
          1.青尖椒可以用青蒜代替（扁的有叶子的那种），出锅前撒入翻几下马上关火。2.这是快手菜，4勺料酒和1勺酱油可以不让猪皮粘黏在一起，所有材料翻炒均匀马上关火出锅，时间不要长。3.米醋可以去腥解腻，但是味道很容易喧宾夺主，所以最好不要直接倒在菜上，只要往热锅边淋几滴即可，酸味会马上蒸发，只剩下醋的香醇。
        </tips><tags>
        辣
        快手菜
        家常菜
        下饭菜
      </tags></item></page_detail></extraction>