<?xml version="1.0" encoding="UTF-8"?><extraction><clueid>99353201</clueid><fullpath><![CDATA[http://www.xiachufang.com/recipe/100454968/]]></fullpath><realpath><![CDATA[http://www.xiachufang.com/recipe/100454968/]]></realpath><theme>food_detail_page</theme><middle>规则_2</middle><createdate>2019-5-14 14:50:58</createdate><pageno>0</pageno><actionno></actionno><actionvalue></actionvalue><prestamp>DSEngine-+--+-0</prestamp><currentstamp>DSEngine-+-ds_browser_top-+-1557816658523</currentstamp><timestamp>1557816658523</timestamp><baseURI><bucketBaseURI><bucketName>page_detail</bucketName><uri><![CDATA[http://www.xiachufang.com/recipe/100454968/]]></uri></bucketBaseURI></baseURI><customInfo><![CDATA[]]></customInfo><dsName>DSEngine</dsName><dsThread>datascraper_top</dsThread><version>80700</version>
<page_detail><item><foodname>
      老丁的私房菜-红烩蹄筋
      </foodname><score>7.9</score><heat>28</heat><author>老丁的私房菜</author><materials><item><mate>
                  

    蹄筋

                </mate><quantity>
                    5根
                </quantity></item><item><mate>
                  

    青椒

                </mate><quantity>
                    1个
                </quantity></item><item><mate>
                  

    红椒

                </mate><quantity>
                    1个
                </quantity></item></materials><steps>
            
            
              蹄筋洗净，泡发备用。
              
            
            
            
              蹄筋改刀成小段
              
            
            
            
              烧热水，下蹄筋煮十分钟左右捞出沥干
              
            
            
            
              青红椒切段焯水后捞出沥干备用。
              
            
            
            
              热锅凉油，加入葱姜蒜炒香，加入老抽，一点蚝油，加入高汤（没有高汤加水），倒入蹄筋和青红椒。根据口味适量加盐，一点点糖调味，煮5分钟左右略微收汁，加入一点香油，根据口味加入一点味精或者鸡精。然后加入水淀粉沟薄芡出锅即可。
              
            
            
            
              装盘。
              
            
          </steps><tips/><tags>
        家常菜
        快手菜
        宴客
        减肥
        深夜食堂
        下饭菜
      </tags></item></page_detail></extraction>