<?xml version="1.0" encoding="UTF-8"?><extraction><clueid>99352621</clueid><fullpath><![CDATA[http://www.xiachufang.com/recipe/100630732/]]></fullpath><realpath><![CDATA[http://www.xiachufang.com/recipe/100630732/]]></realpath><theme>food_detail_page</theme><middle>规则_2</middle><createdate>2019-5-13 23:42:31</createdate><pageno>0</pageno><actionno></actionno><actionvalue></actionvalue><prestamp>DSEngine-+--+-0</prestamp><currentstamp>DSEngine-+-ds_browser_top-+-1557762151170</currentstamp><timestamp>1557762151170</timestamp><baseURI><bucketBaseURI><bucketName>page_detail</bucketName><uri><![CDATA[http://www.xiachufang.com/recipe/100630732/]]></uri></bucketBaseURI></baseURI><customInfo><![CDATA[]]></customInfo><dsName>DSEngine</dsName><dsThread>datascraper_top</dsThread><version>80700</version>
<page_detail><item><foodname>
      电饭锅焗鸡
      </foodname><score>8.2</score><heat>1167</heat><author>失魂鱼2</author><materials><item><mate>
                  

    三黄鸡

                </mate><quantity>
                    1只
                </quantity></item><item><mate>
                  

    盐

                </mate><quantity>
                    适量
                </quantity></item><item><mate>
                  

    生抽➕老抽

                </mate><quantity>
                    适量
                </quantity></item></materials><steps>
            
            
              把鸡清洗干净控干水，抹盐静止30分钟。
              
            
            
            
              适量生抽➕几滴老抽混匀淋到鸡身上，然后再把酱油倒出重新淋上。重复此步骤三次。再倒出酱油放一边待用。
              
            
            
            
              电饭锅按煮饭键控干水分。滴几滴油把锅底抹均匀，把鸡放进去重新按煮饭键。电饭锅第一次跳键的时候打开把刚刚剩下的酱油淋到鸡身上翻拌一下再按煮饭键。等到电饭锅跳键的时候不要急于打开电饭锅，让余温焖一下再开锅。（有时间的话可以提前抹好盐酱油腌制半天）我一般是上午抹好下午焗。
              
            
          </steps><tips/><tags>
        电饭煲
        快手菜
        宿舍
        电饭锅焗鸡
        焗鸡
        沙姜焗鸡
        电饭锅焖鸡
        电饭锅咸香鸡
      </tags></item></page_detail></extraction>