<?xml version="1.0" encoding="UTF-8"?><extraction><clueid>99352659</clueid><fullpath><![CDATA[http://www.xiachufang.com/recipe/91833/]]></fullpath><realpath><![CDATA[http://www.xiachufang.com/recipe/91833/]]></realpath><theme>food_detail_page</theme><middle>规则_2</middle><createdate>2019-5-13 23:49:59</createdate><pageno>0</pageno><actionno></actionno><actionvalue></actionvalue><prestamp>DSEngine-+--+-0</prestamp><currentstamp>DSEngine-+-ds_browser_top-+-1557762599908</currentstamp><timestamp>1557762599908</timestamp><baseURI><bucketBaseURI><bucketName>page_detail</bucketName><uri><![CDATA[http://www.xiachufang.com/recipe/91833/]]></uri></bucketBaseURI></baseURI><customInfo><![CDATA[]]></customInfo><dsName>DSEngine</dsName><dsThread>datascraper_top</dsThread><version>80700</version>
<page_detail><item><foodname>
      麻酱金针肥牛
    </foodname><score>7.6</score><heat>761</heat><author>梓晴</author><materials><item><mate>
                  

    肥牛片

                </mate><quantity>
                    400克
                </quantity></item><item><mate>
                  

    金针菇

                </mate><quantity>
                    200克
                </quantity></item><item><mate>
                  

    大蒜

                </mate><quantity>
                    20克
                </quantity></item><item><mate>
                  

    香菜

                </mate><quantity>
                    10克
                </quantity></item></materials><steps>
            
            
              锅中放入适量水加热至沸腾，放入肥牛片焯烫至变色，捞出备用
              
            
            
            
              金针菇洗净，过沸水焯烫30秒，捞出沥干水分
              
            
            
            
              芝麻酱中逐渐加入凉开水，调至适宜浓稠度，再加入油泼蒜泥、海鲜酱油、辣椒油、香油、白芝麻混合均匀，制成调味汁
              
            
            
            
              将焯烫好的肥牛片和金针菇混合，再加入调味汁混合均匀，点缀上香菜碎即可
              
            
          </steps><tips/><tags>
        家常菜
        快手菜
        辣
        宴客
        单身食谱
      </tags></item></page_detail></extraction>