<?xml version="1.0" encoding="UTF-8"?><extraction><clueid>99353468</clueid><fullpath><![CDATA[http://www.xiachufang.com/recipe/101868664/]]></fullpath><realpath><![CDATA[http://www.xiachufang.com/recipe/101868664/]]></realpath><theme>food_detail_page</theme><middle>规则_2</middle><createdate>2019-5-14 15:35:51</createdate><pageno>0</pageno><actionno></actionno><actionvalue></actionvalue><prestamp>DSEngine-+--+-0</prestamp><currentstamp>DSEngine-+-ds_browser_top-+-1557819351860</currentstamp><timestamp>1557819351860</timestamp><baseURI><bucketBaseURI><bucketName>page_detail</bucketName><uri><![CDATA[http://www.xiachufang.com/recipe/101868664/]]></uri></bucketBaseURI></baseURI><customInfo><![CDATA[]]></customInfo><dsName>DSEngine</dsName><dsThread>datascraper_top</dsThread><version>80700</version>
<page_detail><item><foodname>
      清火菊花茶
    </foodname><score/><heat>1</heat><author>倾城小厨娘</author><materials><item><mate>
                  

    菊花

                </mate><quantity>
                    10～15朵
                </quantity></item><item><mate>
                  

    水

                </mate><quantity>
                    500ml
                </quantity></item><item><mate>
                  

    冰糖

                </mate><quantity>
                    3颗（可以根据口味来放）
                </quantity></item></materials><steps>
            
            
              准备好冰糖和菊花
              
            
            
            
              一壶500ml的水大约90°
              
            
            
            
              洗干净菊花
              
            
            
            
              加入菊花
              
            
            
            
              菊花微微泡开加入冰糖
              
            
            
            
              冰糖加入后搅一搅
              
            
            
            
              一杯清火的菊花茶就大功告成啦！
              
            
          </steps><tips>
          菊花茶适合各个阶段年龄的人，下火清热。适合下午饮用。（这次是我的第一次上传，有什么不满意的可以进行提意见哦！很乐意为你们效劳。）
        </tips><tags>
        全部菜单
      </tags></item></page_detail></extraction>