<?xml version="1.0" encoding="UTF-8"?><extraction><clueid>99352225</clueid><fullpath><![CDATA[http://www.xiachufang.com/recipe/100304245/]]></fullpath><realpath><![CDATA[http://www.xiachufang.com/recipe/100304245/]]></realpath><theme>food_detail_page</theme><middle>规则_2</middle><createdate>2019-5-13 21:56:30</createdate><pageno>0</pageno><actionno></actionno><actionvalue></actionvalue><prestamp>DSEngine-+--+-0</prestamp><currentstamp>DSEngine-+-ds_browser_top-+-1557755790522</currentstamp><timestamp>1557755790522</timestamp><baseURI><bucketBaseURI><bucketName>page_detail</bucketName><uri><![CDATA[http://www.xiachufang.com/recipe/100304245/]]></uri></bucketBaseURI></baseURI><customInfo><![CDATA[]]></customInfo><dsName>DSEngine</dsName><dsThread>datascraper_top</dsThread><version>80700</version>
<page_detail><item><foodname>
      蜜汁鸡翅
      </foodname><score>7.9</score><heat>12251</heat><author>DUODUO厨子</author><materials><item><mate>
                  

    鸡翅

                </mate><quantity>
                    12只
                </quantity></item><item><mate>
                  

    蒜

                </mate><quantity>
                    两瓣
                </quantity></item><item><mate>
                  

    姜

                </mate><quantity>
                    三片
                </quantity></item><item><mate>
                  

    料酒

                </mate><quantity>
                    两勺
                </quantity></item><item><mate>
                  

    生抽

                </mate><quantity>
                    少许
                </quantity></item><item><mate>
                  

    蜂蜜

                </mate><quantity>
                    2-3勺
                </quantity></item></materials><steps>
            
            
              将鸡翅斜割几刀，背面用牙签扎几下，提前腌制更加入味
              
            
            
            
              加入料酒和酱油，放几片姜与蒜片腌制鸡翅三个小时
              
            
            
            
              小火，放入少量油，将鸡翅煎至两面金黄
              
            
            
            
              将之前腌制的料倒入，加水没过鸡翅，中火十五分钟，加入少量蜂蜜水，大火将汤汁收干，摆盘ok
              
            
            
            
              大功告成
              
            
          </steps><tips>
          1、料酒与酱油 1:2，蜂蜜两勺，按着口味进行添减。2、一般情况下是不需要放盐，如果喜欢口味重一些，可放少许盐，一定要少。3、蜂蜜要用温开水融开。4、关于上色，一般腌料倒入，收汁过程中就会慢慢上色，大火到最后彻底收干之后，颜色就会很漂亮了。5、很多人反应收汁收不干，其实只是时间与耐心问题，刚开始用小火微煎，再用中火是为了煮熟以及入味，最后等到汁渐渐浓稠之后，再用大火收干，是为了上色，多一些等待与耐心，美食其实很简单。
        </tips><tags>
        快手菜
        下饭菜
        家常菜
        蜜汁鸡翅
        蜜汁烤鸡翅
        蜜汁
        蜜汁南瓜
        蜜汁鸡腿饭
      </tags></item></page_detail></extraction>