<?xml version="1.0" encoding="UTF-8"?><extraction><clueid>99352795</clueid><fullpath><![CDATA[http://www.xiachufang.com/recipe/34188/]]></fullpath><realpath><![CDATA[http://www.xiachufang.com/recipe/34188/]]></realpath><theme>food_detail_page</theme><middle>规则_2</middle><createdate>2019-5-14 2:13:26</createdate><pageno>0</pageno><actionno></actionno><actionvalue></actionvalue><prestamp>DSEngine-+--+-0</prestamp><currentstamp>DSEngine-+-ds_browser_top-+-1557771206655</currentstamp><timestamp>1557771206655</timestamp><baseURI><bucketBaseURI><bucketName>page_detail</bucketName><uri><![CDATA[http://www.xiachufang.com/recipe/34188/]]></uri></bucketBaseURI></baseURI><customInfo><![CDATA[]]></customInfo><dsName>DSEngine</dsName><dsThread>datascraper_top</dsThread><version>80700</version>
<page_detail><item><foodname>
      清炒莴笋
    </foodname><score>7.4</score><heat>1086</heat><author>山林厨房</author><materials><item><mate>
                  

    莴笋

                </mate><quantity>
                    一根
                </quantity></item><item><mate>
                  

    蒜

                </mate><quantity>
                    3头
                </quantity></item><item><mate>
                  

    干椒

                </mate><quantity>
                    若干
                </quantity></item><item><mate>
                  

    朝天椒

                </mate><quantity>
                    若干
                </quantity></item><item><mate>
                  

    盐

                </mate><quantity>
                    
                </quantity></item><item><mate>
                  

    糖

                </mate><quantity>
                    
                </quantity></item><item><mate>
                  

    白醋

                </mate><quantity>
                    
                </quantity></item><item><mate>
                  

    鸡精

                </mate><quantity>
                    （可免放）
                </quantity></item></materials><steps>
            
            
              莴笋去皮去老根部，根茎与叶洗净分开
              
            
            
            
              莴笋切成菱形片，叶切成小断，蒜拍碎，干椒、朝天椒各剪成小圈
              
            
            
            
              锅中倒油烧至4成热，下干椒、蒜小火慢慢爆香
              
            
            
            
              旺火，下莴笋片翻炒
              
            
            
            
              炒至莴笋变色，下朝天椒炒至断生
              
            
            
            
              下莴笋叶炒匀，放盐、糖、白醋、鸡精调好味，装盘
              
            
          </steps><tips>
          家庭清炒莴笋，不必像餐馆那样让莴笋先焯水，直接油锅生炒即可。
        </tips><tags>
        家常菜
        快手菜
        减肥
        素菜
        宴客
        清炒莴笋
        清炒莴笋叶
        清炒莴笋片
        炒莴笋
        莴笋
      </tags></item></page_detail></extraction>