<?xml version="1.0" encoding="UTF-8"?><extraction><clueid>99352465</clueid><fullpath><![CDATA[http://www.xiachufang.com/recipe/23415/]]></fullpath><realpath><![CDATA[http://www.xiachufang.com/recipe/23415/]]></realpath><theme>food_detail_page</theme><middle>规则_2</middle><createdate>2019-5-13 23:2:13</createdate><pageno>0</pageno><actionno></actionno><actionvalue></actionvalue><prestamp>DSEngine-+--+-0</prestamp><currentstamp>DSEngine-+-ds_browser_top-+-1557759733251</currentstamp><timestamp>1557759733251</timestamp><baseURI><bucketBaseURI><bucketName>page_detail</bucketName><uri><![CDATA[http://www.xiachufang.com/recipe/23415/]]></uri></bucketBaseURI></baseURI><customInfo><![CDATA[]]></customInfo><dsName>DSEngine</dsName><dsThread>datascraper_top</dsThread><version>80700</version>
<page_detail><item><foodname>
      辣子鸡丁
    </foodname><score>8.0</score><heat>2946</heat><author>83小钟</author><materials><item><mate>
                  

    鸡腿

                </mate><quantity>
                </quantity></item><item><mate>
                  

    干红辣椒

                </mate><quantity>
                </quantity></item><item><mate>
                  

    花椒

                </mate><quantity>
                </quantity></item><item><mate>
                  

    姜

                </mate><quantity>
                </quantity></item><item><mate>
                  

    蒜

                </mate><quantity>
                </quantity></item><item><mate>
                  

    盐

                </mate><quantity>
                </quantity></item><item><mate>
                  

    料酒

                </mate><quantity>
                </quantity></item><item><mate>
                  

    酱油

                </mate><quantity>
                </quantity></item><item><mate>
                  

    白糖

                </mate><quantity>
                </quantity></item><item><mate>
                  

    葱

                </mate><quantity>
                </quantity></item><item><mate>
                  

    鸡粉

                </mate><quantity>
                </quantity></item><item><mate>
                  

    白芝麻

                </mate><quantity>
                </quantity></item></materials><steps>
            
            
              鸡腿剁成小丁，加适量盐，料酒，酱油腌制入味
              
            
            
            
              干红辣椒剪成段，姜蒜切片，准备少许花椒粒
              
            
            
            
              锅里放多些，油料以能没过鸡块为好
              
            
            
            
              油热后，下腌好的鸡块炸至表面金黄后起锅
              
            
            
            
              锅里油再次加热，再下入鸡块，炸至表面更黄，而且鸡块表皮稍脆
              
            
            
            
              再次捞起
              
            
            
            
              锅里留少许底油，下姜蒜炒至出香味。加花椒，干红辣椒段煸至出麻辣香味
              
            
            
            
              倒入炸好的鸡块，加适量白糖，鸡粉提味。撒上葱段，白芝麻炒匀即可
              
            
          </steps><tips>
          1.腌鸡块的时候盐要一定性给足，后续再加盐，盐味是只会在鸡块表面而浸不透滴。
2.这道菜里，干红辣椒一定要下得够多，在红椒里扒拉着找鸡块吃起来才有意思。
        </tips><tags>
        家常菜
        辣
        宴客
        单身食谱
        辣子鸡丁
        川味辣子鸡丁
        重庆辣子鸡丁
        鸡丁
        辣子肉
      </tags></item></page_detail></extraction>