<?xml version="1.0" encoding="UTF-8"?><extraction><clueid>99352227</clueid><fullpath><![CDATA[http://www.xiachufang.com/recipe/37746/]]></fullpath><realpath><![CDATA[http://www.xiachufang.com/recipe/37746/]]></realpath><theme>food_detail_page</theme><middle>规则_2</middle><createdate>2019-5-13 21:57:1</createdate><pageno>0</pageno><actionno></actionno><actionvalue></actionvalue><prestamp>DSEngine-+--+-0</prestamp><currentstamp>DSEngine-+-ds_browser_top-+-1557755821321</currentstamp><timestamp>1557755821321</timestamp><baseURI><bucketBaseURI><bucketName>page_detail</bucketName><uri><![CDATA[http://www.xiachufang.com/recipe/37746/]]></uri></bucketBaseURI></baseURI><customInfo><![CDATA[]]></customInfo><dsName>DSEngine</dsName><dsThread>datascraper_top</dsThread><version>80700</version>
<page_detail><item><foodname>
      酸辣土豆丝
    </foodname><score>7.5</score><heat>13105</heat><author>万万</author><materials><item><mate>
                  

    大土豆

                </mate><quantity>
                    1个
                </quantity></item><item><mate>
                  

    青辣椒

                </mate><quantity>
                    1个
                </quantity></item><item><mate>
                  

    小红椒

                </mate><quantity>
                    2个（通常用干红辣椒）
                </quantity></item><item><mate>
                  

    大蒜

                </mate><quantity>
                    几瓣
                </quantity></item><item><mate>
                  

    葱姜

                </mate><quantity>
                    几片
                </quantity></item><item><mate>
                  

    油

                </mate><quantity>
                    3汤匙
                </quantity></item><item><mate>
                  

    花椒

                </mate><quantity>
                    一小捏
                </quantity></item><item><mate>
                  

    醋

                </mate><quantity>
                    3汤匙
                </quantity></item><item><mate>
                  

    盐

                </mate><quantity>
                    1茶匙
                </quantity></item><item><mate>
                  

    辣椒油

                </mate><quantity>
                    1汤匙
                </quantity></item></materials><steps>
            
            
              土豆洗净用刮皮刀刮去外皮，青辣椒切丝，小红椒切几下，蒜切碎
              
            
            
            
              土豆切法：先在土豆长的一边切几片，使得成为一个平面，扣在菜板上，然后这样再继续切片，就稳定了，切土豆丝，也并非要求一定切多细，太细了一炒粘糊反而不好，只是要粗细均匀即可
              
            
            
            
              切好厚薄均匀的片，再继续切丝，就比较容易切好了。切好的土豆丝放入凉水中浸泡。土豆丝放入凉水中要多换几次水，把淀粉都洗掉，这样炒出的土豆丝才脆，清爽不粘
              
            
            
            
              锅里倒油，放入花椒小火炸香，把花椒捞出不要。然后放入葱姜小红椒爆香，倒入沥干水的土豆丝翻炒均匀后，立刻加入醋继续翻炒约1分钟，加入青辣椒和盐，翻炒均匀，加入蒜，和辣椒油，拌匀关火即可
              
            
          </steps><tips>
          炝花椒油可以增香，同样适用于一般炒青菜。普通米醋即可，没有必要非是白醋，很多白醋味道反而不好。醋要早加，可以使土豆丝不绵软。加一勺辣椒油既能增香还能增色。
        </tips><tags>
        家常菜
        辣
        素菜
        宴客
        单身食谱
        酸辣土豆丝
        凉拌酸辣土豆丝
        酸辣
        土豆丝
        酸辣里脊
      </tags></item></page_detail></extraction>