<?xml version="1.0" encoding="UTF-8"?><extraction><clueid>99352382</clueid><fullpath><![CDATA[http://www.xiachufang.com/recipe/1013340/]]></fullpath><realpath><![CDATA[http://www.xiachufang.com/recipe/1013340/]]></realpath><theme>food_detail_page</theme><middle>规则_2</middle><createdate>2019-5-13 22:48:5</createdate><pageno>0</pageno><actionno></actionno><actionvalue></actionvalue><prestamp>DSEngine-+--+-0</prestamp><currentstamp>DSEngine-+-ds_browser_top-+-1557758885164</currentstamp><timestamp>1557758885164</timestamp><baseURI><bucketBaseURI><bucketName>page_detail</bucketName><uri><![CDATA[http://www.xiachufang.com/recipe/1013340/]]></uri></bucketBaseURI></baseURI><customInfo><![CDATA[]]></customInfo><dsName>DSEngine</dsName><dsThread>datascraper_top</dsThread><version>80700</version>
<page_detail><item><foodname>
      咖喱饭
    </foodname><score>8.2</score><heat>4334</heat><author>More1123</author><materials><item><mate>
                  

    胡萝卜

                </mate><quantity>
                    一个
                </quantity></item><item><mate>
                  

    土豆

                </mate><quantity>
                    一个
                </quantity></item><item><mate>
                  

    洋葱

                </mate><quantity>
                    1/3个
                </quantity></item><item><mate>
                  

    鸡肉

                </mate><quantity>
                    
                </quantity></item><item><mate>
                  

    咖喱

                </mate><quantity>
                    4小块
                </quantity></item></materials><steps>
            
            
              土豆胡萝卜去皮洗净后切滚刀块，洋葱洗净切丝。
            
            
            
              鸡肉切块备用。
            
            
            
              炒锅中倒入油，待油7成热时，放入洋葱丝，炒至洋葱丝变成透明色，放入土豆块和胡萝卜块，煸炒2分钟。
            
            
            
              放入鸡肉，加水，没过食材表面，盖上盖，大火煮开后，继续煮五分钟至土豆和胡萝卜变熟。
            
            
            
              水开后关火，放入咖喱块儿，化开，继续开火，熬到粘稠度适中就可以了。（如果过稠中间可以加水）
            
            
            
              盛一碗米饭，装盘。
            
          </steps><tips/><tags>
        饭
        家常菜
        咖喱
        多谢款待
        咖喱饭
        大白咖喱饭
        猪肉咖喱饭
        泰式咖喱饭
        猪排咖喱饭
      </tags></item></page_detail></extraction>