<?xml version="1.0" encoding="UTF-8"?><extraction><clueid>99353517</clueid><fullpath><![CDATA[http://www.xiachufang.com/recipe/102116877/]]></fullpath><realpath><![CDATA[http://www.xiachufang.com/recipe/102116877/]]></realpath><theme>food_detail_page</theme><middle>规则_2</middle><createdate>2019-5-14 15:45:6</createdate><pageno>0</pageno><actionno></actionno><actionvalue></actionvalue><prestamp>DSEngine-+--+-0</prestamp><currentstamp>DSEngine-+-ds_browser_top-+-1557819906320</currentstamp><timestamp>1557819906320</timestamp><baseURI><bucketBaseURI><bucketName>page_detail</bucketName><uri><![CDATA[http://www.xiachufang.com/recipe/102116877/]]></uri></bucketBaseURI></baseURI><customInfo><![CDATA[]]></customInfo><dsName>DSEngine</dsName><dsThread>datascraper_top</dsThread><version>80700</version>
<page_detail><item><foodname>
      清火薏米雪莲果甜汤
      </foodname><score/><heat>6</heat><author>大南小佳</author><materials><item><mate>
                  

    薏米

                </mate><quantity>
                    40克
                </quantity></item><item><mate>
                  

    雪莲果

                </mate><quantity>
                    150克
                </quantity></item><item><mate>
                  

    蜂蜜

                </mate><quantity>
                    
                </quantity></item></materials><steps>
            
            
              1、薏米洗净，浸泡一晚。2、雪莲果去皮、切块。3、电饭煲煲汤功能20分钟。4、喜欢蜂蜜可以最后加。
              
            
          </steps><tips/><tags>
        全部菜单
      </tags></item></page_detail></extraction>