<?xml version="1.0" encoding="UTF-8"?><extraction><clueid>99353598</clueid><fullpath><![CDATA[http://www.xiachufang.com/recipe/102308765/]]></fullpath><realpath><![CDATA[http://www.xiachufang.com/recipe/102308765/]]></realpath><theme>food_detail_page</theme><middle>规则_2</middle><createdate>2019-5-14 15:57:13</createdate><pageno>0</pageno><actionno></actionno><actionvalue></actionvalue><prestamp>DSEngine-+--+-0</prestamp><currentstamp>DSEngine-+-ds_browser_top-+-1557820633990</currentstamp><timestamp>1557820633990</timestamp><baseURI><bucketBaseURI><bucketName>page_detail</bucketName><uri><![CDATA[http://www.xiachufang.com/recipe/102308765/]]></uri></bucketBaseURI></baseURI><customInfo><![CDATA[]]></customInfo><dsName>DSEngine</dsName><dsThread>datascraper_top</dsThread><version>80700</version>
<page_detail><item><foodname>
      黄瓜清热.解渴豆浆(九阳豆浆机版)
      </foodname><score>9.0</score><heat>32</heat><author>妍妍妈Ada</author><materials><item><mate>
                  

    黄豆

                </mate><quantity>
                    1杯
                </quantity></item><item><mate>
                  

    黄瓜

                </mate><quantity>
                    1根
                </quantity></item><item><mate>
                  

    白糖

                </mate><quantity>
                    50g
                </quantity></item></materials><steps>
            
            
              准备材料，黄豆洗净，用清水预早1晚浸泡备用。
              
            
            
            
              将浸泡好的黄豆倒入豆浆机内，加水至水位线内。
              
            
            
            
              按下好豆浆键。
              
            
            
            
              很快豆浆机工作结束，加入白糖，待糖溶化后用滤网(随机送的)进行过滤，滤去豆渣，口感更细膩。
              
            
            
            
              香浓的豆浆完成，取900mL的豆浆放凉，准备制作黄瓜豆浆。
              
            
            
            
              将黄瓜洗净，用刨丝器刨碎。
              
            
            
            
              刨碎的黄瓜丝备用，待豆浆放凉做黄瓜豆浆。
              
            
            
            
              浆刨好的黄瓜倒入豆浆机里，加入900mL的豆浆。
              
            
            
            
              按下蔬果冷饮键，待工作完。
              
            
            
            
              很快工作完成，超爽的黄瓜豆浆倒出。
              
            
            
            
              一杯清热，解渴的黄瓜豆浆可慢慢品尝，豆浆里带有黄瓜的清香，口感特爽呢。
              
            
          </steps><tips>
          豆浆要放凉后再加入黄瓜碎.再按蔬果冷饮键.因为黄瓜可生食.(必须把黄瓜清洗干净)
        </tips><tags>
        豆浆
        饮品
      </tags></item></page_detail></extraction>