<?xml version="1.0" encoding="UTF-8"?><extraction><clueid>99352344</clueid><fullpath><![CDATA[http://www.xiachufang.com/recipe/1005882/]]></fullpath><realpath><![CDATA[http://www.xiachufang.com/recipe/1005882/]]></realpath><theme>food_detail_page</theme><middle>规则_2</middle><createdate>2019-5-13 22:40:25</createdate><pageno>0</pageno><actionno></actionno><actionvalue></actionvalue><prestamp>DSEngine-+--+-0</prestamp><currentstamp>DSEngine-+-ds_browser_top-+-1557758425086</currentstamp><timestamp>1557758425086</timestamp><baseURI><bucketBaseURI><bucketName>page_detail</bucketName><uri><![CDATA[http://www.xiachufang.com/recipe/1005882/]]></uri></bucketBaseURI></baseURI><customInfo><![CDATA[]]></customInfo><dsName>DSEngine</dsName><dsThread>datascraper_top</dsThread><version>80700</version>
<page_detail><item><foodname>
      蒜蓉西兰花
      </foodname><score>7.5</score><heat>5398</heat><author>机器猫姑娘</author><materials><item><mate>
                  

    西兰花

                </mate><quantity>
                </quantity></item><item><mate>
                  

    大蒜

                </mate><quantity>
                </quantity></item><item><mate>
                  

    盐

                </mate><quantity>
                </quantity></item><item><mate>
                  

    油

                </mate><quantity>
                </quantity></item></materials><steps>
            
            
              西兰花掰好，洗净，梗可以切片，用盐水浸泡
            
            
            
              烧一锅水，待水开后将西兰花捞出沥水，放入开水中焯烫
            
            
            
              剥好大蒜，切蒜末
            
            
            
              西兰花开锅变成翠绿色之后，捞出再过一遍凉水。捞出之后沥干
            
            
            
              热锅倒油，蒜末爆锅，放西兰花翻炒
            
            
            
              临出锅前，放盐
            
          </steps><tips>
          1。 西兰花难清洗，一定要用盐水浸泡。
2。用开水焯烫过之后，过凉水，可以保持翠绿的颜色。 
3。剥大蒜有秘诀，蒜瓣用刀拍一下，蒜皮就很容易取下来了。
4。爆锅时一定刚刚飘出香味就放菜，蒜末很细小，非常容易糊=。=
        </tips><tags>
        家常菜
        快手菜
        清淡
        蒜蓉西兰花
        蚝油蒜蓉西兰花
        凉拌蒜蓉西兰花
        西兰花
        蒜蓉
      </tags></item></page_detail></extraction>