<?xml version="1.0" encoding="UTF-8"?><extraction><clueid>99353443</clueid><fullpath><![CDATA[http://www.xiachufang.com/recipe/87226/]]></fullpath><realpath><![CDATA[http://www.xiachufang.com/recipe/87226/]]></realpath><theme>food_detail_page</theme><middle>规则_2</middle><createdate>2019-5-14 15:32:25</createdate><pageno>0</pageno><actionno></actionno><actionvalue></actionvalue><prestamp>DSEngine-+--+-0</prestamp><currentstamp>DSEngine-+-ds_browser_top-+-1557819145763</currentstamp><timestamp>1557819145763</timestamp><baseURI><bucketBaseURI><bucketName>page_detail</bucketName><uri><![CDATA[http://www.xiachufang.com/recipe/87226/]]></uri></bucketBaseURI></baseURI><customInfo><![CDATA[]]></customInfo><dsName>DSEngine</dsName><dsThread>datascraper_top</dsThread><version>80700</version>
<page_detail><item><foodname>
      肉酿苦瓜
    </foodname><score>6.1</score><heat>346</heat><author>依然七月</author><materials><item><mate>
                  

    猪肉

                </mate><quantity>
                </quantity></item><item><mate>
                  

    苦瓜

                </mate><quantity>
                </quantity></item><item><mate>
                  

    料酒

                </mate><quantity>
                </quantity></item><item><mate>
                  

    生抽

                </mate><quantity>
                </quantity></item><item><mate>
                  

    五香粉

                </mate><quantity>
                </quantity></item><item><mate>
                  

    盐

                </mate><quantity>
                </quantity></item><item><mate>
                  

    鸡蛋

                </mate><quantity>
                </quantity></item><item><mate>
                  

    香油

                </mate><quantity>
                </quantity></item><item><mate>
                  

    香葱

                </mate><quantity>
                </quantity></item><item><mate>
                  

    水淀粉

                </mate><quantity>
                </quantity></item></materials><steps>
            
            
              苦瓜洗净切成3CM宽的段，掏出里面的瓤
            
            
            
              猪肉剁成馅，加入料酒、生抽、五香粉、盐、鸡蛋一个、香油一小勺、香葱段适量，朝一个方向搅拌肉馅，使其上劲儿
            
            
            
              将肉馅添入苦瓜圈中，入蒸锅，大火蒸10分钟
            
            
            
              苦瓜装盘后，把盘中蒸苦瓜剩下的汤，入炒锅放油、生抽、水淀粉薄勾芡，淋在苦瓜圈上即可
            
          </steps><tips>
          1.苦瓜直径以3厘米左右最适用；
2.蒸时大火10分钟即可；
3.苦瓜性凉，脾胃虚寒者不宜食用。

苦瓜能滋润白皙皮肤，还能镇静和保湿肌肤，特别是在容易燥热的夏天，敷上冰过的苦瓜片，能立即解除肌肤的烦躁。
        </tips><tags>
        家常菜
      </tags></item></page_detail></extraction>