<?xml version="1.0" encoding="UTF-8"?><extraction><clueid>99353411</clueid><fullpath><![CDATA[http://www.xiachufang.com/recipe/100529813/]]></fullpath><realpath><![CDATA[http://www.xiachufang.com/recipe/100529813/]]></realpath><theme>food_detail_page</theme><middle>规则_2</middle><createdate>2019-5-14 15:27:45</createdate><pageno>0</pageno><actionno></actionno><actionvalue></actionvalue><prestamp>DSEngine-+--+-0</prestamp><currentstamp>DSEngine-+-ds_browser_top-+-1557818865019</currentstamp><timestamp>1557818865019</timestamp><baseURI><bucketBaseURI><bucketName>page_detail</bucketName><uri><![CDATA[http://www.xiachufang.com/recipe/100529813/]]></uri></bucketBaseURI></baseURI><customInfo><![CDATA[]]></customInfo><dsName>DSEngine</dsName><dsThread>datascraper_top</dsThread><version>80700</version>
<page_detail><item><foodname>
      清火南瓜
    </foodname><score/><heat>2</heat><author>DangTaTa</author><materials><item><mate>
                  

    南瓜

                </mate><quantity>
                    一斤
                </quantity></item><item><mate>
                  

    菊花

                </mate><quantity>
                    2朵
                </quantity></item><item><mate>
                  

    枸杞

                </mate><quantity>
                    3粒
                </quantity></item><item><mate>
                  

    桂圆肉

                </mate><quantity>
                    十粒
                </quantity></item><item><mate>
                  

    白糖

                </mate><quantity>
                    两勺
                </quantity></item></materials><steps>
            
            
              南瓜切块入盘
            
            
            
              南瓜上铺上桂圆肉枸杞菊花，撒两勺糖，淋上少许凉开水
            
            
            
              蒸熟（筷子轻松插入南瓜肉即可）
              
            
          </steps><tips>
          还可以添加蜜饯红枣噢
        </tips><tags>
        全部菜单
      </tags></item></page_detail></extraction>