<?xml version="1.0" encoding="UTF-8"?><extraction><clueid>99353316</clueid><fullpath><![CDATA[http://www.xiachufang.com/recipe/100360982/]]></fullpath><realpath><![CDATA[http://www.xiachufang.com/recipe/100360982/]]></realpath><theme>food_detail_page</theme><middle>规则_2</middle><createdate>2019-5-14 15:10:50</createdate><pageno>0</pageno><actionno></actionno><actionvalue></actionvalue><prestamp>DSEngine-+--+-0</prestamp><currentstamp>DSEngine-+-ds_browser_top-+-1557817850800</currentstamp><timestamp>1557817850800</timestamp><baseURI><bucketBaseURI><bucketName>page_detail</bucketName><uri><![CDATA[http://www.xiachufang.com/recipe/100360982/]]></uri></bucketBaseURI></baseURI><customInfo><![CDATA[]]></customInfo><dsName>DSEngine</dsName><dsThread>datascraper_top</dsThread><version>80700</version>
<page_detail><item><foodname>
      Juice &amp; Smoothie | 果汁果昔实验室
    </foodname><score/><heat>15</heat><author>Travel_with_Smoothie</author><materials><item><mate>
                  

    水果

                </mate><quantity>
                </quantity></item><item><mate>
                  

    蔬菜

                </mate><quantity>
                </quantity></item></materials><steps>
            
            
              Green Smoothie思路来自微博@北美美容快报绿色蔬菜，任选一样：菠菜叶2杯 / Kale1杯 / 罗马生菜1颗 / 西兰花1杯 / 波士顿生菜1颗果蔬去皮切块，任选两样：葡萄1杯 / 苹果1个 / 橙子1个 / 香瓜1杯 / 木瓜1杯 / 菠萝1杯 / 蓝莓1杯 /香蕉1根 /芒果1杯 / 芹菜2条 / 猕猴桃1个 / 胡萝卜1条 / 桃子1杯 / 黄瓜1根 / 梨1个基底液体，任选其一：豆浆1杯 / 酸奶1杯 / 果汁1杯 / 水1杯随意添加柠檬，薄荷叶，肉桂粉等调味，或放入枸杞，亚麻籽，杏仁等增加营养。
            
          </steps><tips/><tags>
        早餐
        减肥
        果汁
      </tags></item></page_detail></extraction>