<?xml version="1.0" encoding="UTF-8"?><extraction><clueid>99353238</clueid><fullpath><![CDATA[http://www.xiachufang.com/recipe/103698979/]]></fullpath><realpath><![CDATA[http://www.xiachufang.com/recipe/103698979/]]></realpath><theme>food_detail_page</theme><middle>规则_2</middle><createdate>2019-5-14 14:58:3</createdate><pageno>0</pageno><actionno></actionno><actionvalue></actionvalue><prestamp>DSEngine-+--+-0</prestamp><currentstamp>DSEngine-+-ds_browser_top-+-1557817083717</currentstamp><timestamp>1557817083717</timestamp><baseURI><bucketBaseURI><bucketName>page_detail</bucketName><uri><![CDATA[http://www.xiachufang.com/recipe/103698979/]]></uri></bucketBaseURI></baseURI><customInfo><![CDATA[]]></customInfo><dsName>DSEngine</dsName><dsThread>datascraper_top</dsThread><version>80700</version>
<page_detail><item><foodname>
      盛世美颜~冰糖玫瑰鲜银耳羹
    </foodname><score>8.7</score><heat>24</heat><author>一只呆叶子</author><materials><item><mate>
                  

    鲜银耳

                </mate><quantity>
                    半朵
                </quantity></item><item><mate>
                  

    冰糖

                </mate><quantity>
                    20克
                </quantity></item><item><mate>
                  

    红枣

                </mate><quantity>
                    6颗
                </quantity></item><item><mate>
                  

    食用玫瑰

                </mate><quantity>
                    15朵
                </quantity></item><item><mate>
                  

    枸杞

                </mate><quantity>
                    12粒
                </quantity></item><item><mate>
                  

    清水

                </mate><quantity>
                    五碗
                </quantity></item></materials><steps>
            
            
              市场上买的新鲜银耳，大大的一朵，做一锅3人份的银耳羹，用半朵就够了
              
            
            
            
              把它洗净，切碎，尽量切的小一点哦，
              
            
            
            
              砂锅内加入清水，放入鲜银耳碎，大火烧开后，转小火慢炖，
              
            
            
            
              加入冰糖，黄冰糖或者单晶冰糖都可以的，
              
            
            
            
              加入红枣，我用的是小灰枣，超甜哒…之后就可以盖上锅盖，小火慢炖30分钟，中途用筷子搅一搅锅底避免糊锅，
              
            
            
            
              30分钟后，银耳羹变得浓稠，抓一小把食用玫瑰，放入羹里，
              
            
            
            
              继续小火熬5分钟，然后撒入枸杞，关火焖十分钟左右，
              
            
            
            
              看，多么浓郁的银耳羹~
              
            
            
            
              找几朵干玫瑰花，把花瓣弄碎，撒在银耳羹上面，颜值担当呀～
              
            
          </steps><tips>
          @ 银耳最好要切的小一些，这样做出来方便出胶，口感好~@ 余下的半朵新鲜银耳，可放冰箱冷藏室保存，三天内吃完~@ 依自己的喜好加入蜂蜜也可~
        </tips><tags>
        甜品
      </tags></item></page_detail></extraction>