<?xml version="1.0" encoding="UTF-8"?><extraction><clueid>99353173</clueid><fullpath><![CDATA[http://www.xiachufang.com/recipe/102416170/]]></fullpath><realpath><![CDATA[http://www.xiachufang.com/recipe/102416170/]]></realpath><theme>food_detail_page</theme><middle>规则_2</middle><createdate>2019-5-14 14:46:26</createdate><pageno>0</pageno><actionno></actionno><actionvalue></actionvalue><prestamp>DSEngine-+--+-0</prestamp><currentstamp>DSEngine-+-ds_browser_top-+-1557816386274</currentstamp><timestamp>1557816386274</timestamp><baseURI><bucketBaseURI><bucketName>page_detail</bucketName><uri><![CDATA[http://www.xiachufang.com/recipe/102416170/]]></uri></bucketBaseURI></baseURI><customInfo><![CDATA[]]></customInfo><dsName>DSEngine</dsName><dsThread>datascraper_top</dsThread><version>80700</version>
<page_detail><item><foodname>
      【小森妈妈菜谱】红豆牛奶燕窝
      </foodname><score>9.3</score><heat>51</heat><author>小森的妈妈</author><materials><item><mate>
                  

    燕窝

                </mate><quantity>
                    一盏
                </quantity></item><item><mate>
                  

    红枣

                </mate><quantity>
                    适量
                </quantity></item><item><mate>
                  

    红豆

                </mate><quantity>
                    适量
                </quantity></item><item><mate>
                  

    薏米

                </mate><quantity>
                    适量
                </quantity></item><item><mate>
                  

    牛奶

                </mate><quantity>
                    适量
                </quantity></item><item><mate>
                  

    冰糖

                </mate><quantity>
                    适量
                </quantity></item></materials><steps>
            
            
              将浸泡好的红豆放入锅里，加入薏米后再加水煮30分钟。
              
            
            
            
              开始处理泡发好的燕窝→炖煮15分钟。
              
            
            
            
              将牛奶加入煮好的红豆薏米汤中，搅拌搅拌~甜甜的~
              
            
            
            
              加入冰糖和已切片的红枣，再煮10分钟。
              
            
            
            
              最后，将炖煮好的燕窝加入红豆薏米红枣牛奶糖水中，搅拌一下。一道简单美味又营养的滋补甜品就做好咯！快来尝尝它甜蜜的滋味吧！
              
            
          </steps><tips>
          关于红豆：红豆提前一晚先浸泡好比较容易煮烂。关于燕窝：1、好的燕窝本身有一种自然的清香，这样的味道不会让你的鼻子闻起来感觉很明显，但假燕窝则是刺鼻的味道。2、燕窝多数为偏灰、偏黄，正常的燕窝，即便是同一批货也不可避免有色差，甚至同一盏上都有色差。选择不太白的燕窝可以避免漂白的风险。3、刷过胶/浆的燕窝都会比较厚身，不易干亦不易碎。添加其他物质是为了增加重量。并非天然的燕窝都是薄身，但选择薄身的燕窝可以规避“加料”的风险。4、燕窝不能用铁锅、高压锅、砂锅，也不能直接下锅炖，必须隔水炖！_______________________________________________喜欢养生的小女子，有兴趣可以交流。微信：eljewelry
        </tips><tags>
        甜品
        补血
      </tags></item></page_detail></extraction>