<?xml version="1.0" encoding="UTF-8"?><extraction><clueid>99352628</clueid><fullpath><![CDATA[http://www.xiachufang.com/recipe/100399435/]]></fullpath><realpath><![CDATA[http://www.xiachufang.com/recipe/100399435/]]></realpath><theme>food_detail_page</theme><middle>规则_2</middle><createdate>2019-5-13 23:44:32</createdate><pageno>0</pageno><actionno></actionno><actionvalue></actionvalue><prestamp>DSEngine-+--+-0</prestamp><currentstamp>DSEngine-+-ds_browser_top-+-1557762272865</currentstamp><timestamp>1557762272865</timestamp><baseURI><bucketBaseURI><bucketName>page_detail</bucketName><uri><![CDATA[http://www.xiachufang.com/recipe/100399435/]]></uri></bucketBaseURI></baseURI><customInfo><![CDATA[]]></customInfo><dsName>DSEngine</dsName><dsThread>datascraper_top</dsThread><version>80700</version>
<page_detail><item><foodname>
      [糯米枣]，好喜欢的小食。
      </foodname><score>7.8</score><heat>1448</heat><author>西米SIMY</author><materials><item><mate>
                  

    红枣

                </mate><quantity>
                    10个
                </quantity></item><item><mate>
                  

    糯米粉

                </mate><quantity>
                    适量
                </quantity></item></materials><steps>
            
            
              1.红枣洗净泡水30分钟，去核（切开红枣不能切断取核）；
            
            
            
              2.糯米混入热水揉成团，揉搓合适大小椭圆形塞入枣内；
            
            
            
              3.冷水大火开蒸10分钟出锅（如果喜欢带更多甜味，可以淋上蜂蜜或糖浆）。
            
          </steps><tips/><tags>
        早餐
        下午茶
        零食
        快手菜
        小吃
        糯米枣
        枣
        糯米
        阿胶枣
        小红枣
      </tags></item></page_detail></extraction>