<?xml version="1.0" encoding="UTF-8"?><extraction><clueid>99353421</clueid><fullpath><![CDATA[http://www.xiachufang.com/recipe/100377077/]]></fullpath><realpath><![CDATA[http://www.xiachufang.com/recipe/100377077/]]></realpath><theme>food_detail_page</theme><middle>规则_2</middle><createdate>2019-5-14 15:30:22</createdate><pageno>0</pageno><actionno></actionno><actionvalue></actionvalue><prestamp>DSEngine-+--+-0</prestamp><currentstamp>DSEngine-+-ds_browser_top-+-1557819022075</currentstamp><timestamp>1557819022075</timestamp><baseURI><bucketBaseURI><bucketName>page_detail</bucketName><uri><![CDATA[http://www.xiachufang.com/recipe/100377077/]]></uri></bucketBaseURI></baseURI><customInfo><![CDATA[]]></customInfo><dsName>DSEngine</dsName><dsThread>datascraper_top</dsThread><version>80700</version>
<page_detail><item><foodname>
      清热解毒杂菌汤
      </foodname><score/><heat>5</heat><author>琼肴</author><materials><item><mate>
                  

    海鲜菇

                </mate><quantity>
                    100克
                </quantity></item><item><mate>
                  

    龙骨

                </mate><quantity>
                    300克
                </quantity></item><item><mate>
                  

    杏鲍菇

                </mate><quantity>
                    100克
                </quantity></item><item><mate>
                  

    蘑菇

                </mate><quantity>
                    100克
                </quantity></item><item><mate>
                  

    草菇

                </mate><quantity>
                    100克
                </quantity></item><item><mate>
                  

    平菇

                </mate><quantity>
                    100克
                </quantity></item><item><mate>
                  

    冬菇

                </mate><quantity>
                    100克
                </quantity></item><item><mate>
                  

    猪肚

                </mate><quantity>
                    半只
                </quantity></item><item><mate>
                  

    瘦肉

                </mate><quantity>
                    150克
                </quantity></item><item><mate>
                  

    料酒

                </mate><quantity>
                    25克
                </quantity></item><item><mate>
                  

    姜片

                </mate><quantity>
                    5克
                </quantity></item><item><mate>
                  

    枸杞

                </mate><quantity>
                    3克
                </quantity></item><item><mate>
                  

    盐

                </mate><quantity>
                    3克
                </quantity></item><item><mate>
                  

    鸡粉

                </mate><quantity>
                    3克
                </quantity></item><item><mate>
                  

    水

                </mate><quantity>
                    1500克
                </quantity></item></materials><steps>
            
            
              猪肚洗净切块，杂菌洗净切片，龙骨斩件，瘦肉洗净切块，然后全部焯水
              
            
            
            
              将以上食材、水、料酒、枸杞和姜片放入炖盅炖一个半小时
              
            
            
            
              加盐、鸡粉调味即可饮用
              
            
          </steps><tips>
          猪肚怎么洗？1.首先将猪肚用盐使劲揉搓，然后用流动水冲洗，正反面要重复两、三次，记得第一次一定要用盐，盐的摩擦力最大；2.接着用面粉同样揉搓再冲洗的方法处理两、三次，因为面粉相对盐来说更柔和些，但它的依附力强，能帮助我们进一步去除异味。3.最后我们要用到白酒或者白醋，抹匀猪肚腌制几分钟，用双手反复揉搓，然后用清水冲洗干净。当然为了让猪肚少油腻，我们要去除猪肚上的白色油脂和秽物，这样猪肚就白白净净又无臭味，可以随意烹饪了。
        </tips><tags>
        全部菜单
      </tags></item></page_detail></extraction>