<?xml version="1.0" encoding="UTF-8"?><extraction><clueid>99352655</clueid><fullpath><![CDATA[http://www.xiachufang.com/recipe/100362727/]]></fullpath><realpath><![CDATA[http://www.xiachufang.com/recipe/100362727/]]></realpath><theme>food_detail_page</theme><middle>规则_2</middle><createdate>2019-5-13 23:48:58</createdate><pageno>0</pageno><actionno></actionno><actionvalue></actionvalue><prestamp>DSEngine-+--+-0</prestamp><currentstamp>DSEngine-+-ds_browser_top-+-1557762538175</currentstamp><timestamp>1557762538175</timestamp><baseURI><bucketBaseURI><bucketName>page_detail</bucketName><uri><![CDATA[http://www.xiachufang.com/recipe/100362727/]]></uri></bucketBaseURI></baseURI><customInfo><![CDATA[]]></customInfo><dsName>DSEngine</dsName><dsThread>datascraper_top</dsThread><version>80700</version>
<page_detail><item><foodname>
      蚝油生菜
      </foodname><score>8.1</score><heat>1569</heat><author>小羽私厨</author><materials><item><mate>
                  

    生菜

                </mate><quantity>
                    （我用的是圆生菜一颗）
                </quantity></item><item><mate>
                  

    蒜

                </mate><quantity>
                    2瓣
                </quantity></item><item><mate>
                  

    蚝油

                </mate><quantity>
                    20克
                </quantity></item><item><mate>
                  

    生抽

                </mate><quantity>
                    20克
                </quantity></item><item><mate>
                  

    糖

                </mate><quantity>
                    10克
                </quantity></item><item><mate>
                  

    料酒

                </mate><quantity>
                    10克
                </quantity></item></materials><steps>
            
            
              先将生菜掰成小块，洗净，锅中添水，水开后放入一点点盐，几滴油。然后放入洗净的生菜汆烫几秒钟即可。最好用个大锅，水量多一点，把菜分两次下锅，因为一次放太多生菜，受热不均，会导致有的烂了，有的还没有熟，影响口感。最好在旁边放一盆加了冰块的凉水，汆烫好的生菜捞出来后迅速放入冰水中过一下，这样可以使烫好的生菜口感更脆，而且颜色保持的更好。处理好的生菜就可以控干水分摆在盘中备用了。
              
            
            
            
              切好蒜末，炒锅倒油，油热后放入蒜末，翻炒出香味，放蚝油、生抽、糖、料酒，搅匀至糖融化，汤汁略微粘稠即可关火。然后趁热浇在之前摆好盘的生菜上即可。
              
            
          </steps><tips/><tags>
        素菜
        快手菜
        蚝油生菜
        蚝油西生菜
        蚝油
        生菜
        蚝油杏鲍菇
      </tags></item></page_detail></extraction>