<?xml version="1.0" encoding="UTF-8"?><extraction><clueid>99353138</clueid><fullpath><![CDATA[http://www.xiachufang.com/recipe/11845/]]></fullpath><realpath><![CDATA[http://www.xiachufang.com/recipe/11845/]]></realpath><theme>food_detail_page</theme><middle>规则_2</middle><createdate>2019-5-14 13:33:51</createdate><pageno>0</pageno><actionno></actionno><actionvalue></actionvalue><prestamp>DSEngine-+--+-0</prestamp><currentstamp>DSEngine-+-ds_browser_top-+-1557812031875</currentstamp><timestamp>1557812031875</timestamp><baseURI><bucketBaseURI><bucketName>page_detail</bucketName><uri><![CDATA[http://www.xiachufang.com/recipe/11845/]]></uri></bucketBaseURI></baseURI><customInfo><![CDATA[]]></customInfo><dsName>DSEngine</dsName><dsThread>datascraper_top</dsThread><version>80700</version>
<page_detail><item><foodname>
      新新腊八粥
    </foodname><score>8.4</score><heat>97</heat><author>YOYO</author><materials><item><mate>
                  

    黑米

                </mate><quantity>
                    100g
                </quantity></item><item><mate>
                  

    黑豆

                </mate><quantity>
                    50g
                </quantity></item><item><mate>
                  

    薏米

                </mate><quantity>
                    50g
                </quantity></item><item><mate>
                  

    糙米

                </mate><quantity>
                    100克
                </quantity></item><item><mate>
                  

    清水

                </mate><quantity>
                    3000ml
                </quantity></item></materials><steps>
            
            
              淘洗干净黑米、黑豆、薏米、糙米，加足清水浸泡一天
            
            
            
              加入足量的水一起煮到沸，转文火再煮30分钟
            
            
            
              煮到黑米软糯、黑豆酥烂，粥变浓稠时就可以了；喝的时候可以将粥温度降至80度左右，加一些蜂蜜口感更好
            
          </steps><tips/><tags>
        粥
        减肥
        甜品
        宿舍
      </tags></item></page_detail></extraction>