<?xml version="1.0" encoding="UTF-8"?><extraction><clueid>99352764</clueid><fullpath><![CDATA[http://www.xiachufang.com/recipe/1005850/]]></fullpath><realpath><![CDATA[http://www.xiachufang.com/recipe/1005850/]]></realpath><theme>food_detail_page</theme><middle>规则_2</middle><createdate>2019-5-14 1:18:25</createdate><pageno>0</pageno><actionno></actionno><actionvalue></actionvalue><prestamp>DSEngine-+--+-0</prestamp><currentstamp>DSEngine-+-ds_browser_top-+-1557767905071</currentstamp><timestamp>1557767905071</timestamp><baseURI><bucketBaseURI><bucketName>page_detail</bucketName><uri><![CDATA[http://www.xiachufang.com/recipe/1005850/]]></uri></bucketBaseURI></baseURI><customInfo><![CDATA[]]></customInfo><dsName>DSEngine</dsName><dsThread>datascraper_top</dsThread><version>80700</version>
<page_detail><item><foodname>
      砂锅白菜豆腐
    </foodname><score>7.5</score><heat>1259</heat><author>小白素食记录</author><materials><item><mate>
                  

    北豆腐

                </mate><quantity>
                    
                </quantity></item><item><mate>
                  

    白菜

                </mate><quantity>
                    
                </quantity></item><item><mate>
                  

    姜

                </mate><quantity>
                    几片
                </quantity></item><item><mate>
                  

    盐

                </mate><quantity>
                    1/2小匙
                </quantity></item></materials><steps>
            
            
              白菜用手撕开，豆腐切块待用
            
            
            
              砂锅内加足量水，烧开，下入白菜、豆腐、姜片煮至再次开起
            
            
            
              加入盐继续小火煮10分钟左右即可，关火前可滴几滴香油
            
          </steps><tips>
          最简单家常不过，在外却很难吃到这么顺心的，不是加了猪油，就是加了面粉做的白汤
很多时候，就想吃这种再清淡不过的菜，热乎乎，暖心暖胃~
        </tips><tags>
        家常菜
        砂锅
        老人
        减肥
        清淡
        素菜
        宴客
        宿舍
        单身食谱
        素食
        砂锅白菜豆腐
        白菜豆腐砂锅
        砂锅白菜炖豆腐
        砂锅白菜豆腐粉丝
        砂锅豆腐
      </tags></item></page_detail></extraction>