<?xml version="1.0" encoding="UTF-8"?><extraction><clueid>99353625</clueid><fullpath><![CDATA[http://www.xiachufang.com/recipe/100107729/]]></fullpath><realpath><![CDATA[http://www.xiachufang.com/recipe/100107729/]]></realpath><theme>food_detail_page</theme><middle>规则_2</middle><createdate>2019-5-14 16:1:2</createdate><pageno>0</pageno><actionno></actionno><actionvalue></actionvalue><prestamp>DSEngine-+--+-0</prestamp><currentstamp>DSEngine-+-ds_browser_top-+-1557820862303</currentstamp><timestamp>1557820862303</timestamp><baseURI><bucketBaseURI><bucketName>page_detail</bucketName><uri><![CDATA[http://www.xiachufang.com/recipe/100107729/]]></uri></bucketBaseURI></baseURI><customInfo><![CDATA[]]></customInfo><dsName>DSEngine</dsName><dsThread>datascraper_top</dsThread><version>80700</version>
<page_detail><item><foodname>
      狗狗鲜食——清凉鸭肉
      </foodname><score/><heat>17</heat><author>至臻挚爱</author><materials><item><mate>
                  

    鸭肉

                </mate><quantity>
                    2个
                </quantity></item><item><mate>
                  

    胡萝卜/白萝卜

                </mate><quantity>
                    半根
                </quantity></item><item><mate>
                  

    茼蒿菜/黄瓜

                </mate><quantity>
                    30G
                </quantity></item><item><mate>
                  

    紫薯

                </mate><quantity>
                    小的2个
                </quantity></item></materials><steps>
            
            
              茼蒿菜洗净浸泡后用滚水焯烫3分钟，切碎，茼蒿的农药含量最高，所以建议购买有机蔬菜。
              
            
            
            
              紫薯切块大火隔水蒸15分钟
              
            
            
            
              鸭肉去皮可以事前蒸熟 也可以生的去皮直接煮，我偏好先蒸掉油水。
              
            
            
            
              鸭肉蒸后撕小块
              
            
            
            
              取一小碗清水，大火烧开，因为本来就是为了去火的食谱 所以不建议用油炒，推荐水煮。
              
            
            
            
              水开后放入鸭肉和胡萝卜，煮滚后中火煮10分钟。
              
            
            
            
              盛起拌入茼蒿和紫薯，吃前拌匀。
              
            
            
            
              妈，我醒了，饭饭呢？
              
            
          </steps><tips>
          平时如果发现狗狗的尿比较黄，可以适当在食物中添加绿色蔬菜。
        </tips><tags>
        自制宠物食品
      </tags></item></page_detail></extraction>