<?xml version="1.0" encoding="UTF-8"?><extraction><clueid>99353594</clueid><fullpath><![CDATA[http://www.xiachufang.com/recipe/103503325/]]></fullpath><realpath><![CDATA[http://www.xiachufang.com/recipe/103503325/]]></realpath><theme>food_detail_page</theme><middle>规则_2</middle><createdate>2019-5-14 15:56:13</createdate><pageno>0</pageno><actionno></actionno><actionvalue></actionvalue><prestamp>DSEngine-+--+-0</prestamp><currentstamp>DSEngine-+-ds_browser_top-+-1557820573582</currentstamp><timestamp>1557820573582</timestamp><baseURI><bucketBaseURI><bucketName>page_detail</bucketName><uri><![CDATA[http://www.xiachufang.com/recipe/103503325/]]></uri></bucketBaseURI></baseURI><customInfo><![CDATA[]]></customInfo><dsName>DSEngine</dsName><dsThread>datascraper_top</dsThread><version>80700</version>
<page_detail><item><foodname>
      润肺祛火养生茶
    </foodname><score/><heat>0</heat><author>Ousgoo</author><materials><item><mate>
                  

    冰糖

                </mate><quantity>
                    10克
                </quantity></item><item><mate>
                  

    金银花2克

                </mate><quantity>
                    
                </quantity></item><item><mate>
                  

    金菊2克

                </mate><quantity>
                    
                </quantity></item><item><mate>
                  

    麦冬2克

                </mate><quantity>
                    
                </quantity></item><item><mate>
                  

    胎菊2克

                </mate><quantity>
                    
                </quantity></item><item><mate>
                  

    陈皮2片

                </mate><quantity>
                    
                </quantity></item><item><mate>
                  

    水1400ML

                </mate><quantity>
                    
                </quantity></item></materials><steps>
            
            
              将材料称量好备用；
              
            
            
            
              将材料装入带滤筒中；
              
            
            
            
              西屋0965多功能加热破壁料理机中倒入水，放入滤筒；
              
            
            
            
              打开电源，选择“养生煲”功能键；
              
            
            
            
              计时15分钟就完成了；
              
            
            
            
              将滤筒取出；
              
            
            
            
              破壁机中的茶水倒入玻璃容器里即可食用
              
            
          </steps><tips/><tags/></item></page_detail></extraction>