<?xml version="1.0" encoding="UTF-8"?><extraction><clueid>99352818</clueid><fullpath><![CDATA[http://www.xiachufang.com/recipe/36606/]]></fullpath><realpath><![CDATA[http://www.xiachufang.com/recipe/36606/]]></realpath><theme>food_detail_page</theme><middle>规则_2</middle><createdate>2019-5-14 9:59:25</createdate><pageno>0</pageno><actionno></actionno><actionvalue></actionvalue><prestamp>DSEngine-+--+-0</prestamp><currentstamp>DSEngine-+-ds_browser_top-+-1557799165233</currentstamp><timestamp>1557799165233</timestamp><baseURI><bucketBaseURI><bucketName>page_detail</bucketName><uri><![CDATA[http://www.xiachufang.com/recipe/36606/]]></uri></bucketBaseURI></baseURI><customInfo><![CDATA[]]></customInfo><dsName>DSEngine</dsName><dsThread>datascraper_top</dsThread><version>80700</version>
<page_detail><item><foodname>
      呛生菜
    </foodname><score>7.9</score><heat>831</heat><author>83小钟</author><materials><item><mate>
                  

    生菜

                </mate><quantity>
                    一个
                </quantity></item><item><mate>
                  

    蒜末

                </mate><quantity>
                    少许
                </quantity></item><item><mate>
                  

    干红辣椒

                </mate><quantity>
                    少许
                </quantity></item><item><mate>
                  

    白醋

                </mate><quantity>
                    少许
                </quantity></item><item><mate>
                  

    生抽

                </mate><quantity>
                    少许
                </quantity></item><item><mate>
                  

    美极鲜酱油

                </mate><quantity>
                    适量
                </quantity></item><item><mate>
                  

    蒸鱼豉油

                </mate><quantity>
                    少许
                </quantity></item><item><mate>
                  

    鸡精

                </mate><quantity>
                    少许
                </quantity></item><item><mate>
                  

    白糖

                </mate><quantity>
                    少许
                </quantity></item><item><mate>
                  

    盐

                </mate><quantity>
                    适量
                </quantity></item><item><mate>
                  

    麻油

                </mate><quantity>
                    少许
                </quantity></item></materials><steps>
            
            
              生菜去蒂去老叶洗净用淡盐水稍加浸泡后再冲洗干净。撕成小块，放入加了冰块的凉白开里泡15分钟左右捞出沥干水份备用
            
            
            
              热锅放少许底油，下干红辣椒爆香，关火。再加入蒜末，白醋，生抽，美极鲜酱油，蒸鱼豉油，鸡精，白糖，盐调成味汁
            
            
            
              倒入沥过水份的生菜，滴少许麻油拌匀即可
            
          </steps><tips>
          1.生菜放在淡盐水内浸泡一下更卫生健康；撕小块后泡入加了冰的凉白开里会增加生菜的脆爽口感
2.红辣椒油炸才会更香，不要偷懒直接用辣椒油。
        </tips><tags>
        素菜
        小清新
        减肥
      </tags></item></page_detail></extraction>