<?xml version="1.0" encoding="UTF-8"?><extraction><clueid>99352803</clueid><fullpath><![CDATA[http://www.xiachufang.com/recipe/101708619/]]></fullpath><realpath><![CDATA[http://www.xiachufang.com/recipe/101708619/]]></realpath><theme>food_detail_page</theme><middle>规则_2</middle><createdate>2019-5-14 2:41:19</createdate><pageno>0</pageno><actionno></actionno><actionvalue></actionvalue><prestamp>DSEngine-+--+-0</prestamp><currentstamp>DSEngine-+-ds_browser_top-+-1557772879186</currentstamp><timestamp>1557772879186</timestamp><baseURI><bucketBaseURI><bucketName>page_detail</bucketName><uri><![CDATA[http://www.xiachufang.com/recipe/101708619/]]></uri></bucketBaseURI></baseURI><customInfo><![CDATA[]]></customInfo><dsName>DSEngine</dsName><dsThread>datascraper_top</dsThread><version>80700</version>
<page_detail><item><foodname>
      纯燕麦减肥零食饼干
    </foodname><score>7.1</score><heat>812</heat><author>微体社区</author><materials><item><mate>
                  

    即食燕麦

                </mate><quantity>
                    170克
                </quantity></item><item><mate>
                  

    鸡蛋

                </mate><quantity>
                    1个
                </quantity></item><item><mate>
                  

    蜂蜜

                </mate><quantity>
                    40克
                </quantity></item><item><mate>
                  

    红糖

                </mate><quantity>
                    35克
                </quantity></item><item><mate>
                  

    植物油

                </mate><quantity>
                    10克
                </quantity></item></materials><steps>
            
            
              准备食材，15个燕麦饼干的量。
              
            
            
            
              混合所有材料这款燕麦饼干的制作真的是很简单！粗暴的说来，只要把准备好的所有材料揉在一起就可以。不过，每一个材料都要混合均匀了，才能做出完美红糖色的燕麦饼干噢！
              
            
            
            
              鸡蛋打散后加入蜂蜜，植物油拌匀。蜂蜜几乎可以当做液体的糖来使用。
              
            
            
            
              红糖也有甜度，热量却比白糖要低，并且调味后烤出来的饼干有特殊的香味，很有特色！强烈建议此处的红糖不要用白糖代替噢！
              
            
            
            
              搅拌均匀。
              
            
            
            
              燕麦片加入后可以拿个小勺子从下往上，翻动来搅拌。因为之前的混合物是比较稀的，所以虽然燕麦片的量比较大，也是很容易就能拌开的。
              
            
            
            
              已经被红糖染色啦，很美的焦黄色，如果略有些红糖块比较大，拌不散也不要紧，但不能过多。
              
            
            
            
              因为没有添加任何的粉类，所以燕麦不是那么容易成型。可以先拿勺子挖一些在手上，握紧捏一下，会好定型一些。
              
            
            
            
              大小按个人的喜好来就行，稍薄一些的话烤出来会更脆，视频中的饼干大约1厘米的厚度。
              
            
            
            
              烤盘里垫上油纸，预热烤箱，160℃，烤20分钟。
              
            
            
            
              刚出炉的燕麦饼干是有些软的，放凉后就会变脆，吃不完的饼干要保存好，避免受潮。
              
            
            
            
              燕麦，红糖，健康又低热量的美味，解馋又不会增加负担。搭配一杯红茶，适合夏天的清爽感觉，赶紧试试吧！
              
            
          </steps><tips>
          1、本次制作是15个饼干的量。2、刚出炉的燕麦饼干是有些软的，放凉后就会变脆，吃不完的饼干要保存好，避免受潮。
        </tips><tags>
        减肥
        零食
        饼干
      </tags></item></page_detail></extraction>