<?xml version="1.0" encoding="UTF-8"?><extraction><clueid>99353104</clueid><fullpath><![CDATA[http://www.xiachufang.com/recipe/135694/]]></fullpath><realpath><![CDATA[http://www.xiachufang.com/recipe/135694/]]></realpath><theme>food_detail_page</theme><middle>规则_2</middle><createdate>2019-5-14 13:12:57</createdate><pageno>0</pageno><actionno></actionno><actionvalue></actionvalue><prestamp>DSEngine-+--+-0</prestamp><currentstamp>DSEngine-+-ds_browser_top-+-1557810777216</currentstamp><timestamp>1557810777216</timestamp><baseURI><bucketBaseURI><bucketName>page_detail</bucketName><uri><![CDATA[http://www.xiachufang.com/recipe/135694/]]></uri></bucketBaseURI></baseURI><customInfo><![CDATA[]]></customInfo><dsName>DSEngine</dsName><dsThread>datascraper_top</dsThread><version>80700</version>
<page_detail><item><foodname>
      雪莲子南瓜羹
    </foodname><score>7.9</score><heat>45</heat><author>咖啡鱼潘</author><materials><item><mate>
                  

    雪莲子

                </mate><quantity>
                    20粒
                </quantity></item><item><mate>
                  

    南瓜

                </mate><quantity>
                    半个
                </quantity></item><item><mate>
                  

    牛奶

                </mate><quantity>
                    200ml
                </quantity></item></materials><steps>
            
            
              雪莲子洗净用冷水浸泡8小时以上，充分涨开
              
            
            
            
              南瓜去皮切片
              
            
            
            
              南瓜片上锅蒸熟
              
            
            
            
              将蒸熟的南瓜放入搅拌机里，倒入适量牛奶搅拌成泥状
              
            
            
            
              将搅拌好的南瓜泥倒入锅中，再依据个人喜欢倒入牛奶
              
            
            
            
              最后放入浸泡好的雪莲子，搅拌均匀后，煮开沸即可
              
            
          </steps><tips/><tags>
        甜品
        粥
        饮品
      </tags></item></page_detail></extraction>