<?xml version="1.0" encoding="UTF-8"?><extraction><clueid>99352506</clueid><fullpath><![CDATA[http://www.xiachufang.com/recipe/103823574/]]></fullpath><realpath><![CDATA[http://www.xiachufang.com/recipe/103823574/]]></realpath><theme>food_detail_page</theme><middle>规则_2</middle><createdate>2019-5-13 23:10:3</createdate><pageno>0</pageno><actionno></actionno><actionvalue></actionvalue><prestamp>DSEngine-+--+-0</prestamp><currentstamp>DSEngine-+-ds_browser_top-+-1557760203259</currentstamp><timestamp>1557760203259</timestamp><baseURI><bucketBaseURI><bucketName>page_detail</bucketName><uri><![CDATA[http://www.xiachufang.com/recipe/103823574/]]></uri></bucketBaseURI></baseURI><customInfo><![CDATA[]]></customInfo><dsName>DSEngine</dsName><dsThread>datascraper_top</dsThread><version>80700</version>
<page_detail><item><foodname>
      三分半钟美味香草三文鱼
    </foodname><score/><heat>0</heat><author>陈小猪的小厨房</author><materials><item><mate>
                  

    三文鱼骨（约180克）

                </mate><quantity>
                    一块
                </quantity></item><item><mate>
                  

    刁草

                </mate><quantity>
                    1小枝
                </quantity></item><item><mate>
                  

    香茅

                </mate><quantity>
                    一根
                </quantity></item><item><mate>
                  

    盐

                </mate><quantity>
                    3克
                </quantity></item><item><mate>
                  

    糖

                </mate><quantity>
                    3克
                </quantity></item><item><mate>
                  

    花生油

                </mate><quantity>
                    适量
                </quantity></item><item><mate>
                  

    甜酱油

                </mate><quantity>
                    一勺
                </quantity></item><item><mate>
                  

    胡椒粉

                </mate><quantity>
                    3克
                </quantity></item></materials><steps>
            
            
              1）三文鱼洗净控干水分备用，均匀地涂抹上盐、糖、胡椒粉和少许花生油腌制一下。                         2）香草部分您可以自行选择，单选一种或多种一起使用都可以，看您的喜好了。一般来说，刁草的香气和三文鱼最搭配，但是不太好买，用小香葱和姜或者大蒜搭配也是可以的。今天刚好家里有刁草和香茅，所以试一下，这两种其实也很搭配，味道很好。                                                             3）三文鱼平铺在碟子上，把香茅放在上面，一起放进微波炉600瓦转3分半钟，取出来以后浇上甜酱油再洒上刁草就完成了✅
              
            
          </steps><tips/><tags>
        微波炉
        快手菜
      </tags></item></page_detail></extraction>