<?xml version="1.0" encoding="UTF-8"?><extraction><clueid>99352280</clueid><fullpath><![CDATA[http://www.xiachufang.com/recipe/23410/]]></fullpath><realpath><![CDATA[http://www.xiachufang.com/recipe/23410/]]></realpath><theme>food_detail_page</theme><middle>规则_2</middle><createdate>2019-5-13 22:28:22</createdate><pageno>0</pageno><actionno></actionno><actionvalue></actionvalue><prestamp>DSEngine-+--+-0</prestamp><currentstamp>DSEngine-+-ds_browser_top-+-1557757702998</currentstamp><timestamp>1557757702998</timestamp><baseURI><bucketBaseURI><bucketName>page_detail</bucketName><uri><![CDATA[http://www.xiachufang.com/recipe/23410/]]></uri></bucketBaseURI></baseURI><customInfo><![CDATA[]]></customInfo><dsName>DSEngine</dsName><dsThread>datascraper_top</dsThread><version>80700</version>
<page_detail><item><foodname>
      红烧冬瓜
    </foodname><score>7.8</score><heat>7396</heat><author>83小钟</author><materials><item><mate>
                  

    冬瓜

                </mate><quantity>
                </quantity></item><item><mate>
                  

    白糖

                </mate><quantity>
                </quantity></item><item><mate>
                  

    生抽

                </mate><quantity>
                </quantity></item><item><mate>
                  

    老抽

                </mate><quantity>
                </quantity></item><item><mate>
                  

    盐

                </mate><quantity>
                </quantity></item><item><mate>
                  

    蚝油

                </mate><quantity>
                </quantity></item><item><mate>
                  

    鸡精

                </mate><quantity>
                </quantity></item></materials><steps>
            
            
              冬瓜去皮去瓤，表面打上花刀改切成方块
              
            
            
            
              热锅下油，油热后下入冬瓜块煎至四面略显金黄后，把冬瓜扒到锅边，中间下少许白糖炒出糖色后和冬瓜块一起炒匀
              
            
            
            
              再放入盐，适量生抽，老抽让冬瓜均匀上色
              
            
            
            
              加一小碗水炒匀后盖上锅盖，焖煮至冬瓜到熟
              
            
            
            
              再加蚝油，鸡精，大火收汁，起锅撒上葱花即可
              
            
          </steps><tips>
          1.冬瓜表面打花刀更易入味。
2.炒糖的时候一定要注意千万别炒糊了，把握不好的话宁可少炒一会，糖快化完时就加冬瓜炒匀。
3.最后收汁的时候不用收太干了，用那汤汁拌饭又是一人间美味~~
        </tips><tags>
        家常菜
        素菜
        清淡
        红烧
        红烧冬瓜
        红烧冬瓜球
        红烧排骨冬瓜
        冬瓜
        红烧
      </tags></item></page_detail></extraction>