<?xml version="1.0" encoding="UTF-8"?><extraction><clueid>99353109</clueid><fullpath><![CDATA[http://www.xiachufang.com/recipe/102845813/]]></fullpath><realpath><![CDATA[http://www.xiachufang.com/recipe/102845813/]]></realpath><theme>food_detail_page</theme><middle>规则_2</middle><createdate>2019-5-14 13:18:46</createdate><pageno>0</pageno><actionno></actionno><actionvalue></actionvalue><prestamp>DSEngine-+--+-0</prestamp><currentstamp>DSEngine-+-ds_browser_top-+-1557811126544</currentstamp><timestamp>1557811126544</timestamp><baseURI><bucketBaseURI><bucketName>page_detail</bucketName><uri><![CDATA[http://www.xiachufang.com/recipe/102845813/]]></uri></bucketBaseURI></baseURI><customInfo><![CDATA[]]></customInfo><dsName>DSEngine</dsName><dsThread>datascraper_top</dsThread><version>80700</version>
<page_detail><item><foodname>
      冬日暖暖红豆栗子粥
      </foodname><score>9.0</score><heat>57</heat><author>我很家常</author><materials><item><mate>
                  

    红小豆

                </mate><quantity>
                    60克
                </quantity></item><item><mate>
                  

    大米

                </mate><quantity>
                    50克
                </quantity></item><item><mate>
                  

    栗子(中等大小)

                </mate><quantity>
                    15颗左右
                </quantity></item><item><mate>
                  

    红糖

                </mate><quantity>
                    随意
                </quantity></item><item><mate>
                  

    燕麦片

                </mate><quantity>
                    一把
                </quantity></item><item><mate>
                  

    莲子(可选)

                </mate><quantity>
                    随意
                </quantity></item><item><mate>
                  

    百合(可选)

                </mate><quantity>
                    随意
                </quantity></item><item><mate>
                  

    小红枣(可选)

                </mate><quantity>
                    随意(不宜过多)
                </quantity></item></materials><steps>
            
            
              食材的准备：🌹红豆洗净，温水浸泡8小时以上。如果忘记提前泡，还有个快一些的办法：把红豆洗净，用清水煮开关火，焖至温热，再煮开关火焖，再煮开……连续三～四次。🌹栗子煮熟去皮。煮前切口，之后好剥皮🌹莲子、百合预先泡软，莲子去芯🌹红枣洗净
            
            
            
              加够水，开始煮红豆(已经泡好的)，至红豆8成熟。🌹水量依食材的量加，宁肯多加也别少了。
            
            
            
              加入大米(洗净)、莲子、栗子煮15分钟左右。🌹大米的量不要太多，肯少勿多！
            
            
            
              加入百合、红枣、红糖，煮至全熟。🌹红糖的量按照个人喜好的口味加
            
            
            
              这时，加入一些速熟燕麦片，不必太多，用手抓一把即可，目的是使粥浓稠。这个办法很好用，而且燕麦也很健康。🌹当然麦片的量也要根据粥的量适当调整哈。
            
          </steps><tips/><tags>
        粥
        宿舍
        早餐
      </tags></item></page_detail></extraction>