<?xml version="1.0" encoding="UTF-8"?><extraction><clueid>99352303</clueid><fullpath><![CDATA[http://www.xiachufang.com/recipe/100436092/]]></fullpath><realpath><![CDATA[http://www.xiachufang.com/recipe/100436092/]]></realpath><theme>food_detail_page</theme><middle>规则_2</middle><createdate>2019-5-13 22:32:0</createdate><pageno>0</pageno><actionno></actionno><actionvalue></actionvalue><prestamp>DSEngine-+--+-0</prestamp><currentstamp>DSEngine-+-ds_browser_top-+-1557757920846</currentstamp><timestamp>1557757920846</timestamp><baseURI><bucketBaseURI><bucketName>page_detail</bucketName><uri><![CDATA[http://www.xiachufang.com/recipe/100436092/]]></uri></bucketBaseURI></baseURI><customInfo><![CDATA[]]></customInfo><dsName>DSEngine</dsName><dsThread>datascraper_top</dsThread><version>80700</version>
<page_detail><item><foodname>
      麻婆豆腐
      </foodname><score>8.1</score><heat>5337</heat><author>E路拾缘</author><materials><item><mate>
                  

    豆腐

                </mate><quantity>
                    1块
                </quantity></item><item><mate>
                  

    青葱

                </mate><quantity>
                    1条
                </quantity></item><item><mate>
                  

    蒜蓉

                </mate><quantity>
                    2瓣
                </quantity></item><item><mate>
                  

    肉碎（牛肉碎最佳）

                </mate><quantity>
                    为豆腐重量的1/10
                </quantity></item><item><mate>
                  

    郫县豆瓣酱

                </mate><quantity>
                    1大匙
                </quantity></item><item><mate>
                  

    酱油（生抽）

                </mate><quantity>
                    少许
                </quantity></item><item><mate>
                  

    糖

                </mate><quantity>
                    少许
                </quantity></item><item><mate>
                  

    醋

                </mate><quantity>
                    几滴（最后放）
                </quantity></item><item><mate>
                  

    花椒面

                </mate><quantity>
                    0.5-1g（看个人口味）
                </quantity></item><item><mate>
                  

    麻油

                </mate><quantity>
                    少许
                </quantity></item><item><mate>
                  

    花雕酒/米酒

                </mate><quantity>
                    少许
                </quantity></item><item><mate>
                  

    淀粉水

                </mate><quantity>
                    勾芡用
                </quantity></item></materials><steps>
            
            
              原料切配：豆腐切正方形块状，大小看个人喜好。青葱切葱花，蒜头切成末。肉碎不用腌制，但一定要完全化冻。正宗麻婆豆腐是放牛肉碎。家庭制作可以改为“猪肉碎”也没有问题。郫县豆瓣酱看个人喜好放，我的建议可放多一点点。可以提出问道，也可以让油炒到更红。豆瓣酱也要斩几刀，确保里面的豆瓣不会那么大颗粒影响味道发挥。
            
            
            
              煮豆腐：为什么要煮豆腐？1.豆腐里水分含量高煮后会流失一些口感更好。2.水煮豆腐可以使豆腐更加Q弹好吃。3.水煮豆腐一定要放一些盐，稍微多一点，一块豆腐煮的时候可放2g左右盐一起煮，这样盐的渗透压会更快逼出豆腐里的水分，而且会让豆腐有一点点的咸味，记得这个程序一定要做，想做出好的麻婆豆腐这是关键步骤。4.豆腐要煮差不多2-3分钟（小火，大火容易滚碎豆腐），差不多豆腐微微有些膨胀了就好了，但别捞出来，泡着先~避免豆腐捞上来后黏在一起。
            
            
            
              炒：另外取一口锅，放底油（可以多一点点）油温热后先炒肉碎。此时注意油温不要太高，慢慢炒，炒到肉碎开始微黄，有点发干时加入豆瓣酱炒出红油。出红油后下蒜末炒出香味就可以加水或汤，差不多一块豆腐一小碗汤，煮开汤后加入米酒或花雕酒一小勺，生抽一点点（只是提个味道，因郫县豆瓣已经很咸了，所以别放太多），糖一点点，煮开后试试味道，此时不能味道正合适，要稍微淡一点点，不然烧出来水分挥发后就会很咸。味道调好后加入煮好的豆腐，直接捞出来放进汤汁里，稍微烧一个2-3分钟，待汤汁变少后加入花椒面（自己掌握），我用的是自己炒的花椒碾碎的自制花椒面，所以很香很麻，放的不多提出味道就好了。（花椒面不要早放，会黑，会使整锅豆腐变黑掉）最后用水淀粉勾一个薄芡，再淋入麻油和几滴醋，就完成了炒的部分~（几滴醋也是关键哦，不放和放的会有差别哦，但几滴而已哦，最好不要吃出酸味，只是提味，这就是传说中的”锅边醋“）
            
            
            
              点缀：可点缀葱花，香菜，芝麻等等，随个人喜好。
              
            
          </steps><tips>
          豆腐选购：1，不要选购太老的豆腐如北豆腐。2，可选用“水豆腐”“或”内酯豆腐“较为适合制作此菜肴。3，同法可制作”麻婆茄子“”麻婆面筋“等等菜色。4，此菜，传说是一位”陈姓的老婆婆“所创，所以也叫”陈麻婆“豆腐。
        </tips><tags>
        快手菜
        辣
        家常菜
        年夜饭
        麻婆豆腐
        家常麻婆豆腐
        四川麻婆豆腐
        魔幻麻婆豆腐
        川味麻婆豆腐
      </tags></item></page_detail></extraction>