<?xml version="1.0" encoding="UTF-8"?><extraction><clueid>99353293</clueid><fullpath><![CDATA[http://www.xiachufang.com/recipe/103643693/]]></fullpath><realpath><![CDATA[http://www.xiachufang.com/recipe/103643693/]]></realpath><theme>food_detail_page</theme><middle>规则_2</middle><createdate>2019-5-14 15:7:28</createdate><pageno>0</pageno><actionno></actionno><actionvalue></actionvalue><prestamp>DSEngine-+--+-0</prestamp><currentstamp>DSEngine-+-ds_browser_top-+-1557817648229</currentstamp><timestamp>1557817648229</timestamp><baseURI><bucketBaseURI><bucketName>page_detail</bucketName><uri><![CDATA[http://www.xiachufang.com/recipe/103643693/]]></uri></bucketBaseURI></baseURI><customInfo><![CDATA[]]></customInfo><dsName>DSEngine</dsName><dsThread>datascraper_top</dsThread><version>80700</version>
<page_detail><item><foodname>
      鸡蛋醪糟汤
      </foodname><score>7.6</score><heat>19</heat><author>十八闲客-6</author><materials><item><mate>
                  

    水

                </mate><quantity>
                    可用碗量
                </quantity></item><item><mate>
                  

    酒酿

                </mate><quantity>
                    1大勺（适量）
                </quantity></item><item><mate>
                  

    鸡蛋

                </mate><quantity>
                    少许
                </quantity></item><item><mate>
                  

    枸杞

                </mate><quantity>
                    粒
                </quantity></item><item><mate>
                  

    白糖

                </mate><quantity>
                    少许
                </quantity></item><item><mate>
                  

    淀粉

                </mate><quantity>
                    少许
                </quantity></item></materials><steps>
            
            
              水烧开
              
            
            
            
              加入适量酒酿烧开
              
            
            
            
              加入少量枸杞和一个鸡蛋（打散），加入适量淀粉水勾芡，加入适量白糖调味
              
            
          </steps><tips>
          枸杞可以提前泡一下，取酒酿的勺子不能粘到开水后再取，（隔空倒进煮沸的水里）否则剩下的酒酿会坏掉，勾芡（琉璃芡即可）
        </tips><tags>
        粥
      </tags></item></page_detail></extraction>