<?xml version="1.0" encoding="UTF-8"?><extraction><clueid>99353221</clueid><fullpath><![CDATA[http://www.xiachufang.com/recipe/100360031/]]></fullpath><realpath><![CDATA[http://www.xiachufang.com/recipe/100360031/]]></realpath><theme>food_detail_page</theme><middle>规则_2</middle><createdate>2019-5-14 14:53:25</createdate><pageno>0</pageno><actionno></actionno><actionvalue></actionvalue><prestamp>DSEngine-+--+-0</prestamp><currentstamp>DSEngine-+-ds_browser_top-+-1557816805180</currentstamp><timestamp>1557816805180</timestamp><baseURI><bucketBaseURI><bucketName>page_detail</bucketName><uri><![CDATA[http://www.xiachufang.com/recipe/100360031/]]></uri></bucketBaseURI></baseURI><customInfo><![CDATA[]]></customInfo><dsName>DSEngine</dsName><dsThread>datascraper_top</dsThread><version>80700</version>
<page_detail><item><foodname>
      高压锅版清凉解暑绿豆汤
      </foodname><score>8.0</score><heat>34</heat><author>白川四两</author><materials><item><mate>
                  

    绿豆

                </mate><quantity>
                    
                </quantity></item><item><mate>
                  

    糖

                </mate><quantity>
                    
                </quantity></item><item><mate>
                  

    水

                </mate><quantity>
                    
                </quantity></item><item><mate>
                  

    米

                </mate><quantity>
                    希望汤不“水豆分离”的可加些
                </quantity></item><item><mate>
                  

    薏仁、莲子……

                </mate><quantity>
                    等等自己喜欢的辅料
                </quantity></item></materials><steps>
            
            
              绿豆和莲子、薏仁等自己喜欢的辅料洗净，不用浸泡几小时或一晚上（懒），和水一起倒进高压锅里
            
            
            
              希望煮出来的绿豆汤不呈现“水豆分离”状的，可加一些米类（大米、糯米都可以）进高压锅里同煮。这是我外婆小时候教我的，豆类是没有粘性的（而米类有粘性，煮熟的饭抓一把就会黏在一起而且黏手特恶心，而豆子就不会），光是豆子炖出来的粥静置之后会上层是汤水而豆子全沉在下面，而加一把米就不会有这种情况啦。（如果就是喜欢水豆分离的话当我没说）
            
            
            
              高压锅压大约15分钟。过后再等个10分20分钟让高压锅恢复常压，开盖，放糖。
            
          </steps><tips>
          高压锅炖绿豆汤特别时候头天晚上懒得泡豆人士、突然想吃又没泡豆人士、放锅里煮怕忘了时间煮干了一股子油烟味人士。
        </tips><tags>
        减肥
        老人
        甜品
        粥
        高压锅
      </tags></item></page_detail></extraction>