<?xml version="1.0" encoding="UTF-8"?><extraction><clueid>99352626</clueid><fullpath><![CDATA[http://www.xiachufang.com/recipe/100426854/]]></fullpath><realpath><![CDATA[http://www.xiachufang.com/recipe/100426854/]]></realpath><theme>food_detail_page</theme><middle>规则_2</middle><createdate>2019-5-13 23:44:3</createdate><pageno>0</pageno><actionno></actionno><actionvalue></actionvalue><prestamp>DSEngine-+--+-0</prestamp><currentstamp>DSEngine-+-ds_browser_top-+-1557762243194</currentstamp><timestamp>1557762243194</timestamp><baseURI><bucketBaseURI><bucketName>page_detail</bucketName><uri><![CDATA[http://www.xiachufang.com/recipe/100426854/]]></uri></bucketBaseURI></baseURI><customInfo><![CDATA[]]></customInfo><dsName>DSEngine</dsName><dsThread>datascraper_top</dsThread><version>80700</version>
<page_detail><item><foodname>
      小清新牛油果火腿意面
      </foodname><score>7.3</score><heat>2162</heat><author>丁团团</author><materials><item><mate>
                  

    牛油果（熟透了的为佳）

                </mate><quantity>
                    1只
                </quantity></item><item><mate>
                  

    意面

                </mate><quantity>
                    一小把
                </quantity></item><item><mate>
                  

    全脂牛奶

                </mate><quantity>
                    一小杯 （200ml）左右
                </quantity></item><item><mate>
                  

    芝士碎

                </mate><quantity>
                    少许
                </quantity></item><item><mate>
                  

    火腿片（或火腿肠一根）

                </mate><quantity>
                    两三片
                </quantity></item><item><mate>
                  

    黄油（或橄榄油）

                </mate><quantity>
                    40g
                </quantity></item><item><mate>
                  

    盐和胡椒

                </mate><quantity>
                    适量
                </quantity></item><item><mate>
                  

    大蒜

                </mate><quantity>
                    四瓣
                </quantity></item></materials><steps>
            
            
              煮锅放水烧开，加少许盐，放入意面煮7-10分钟左右，推荐用细面类，软硬度视个人口味调整。煮好关火凉至一旁。
            
            
            
              蒜瓣去皮切小片。火腿片切小块。牛油果一切两半用勺将果肉挖出碾成泥。
            
            
            
              热锅融化黄油或倒入橄榄油少许，将蒜瓣煸香，表面微微发黄即可。
            
            
            
              火腿碎倒入锅内，煸至表面微翘
            
            
            
              倒入牛油果，牛奶，芝士碎，小火搅拌炖煮至芝士融化，汤汁浓稠。（牛奶和芝士可换成奶油50ml左右加水）
            
            
            
              拌入意面，搅拌使面条和酱料充分融合，如果汤汁过干可加入几勺煮意面水稀释，放入盐和胡椒，搅拌均匀，关火，就可以享用啦！
            
          </steps><tips/><tags>
        小清新
        快手菜
        早餐
        面条
      </tags></item></page_detail></extraction>