<?xml version="1.0" encoding="UTF-8"?><extraction><clueid>99352625</clueid><fullpath><![CDATA[http://www.xiachufang.com/recipe/117568/]]></fullpath><realpath><![CDATA[http://www.xiachufang.com/recipe/117568/]]></realpath><theme>food_detail_page</theme><middle>规则_2</middle><createdate>2019-5-13 23:43:48</createdate><pageno>0</pageno><actionno></actionno><actionvalue></actionvalue><prestamp>DSEngine-+--+-0</prestamp><currentstamp>DSEngine-+-ds_browser_top-+-1557762228326</currentstamp><timestamp>1557762228326</timestamp><baseURI><bucketBaseURI><bucketName>page_detail</bucketName><uri><![CDATA[http://www.xiachufang.com/recipe/117568/]]></uri></bucketBaseURI></baseURI><customInfo><![CDATA[]]></customInfo><dsName>DSEngine</dsName><dsThread>datascraper_top</dsThread><version>80700</version>
<page_detail><item><foodname>
      清炒丝瓜
    </foodname><score>7.4</score><heat>2273</heat><author>夏天雪花</author><materials><item><mate>
                  

    丝瓜

                </mate><quantity>
                    二根
                </quantity></item><item><mate>
                  

    大蒜

                </mate><quantity>
                    四头
                </quantity></item><item><mate>
                  

    花生油

                </mate><quantity>
                    
                </quantity></item><item><mate>
                  

    盐

                </mate><quantity>
                    少许
                </quantity></item></materials><steps>
            
            
              丝瓜去皮，洗净，从中间一分为二切片备用
            
            
            
              锅内油烧热，下蒜茸煸出香味，倒入丝瓜，加入盐一起翻炒
            
            
            
              炒至丝瓜心完全变白即可出锅
            
          </steps><tips>
          这是在老家向邻居家的哥哥学了，丝瓜切好后如果不当时炒应该放入盐水中泡着，因为丝瓜剥皮后和空气接触后会氧化!炒时放入丝瓜就加盐，一直翻炒这样炒出来的汤都是白的，为什么会这样我也不知道，前辈的经验一定要听，因为我试验过。
        </tips><tags>
        家常菜
        快手菜
        清淡
        素菜
        宿舍
        清炒丝瓜
        炒丝瓜
        丝瓜
        素炒丝瓜
        蒜蓉炒丝瓜
      </tags></item></page_detail></extraction>