<?xml version="1.0" encoding="UTF-8"?><extraction><clueid>99353592</clueid><fullpath><![CDATA[http://www.xiachufang.com/recipe/102973991/]]></fullpath><realpath><![CDATA[http://www.xiachufang.com/recipe/102973991/]]></realpath><theme>food_detail_page</theme><middle>规则_2</middle><createdate>2019-5-14 15:55:45</createdate><pageno>0</pageno><actionno></actionno><actionvalue></actionvalue><prestamp>DSEngine-+--+-0</prestamp><currentstamp>DSEngine-+-ds_browser_top-+-1557820545916</currentstamp><timestamp>1557820545916</timestamp><baseURI><bucketBaseURI><bucketName>page_detail</bucketName><uri><![CDATA[http://www.xiachufang.com/recipe/102973991/]]></uri></bucketBaseURI></baseURI><customInfo><![CDATA[]]></customInfo><dsName>DSEngine</dsName><dsThread>datascraper_top</dsThread><version>80700</version>
<page_detail><item><foodname>
      霸王花龙骨汤（清热润肺）
    </foodname><score/><heat>1</heat><author>陈卡拉</author><materials><item><mate>
                  

    霸王花

                </mate><quantity>
                    2朵
                </quantity></item><item><mate>
                  

    姜

                </mate><quantity>
                    2片
                </quantity></item><item><mate>
                  

    红枣

                </mate><quantity>
                    5个
                </quantity></item><item><mate>
                  

    蜜枣

                </mate><quantity>
                    1个
                </quantity></item></materials><steps>
            
            
              先上全家福。一共5种材料，霸王花、龙骨、红枣、蜜枣、姜（ps：这是一人份的用料，大家可以看着来调整哟～）
              
            
            
            
              龙骨洗干净后放入开水撇去肥膘有助于去腥～
              
            
            
            
              霸王花洗干净后需要用冷水泡发20分钟，有助于待会熬煮出味。
              
            
            
            
              把泡好的霸王花、出过水的龙骨、清洗干净的红枣、蜜枣、姜片一起放进炖锅里并加3-4碗水左右。ps：我这个是800ml的一人份小炖锅，功率很小，不管是家用还是宿舍用都很适合哟～
              
            
            
            
              材料放好，选择营养汤模式，4小时后美味清甜还润肺的霸王花龙骨汤就可以开喝啦～
              
            
            
            
              呐，成品如图，好喝得很呢～
              
            
          </steps><tips/><tags/></item></page_detail></extraction>