<?xml version="1.0" encoding="UTF-8"?><extraction><clueid>99353073</clueid><fullpath><![CDATA[http://www.xiachufang.com/recipe/102803732/]]></fullpath><realpath><![CDATA[http://www.xiachufang.com/recipe/102803732/]]></realpath><theme>food_detail_page</theme><middle>规则_2</middle><createdate>2019-5-14 12:49:54</createdate><pageno>0</pageno><actionno></actionno><actionvalue></actionvalue><prestamp>DSEngine-+--+-0</prestamp><currentstamp>DSEngine-+-ds_browser_top-+-1557809394111</currentstamp><timestamp>1557809394111</timestamp><baseURI><bucketBaseURI><bucketName>page_detail</bucketName><uri><![CDATA[http://www.xiachufang.com/recipe/102803732/]]></uri></bucketBaseURI></baseURI><customInfo><![CDATA[]]></customInfo><dsName>DSEngine</dsName><dsThread>datascraper_top</dsThread><version>80700</version>
<page_detail><item><foodname>
      照烧黄金豆腐
    </foodname><score>8.3</score><heat>127</heat><author>千寻树</author><materials><item><mate>
                  

    豆腐

                </mate><quantity>
                    2块
                </quantity></item><item><mate>
                  

    生抽

                </mate><quantity>
                    4勺
                </quantity></item><item><mate>
                  

    蜂蜜

                </mate><quantity>
                    2勺
                </quantity></item><item><mate>
                  

    蚝油

                </mate><quantity>
                    1勺
                </quantity></item><item><mate>
                  

    清水

                </mate><quantity>
                    4勺
                </quantity></item></materials><steps>
            
            
              豆腐两块洗净，北豆腐或南豆腐都行，相对来说北豆腐好用点。南豆腐用石膏作为凝固剂，而北豆腐用盐卤作为凝固剂。南豆腐相对水分多一些，所以适合做汤，而北豆腐，也就是常说的老豆腐，因为水分含量不高，更适合煎、炒、煮、炸。这里用的是北豆腐。
              
            
            
            
              豆腐切成4×5cm大小，厚度约8mm的方块，切的稍微厚点是让豆腐不会被煎太硬，达到一种外脆里软的口感。
              
            
            
            
              锅中放一层油，放入切好的豆腐块中火煎制。
              
            
            
            
              煎的过程中翻翻面，看是不是煎到了火候
              
            
            
            
              一直煎到表面金黄就好，煎豆腐的时候没顾上拿相机，用手机拍的颜色稍微有点偏差，应该是金黄色的才对。
              
            
            
            
              豆腐比较多，一次没有煎完，又煎了一小锅，这次用相机拍的，正确的白平衡下豆腐的颜色是金黄的。
              
            
            
            
              豆腐煎好后，调照烧汁，生抽4勺、蜂蜜2勺、蚝油1勺、清水4勺。可以尝尝口味，口味重的可以再加一勺蜂蜜，根据自己食材的多少按照这个比例调制就行。
              
            
            
            
              锅内放一点油，把几片葱爆香后捞出。
              
            
            
            
              倒入调好的照烧汁。
              
            
            
            
              开大火烧开。
              
            
            
            
              转小火熬制，到稍微有点浓关火，家常基础版的照烧汁就做好了。做照烧鸡肉等肉类的时候，照烧汁熬到比较浓郁状态和肉类的口感比较搭配。今天做的是照烧豆腐，是一道素菜，照烧汁就没有熬那么浓，而是用水淀粉勾了一点薄芡，让豆腐吃起来不那么齁。
              
            
            
            
              倒入豆腐翻匀就可以出锅了。
              
            
            
            
              盛盘撒葱碎做装饰。
              
            
            
            
              成品图。
              
            
            
            
              成品细节图。
              
            
          </steps><tips>
          1.照烧汁应该是由酱油、日本清酒以及砂糖按照1：1：1的比例混合熬制而成，一般会再根据各人口味的不同有所变动，总体来说，照烧汁的基础是酱油，口感应该偏甜。2.清酒不常备，可以用味淋代替，甚至味淋也没有，那就不放了。3.各个国家都有照烧汁，和日本本土的照烧汁味道也有差别，因此照烧汁没有正宗不正宗之说，完全可以根据自己口味进行调整，达到了自己喜欢的口味就好。用家常的调味料也能基本还原基础照烧味道，如下。3.【家常基础版照烧汁】调制：生抽4勺、蜂蜜2勺、蚝油1勺、清水4勺。可以尝尝口味，口味重的可以再加一勺蜂蜜，根据自己食材的多少按照这个比例调制就行。调好的汁混合均匀，放入锅内大火烧开转小火熬一下，到稍微有点浓关火，家常基础版的照烧汁就做好了。
        </tips><tags>
        家常菜
        下饭菜
        快手菜
        素菜
        下酒菜
        宴客
        煎
        创意菜
        外貌协会
        小清新
        年夜饭
        减肥
        日式
        情人节
        儿童
        红烧
      </tags></item></page_detail></extraction>