<?xml version="1.0" encoding="UTF-8"?><extraction><clueid>99352656</clueid><fullpath><![CDATA[http://www.xiachufang.com/recipe/100021012/]]></fullpath><realpath><![CDATA[http://www.xiachufang.com/recipe/100021012/]]></realpath><theme>food_detail_page</theme><middle>规则_2</middle><createdate>2019-5-13 23:49:13</createdate><pageno>0</pageno><actionno></actionno><actionvalue></actionvalue><prestamp>DSEngine-+--+-0</prestamp><currentstamp>DSEngine-+-ds_browser_top-+-1557762553305</currentstamp><timestamp>1557762553305</timestamp><baseURI><bucketBaseURI><bucketName>page_detail</bucketName><uri><![CDATA[http://www.xiachufang.com/recipe/100021012/]]></uri></bucketBaseURI></baseURI><customInfo><![CDATA[]]></customInfo><dsName>DSEngine</dsName><dsThread>datascraper_top</dsThread><version>80700</version>
<page_detail><item><foodname>
      朴素的土豆片
      </foodname><score>7.7</score><heat>1631</heat><author>宅蘑菇Moku</author><materials><item><mate>
                  

    土豆

                </mate><quantity>
                </quantity></item><item><mate>
                  

    油

                </mate><quantity>
                </quantity></item><item><mate>
                  

    盐

                </mate><quantity>
                </quantity></item><item><mate>
                  

    生抽

                </mate><quantity>
                </quantity></item><item><mate>
                  

    糖

                </mate><quantity>
                </quantity></item><item><mate>
                  

    水

                </mate><quantity>
                </quantity></item></materials><steps>
            
            
              土豆去皮，切片，然后用清水冲洗一下
            
            
            
              炒锅大火烧热之后下油，趁油还没烧热把土豆片放下去快速翻炒，让每一片上都裹上油
            
            
            
              依个人口味烹入盐、生抽，可以放少许糖提味儿
            
            
            
              不断翻炒土豆
            
            
            
              土豆快要熟的时候加入少许水，盖上锅盖中小火稍微闷一下，土豆片口感会比较软绵
            
            
            
              出锅装盘
            
            
            
              这盘放了一点孜然，和红椒粉上色，不加这两样也照样好吃！
              
            
          </steps><tips>
          1、土豆切片之后最好清水清洗或者浸泡，去除表面多余淀粉以免粘锅糊锅
2、如果要放孜然，在开始下了土豆之后就可以放了，孜然越炒越香。
3、如果要放红椒粉，出锅之前放一些迅速翻一翻就可以了，红椒粉不适合长时间加热，香味会流失
4、加水步骤也可省略，我喜欢吃软烂些的土豆所以加了这一步
5、最后也可以加点水淀粉勾芡，留些汤汁拌饭超级香！
        </tips><tags>
        家常菜
        快手菜
        素菜
      </tags></item></page_detail></extraction>