<?xml version="1.0" encoding="UTF-8"?><extraction><clueid>99352456</clueid><fullpath><![CDATA[http://www.xiachufang.com/recipe/1078924/]]></fullpath><realpath><![CDATA[http://www.xiachufang.com/recipe/1078924/]]></realpath><theme>food_detail_page</theme><middle>规则_2</middle><createdate>2019-5-13 22:59:43</createdate><pageno>0</pageno><actionno></actionno><actionvalue></actionvalue><prestamp>DSEngine-+--+-0</prestamp><currentstamp>DSEngine-+-ds_browser_top-+-1557759583273</currentstamp><timestamp>1557759583273</timestamp><baseURI><bucketBaseURI><bucketName>page_detail</bucketName><uri><![CDATA[http://www.xiachufang.com/recipe/1078924/]]></uri></bucketBaseURI></baseURI><customInfo><![CDATA[]]></customInfo><dsName>DSEngine</dsName><dsThread>datascraper_top</dsThread><version>80700</version>
<page_detail><item><foodname>
      油炸茄盒
      </foodname><score>7.8</score><heat>2520</heat><author>鸡蛋花蒋蒋鸡蛋花</author><materials><item><mate>
                  

    茄子

                </mate><quantity>
                    1个
                </quantity></item><item><mate>
                  

    牛肉（可以猪肉代替）

                </mate><quantity>
                    250g
                </quantity></item><item><mate>
                  

    鸡蛋

                </mate><quantity>
                    1个
                </quantity></item><item><mate>
                  

    葱

                </mate><quantity>
                    少许
                </quantity></item><item><mate>
                  

    盐

                </mate><quantity>
                    少许
                </quantity></item><item><mate>
                  

    料酒

                </mate><quantity>
                    少许
                </quantity></item><item><mate>
                  

    淀粉（腌肉）

                </mate><quantity>
                    少许
                </quantity></item><item><mate>
                  

    面粉（裹茄盒）

                </mate><quantity>
                    少许
                </quantity></item><item><mate>
                  

    生抽

                </mate><quantity>
                    少许
                </quantity></item><item><mate>
                  

    五香粉

                </mate><quantity>
                    少许
                </quantity></item><item><mate>
                  

    胡椒粉

                </mate><quantity>
                    少许
                </quantity></item></materials><steps>
            
            
              牛肉剁碎成肉末，加葱末，盐，五香粉，生抽，料酒，淀粉，胡椒粉腌制半小时
              
            
            
            
              茄子洗干净切片，一片切一个多指头那么粗，拿起一片把中间切开，但是不要切断哦，一会夹肉馅
              
            
            
            
              茄子夹肉馅，面粉加水调成糊糊，要稠一点，鸡蛋打成鸡蛋液。可以在面粉糊里面加一点点盐
              
            
            
            
              油加热到7分热，可以滴一滴水进去，兹兹响的时候就可以了，转小火油炸
              
            
            
            
              茄子裹鸡蛋液，面糊下油锅油炸，小火炸到茄子表面的面糊都脆了就翻面，炸到金黄色捞出来
              
            
            
            
              所有的茄盒再下油锅大火再炸一次油炸完的油过滤后可以继续炒菜不浪费吃不完可以冷冻起来，之前冷冻了很久煮面的时候放进去了还是很好吃，不过因为茄子是蔬菜还是建议尽快食用！
              
            
          </steps><tips>
          第一次小火，第二次大火~ 第一次小火为了炸透彻了...
        </tips><tags>
        家常菜
      </tags></item></page_detail></extraction>