<?xml version="1.0" encoding="UTF-8"?><extraction><clueid>99352714</clueid><fullpath><![CDATA[http://www.xiachufang.com/recipe/100119859/]]></fullpath><realpath><![CDATA[http://www.xiachufang.com/recipe/100119859/]]></realpath><theme>food_detail_page</theme><middle>规则_2</middle><createdate>2019-5-13 23:59:34</createdate><pageno>0</pageno><actionno></actionno><actionvalue></actionvalue><prestamp>DSEngine-+--+-0</prestamp><currentstamp>DSEngine-+-ds_browser_top-+-1557763174568</currentstamp><timestamp>1557763174568</timestamp><baseURI><bucketBaseURI><bucketName>page_detail</bucketName><uri><![CDATA[http://www.xiachufang.com/recipe/100119859/]]></uri></bucketBaseURI></baseURI><customInfo><![CDATA[]]></customInfo><dsName>DSEngine</dsName><dsThread>datascraper_top</dsThread><version>80700</version>
<page_detail><item><foodname>
      大盘鸡
      </foodname><score>8.3</score><heat>1183</heat><author>qy清漪</author><materials><item><mate>
                  

    鸡

                </mate><quantity>
                    
                </quantity></item><item><mate>
                  

    大葱

                </mate><quantity>
                    
                </quantity></item><item><mate>
                  

    青椒

                </mate><quantity>
                    
                </quantity></item><item><mate>
                  

    干辣椒

                </mate><quantity>
                    
                </quantity></item><item><mate>
                  

    八角、大料

                </mate><quantity>
                    
                </quantity></item><item><mate>
                  

    小米辣

                </mate><quantity>
                    
                </quantity></item><item><mate>
                  

    土豆

                </mate><quantity>
                    
                </quantity></item><item><mate>
                  

    醋、盐、味精、白糖、食用油、花椒

                </mate><quantity>
                    
                </quantity></item><item><mate>
                  

    老姜

                </mate><quantity>
                    
                </quantity></item><item><mate>
                  

    蒜

                </mate><quantity>
                    
                </quantity></item><item><mate>
                  

    啤酒

                </mate><quantity>
                    一瓶
                </quantity></item><item><mate>
                  

    豆瓣酱

                </mate><quantity>
                    
                </quantity></item></materials><steps>
            
            
              准备好所有的食材，根据鸡肉的分量，其余配料适量
            
            
            
              鸡肉切块，大葱、青椒、小米辣切节。老姜，蒜切片。
            
            
            
              土豆切大拇指节那么大的块。（鸡肉下锅以后要干水份，缩水，所以土豆块就和缩水后的鸡块差不多大）
            
            
            
              鸡肉下锅煮掉血水，捞起沥水。
            
            
            
              锅内下油，油温烧到一定程度，不要太过高，放糖，小火熬化白糖。
            
            
            
              油锅里加入花椒，把花椒煎香，然后鸡肉下锅翻炒上色，上色后，加入老姜和蒜片翻炒，再加入小米辣呛香。最后加入适量豆瓣酱、加入适量醋和盐。
            
            
            
              翻炒一会儿，倒入啤酒，加八角大料，干辣椒，下土豆。啤酒要淹过鸡肉和土豆。
            
            
            
              用盖子盖上用中小火焖10分钟左右，过程中不要翻炒。切记火不要太大，不然容易糊锅。
            
            
            
              揭开盖子，见水收得差不多以后，翻炒一下，注意不要大力翻炒，这里土豆煮融了，大力翻炒容易把土豆翻烂。
            
            
            
              加入青椒和大葱，翻炒下，千万不要让大葱和青椒炒太融、
            
            
            
              最后关火后放适量味精或鸡精。起锅，一盘美味的大盘鸡呈现眼前。
            
          </steps><tips>
          最重要的就是注意土豆下过以后 容易糊锅，翻炒的过程一定要注意，糊锅了不管是面向还是口感上都要大打折扣。
        </tips><tags>
        快手菜
        大盘鸡
        秘制大盘鸡
        沙湾大盘鸡
        家庭版大盘鸡
        新疆大盘鸡
      </tags></item></page_detail></extraction>