<?xml version="1.0" encoding="UTF-8"?><extraction><clueid>99352503</clueid><fullpath><![CDATA[http://www.xiachufang.com/recipe/103770995/]]></fullpath><realpath><![CDATA[http://www.xiachufang.com/recipe/103770995/]]></realpath><theme>food_detail_page</theme><middle>规则_2</middle><createdate>2019-5-13 23:9:17</createdate><pageno>0</pageno><actionno></actionno><actionvalue></actionvalue><prestamp>DSEngine-+--+-0</prestamp><currentstamp>DSEngine-+-ds_browser_top-+-1557760157404</currentstamp><timestamp>1557760157404</timestamp><baseURI><bucketBaseURI><bucketName>page_detail</bucketName><uri><![CDATA[http://www.xiachufang.com/recipe/103770995/]]></uri></bucketBaseURI></baseURI><customInfo><![CDATA[]]></customInfo><dsName>DSEngine</dsName><dsThread>datascraper_top</dsThread><version>80700</version>
<page_detail><item><foodname>
      番茄肉酱意面（简易版）
    </foodname><score/><heat>0</heat><author>饼饼饼大厨</author><materials><item><mate>
                  

    意大利面

                </mate><quantity>
                    1份
                </quantity></item><item><mate>
                  

    肉末

                </mate><quantity>
                     50克
                </quantity></item><item><mate>
                  

    洋葱

                </mate><quantity>
                    1/4个
                </quantity></item><item><mate>
                  

    西红柿

                </mate><quantity>
                    1个
                </quantity></item><item><mate>
                  

    盐

                </mate><quantity>
                    若干克
                </quantity></item><item><mate>
                  

    番茄酱

                </mate><quantity>
                    2勺
                </quantity></item></materials><steps>
            
            
              热水烧开后加点盐，然后放入意面煮；大概12-15分钟的样子（加盐这一步可以让意面烂的更快~）
              
            
            
            
              在煮意面的时候准备食材:1.（在切肉末前勺一勺开水焯一下肉，我感觉这样肉更干净）切肉末，加点盐和料酒和酱油腌制  2.切西红柿 3.切洋葱（别哭~）
              
            
            
            
              热锅放入橄榄油，然后放肉丁炒到快熟，加入洋葱、西红柿，翻炒；
              
            
            
            
              加点水，然后加入意大利酱/番茄酱，大概这么多，加盐，试一下味道，调节盐和番茄酱和水的比例；
              
            
            
            
              肉酱差不多了倒入意面，翻炒一下就可以出锅了～
              
            
            
            
              撒点黑胡椒，然后出锅~
              
            
          </steps><tips>
          1.我用的是猪肉，可以用牛肉就更好了2.我意面煮多了，一个人吃不完，大家注意分量，不要浪费~
        </tips><tags>
        快手菜
        面
      </tags></item></page_detail></extraction>