<?xml version="1.0" encoding="UTF-8"?><extraction><clueid>99353600</clueid><fullpath><![CDATA[http://www.xiachufang.com/recipe/103696262/]]></fullpath><realpath><![CDATA[http://www.xiachufang.com/recipe/103696262/]]></realpath><theme>food_detail_page</theme><middle>规则_2</middle><createdate>2019-5-14 15:57:44</createdate><pageno>0</pageno><actionno></actionno><actionvalue></actionvalue><prestamp>DSEngine-+--+-0</prestamp><currentstamp>DSEngine-+-ds_browser_top-+-1557820664017</currentstamp><timestamp>1557820664017</timestamp><baseURI><bucketBaseURI><bucketName>page_detail</bucketName><uri><![CDATA[http://www.xiachufang.com/recipe/103696262/]]></uri></bucketBaseURI></baseURI><customInfo><![CDATA[]]></customInfo><dsName>DSEngine</dsName><dsThread>datascraper_top</dsThread><version>80700</version>
<page_detail><item><foodname>
      清热下火的柠檬膏-小美版
    </foodname><score/><heat>0</heat><author>爱美食爱生活的vivienne</author><materials><item><mate>
                  

    柠檬

                </mate><quantity>
                    2只
                </quantity></item><item><mate>
                  

    冰糖

                </mate><quantity>
                    400g
                </quantity></item></materials><steps>
            
            
              新西兰土壤不知道是不是特别适合种柠檬，每到柠檬丰收的季节，柠檬树上就挂满了一大颗一大颗的柠檬。所以用起来这款这件的配方吧。冰糖直接用的黄冰糖，一袋刚好400g，就全部使用啦。
              
            
            
            
              冰糖倒入主锅，turbo键2秒2次。直接成冰糖粉。偶尔有大粒的也没关系，后面熬制的时候会化掉的。
              
            
            
            
              倒入切好的柠檬，25分钟/120度/反转速度1.
              
            
            
            
              工作中的小美。香味飘满屋，妈妈一直在旁边说，这个味道太好闻了···········
              
            
            
            
              等温度将至50度，装罐。没有凉下来的柠檬膏感觉会是比较稠的液体，完全冷却后会凝固成膏。
              
            
          </steps><tips>
          1. 洗柠檬的时候，可以在柠檬皮表面撒盐，进行搓洗，会洗的更干净。2. 如果没有小美，可以用不锈钢锅来做，但是主要需要不停搅拌以免糊锅，最好用没有涂层的。
        </tips><tags/></item></page_detail></extraction>