<?xml version="1.0" encoding="UTF-8"?><extraction><clueid>99353629</clueid><fullpath><![CDATA[http://www.xiachufang.com/recipe/103430213/]]></fullpath><realpath><![CDATA[http://www.xiachufang.com/recipe/103430213/]]></realpath><theme>food_detail_page</theme><middle>规则_2</middle><createdate>2019-5-14 16:2:1</createdate><pageno>0</pageno><actionno></actionno><actionvalue></actionvalue><prestamp>DSEngine-+--+-0</prestamp><currentstamp>DSEngine-+-ds_browser_top-+-1557820921382</currentstamp><timestamp>1557820921382</timestamp><baseURI><bucketBaseURI><bucketName>page_detail</bucketName><uri><![CDATA[http://www.xiachufang.com/recipe/103430213/]]></uri></bucketBaseURI></baseURI><customInfo><![CDATA[]]></customInfo><dsName>DSEngine</dsName><dsThread>datascraper_top</dsThread><version>80700</version>
<page_detail><item><foodname>
      清热解毒龟汤
      </foodname><score/><heat>0</heat><author>顺德厨娘</author><materials><item><mate>
                  

    龟肉

                </mate><quantity>
                    一只肶
                </quantity></item><item><mate>
                  

    龙骨

                </mate><quantity>
                    适量
                </quantity></item><item><mate>
                  

    鸡脚

                </mate><quantity>
                    一只
                </quantity></item><item><mate>
                  

    土茯苓

                </mate><quantity>
                    5克
                </quantity></item><item><mate>
                  

    山药

                </mate><quantity>
                    1片
                </quantity></item><item><mate>
                  

    薏苡仁

                </mate><quantity>
                    适量
                </quantity></item><item><mate>
                  

    生姜

                </mate><quantity>
                    一片
                </quantity></item></materials><steps>
            
            
              所有材料放入炖盅
              
            
            
            
              龟肉、龙骨、鸡脚要非水
              
            
            
            
              放水，带点盐炖出来味好点
              
            
            
            
              炖2小时
              
            
            
            
              打包
              
            
          </steps><tips>
          薏苡仁不要放太多，多会吸水，没汤饮
        </tips><tags/></item></page_detail></extraction>