<?xml version="1.0" encoding="UTF-8"?><extraction><clueid>99353194</clueid><fullpath><![CDATA[http://www.xiachufang.com/recipe/1011203/]]></fullpath><realpath><![CDATA[http://www.xiachufang.com/recipe/1011203/]]></realpath><theme>food_detail_page</theme><middle>规则_2</middle><createdate>2019-5-14 14:49:6</createdate><pageno>0</pageno><actionno></actionno><actionvalue></actionvalue><prestamp>DSEngine-+--+-0</prestamp><currentstamp>DSEngine-+-ds_browser_top-+-1557816546486</currentstamp><timestamp>1557816546486</timestamp><baseURI><bucketBaseURI><bucketName>page_detail</bucketName><uri><![CDATA[http://www.xiachufang.com/recipe/1011203/]]></uri></bucketBaseURI></baseURI><customInfo><![CDATA[]]></customInfo><dsName>DSEngine</dsName><dsThread>datascraper_top</dsThread><version>80700</version>
<page_detail><item><foodname>
      海参瑶柱竹荪汤
      </foodname><score/><heat>21</heat><author>小羽私厨</author><materials><item><mate>
                  

    海参

                </mate><quantity>
                </quantity></item><item><mate>
                  

    瑶柱

                </mate><quantity>
                </quantity></item><item><mate>
                  

    竹荪

                </mate><quantity>
                </quantity></item><item><mate>
                  

    盐

                </mate><quantity>
                </quantity></item></materials><steps>
            
            
              海参泡发
            
            
            
              瑶柱、竹荪洗净后泡水半小时左右
            
            
            
              水烧开，先下瑶柱，转小火煮15-20分钟。
            
            
            
              下海参和竹荪，转大火。
            
            
            
              5分钟左右，海参和竹荪即熟。
            
            
            
              关火，加盐调味，盛出可吃。
            
          </steps><tips>
          瑶柱，也就是干贝，已有咸味，加盐是要注意，别放多了。
        </tips><tags>
        全部菜单
      </tags></item></page_detail></extraction>