<?xml version="1.0" encoding="UTF-8"?><extraction><clueid>99352273</clueid><fullpath><![CDATA[http://www.xiachufang.com/recipe/1060023/]]></fullpath><realpath><![CDATA[http://www.xiachufang.com/recipe/1060023/]]></realpath><theme>food_detail_page</theme><middle>规则_2</middle><createdate>2019-5-13 22:5:26</createdate><pageno>0</pageno><actionno></actionno><actionvalue></actionvalue><prestamp>DSEngine-+--+-0</prestamp><currentstamp>DSEngine-+-ds_browser_top-+-1557756326690</currentstamp><timestamp>1557756326690</timestamp><baseURI><bucketBaseURI><bucketName>page_detail</bucketName><uri><![CDATA[http://www.xiachufang.com/recipe/1060023/]]></uri></bucketBaseURI></baseURI><customInfo><![CDATA[]]></customInfo><dsName>DSEngine</dsName><dsThread>datascraper_top</dsThread><version>80700</version>
<page_detail><item><foodname>
      青椒肉丝
    </foodname><score>7.9</score><heat>7138</heat><author>小辞xiaoci</author><materials><item><mate>
                  

    大青椒

                </mate><quantity>
                    4根
                </quantity></item><item><mate>
                  

    猪里脊肉

                </mate><quantity>
                    200g
                </quantity></item><item><mate>
                  

    姜

                </mate><quantity>
                    一小块
                </quantity></item><item><mate>
                  

    蒜

                </mate><quantity>
                    2瓣
                </quantity></item><item><mate>
                  

    料酒

                </mate><quantity>
                    5g
                </quantity></item><item><mate>
                  

    生抽

                </mate><quantity>
                    5g
                </quantity></item><item><mate>
                  

    老抽

                </mate><quantity>
                    10g
                </quantity></item><item><mate>
                  

    干淀粉

                </mate><quantity>
                    5g
                </quantity></item><item><mate>
                  

    清水

                </mate><quantity>
                    15g
                </quantity></item><item><mate>
                  

    麻油

                </mate><quantity>
                    5g
                </quantity></item><item><mate>
                  

    盐

                </mate><quantity>
                    3g
                </quantity></item><item><mate>
                  

    糖

                </mate><quantity>
                    6g
                </quantity></item><item><mate>
                  

    水淀粉

                </mate><quantity>
                    适量
                </quantity></item></materials><steps>
            
            
              大青椒横向剖开，去除里面的芯后，切成丝，里脊肉顺纹理切成丝
              
            
            
            
              把切好的肉丝放入碗内加老抽、生抽、糖（总用量的一半）、料酒用手抓匀后腌15分钟
            
            
            
              在肉里加入一汤匙清水，抓到肉丝吃进所有水份时，再加干淀粉抓匀
            
            
            
              炒锅里加少量油，油热后下青椒丝煸炒到微软时，出锅备用
            
            
            
              再次烧热锅，倒入少量油，油热后下姜蒜片爆香，倒入肉丝快速炒散（要大火快炒，肉丝才嫩，火小了肉丝会老）
            
            
            
              肉丝炒到约八成熟时，下炒过的青椒丝同炒匀
            
            
            
              调入盐与糖（剩下的一半）炒匀后，再淋入水淀粉勾薄芡，炒匀即可出锅
            
          </steps><tips>
          **肉冷冻至半硬状态时，最容易切出美观的肉丝。

**肉丝先加各种调味料抓匀入味后，再加水，用手将水份全部抓进肉里后拌上淀粉，此做法是为了先让肉丝入味；加水是为了让肉丝更水嫩；再拌上淀粉，让肉里的水份整个被包裹住，炒的时候肉丝才会嫩。这是香港一位大厨教的小妙招，最后要拌一些沙拉油和麻油在肉里，是为了让肉丝在炒的时候，更容易分开，不粘连。

**为啥拌肉的时候我一直强调用手抓，因为如果用筷子，只能将各种调料拌匀，但不能帮助调味料渗透进肉的组织里，用手抓就可以达到这个目的，肉丝才会更加入味。
        </tips><tags>
        家常菜
        青椒肉丝
        肉丝青椒
        青椒牛肉丝
        青椒干子肉丝
        青椒香干炒肉丝
      </tags></item></page_detail></extraction>