<?xml version="1.0" encoding="UTF-8"?><extraction><clueid>99353852</clueid><fullpath><![CDATA[http://www.xiachufang.com/recipe/167740/]]></fullpath><realpath><![CDATA[http://www.xiachufang.com/recipe/167740/]]></realpath><theme>food_detail_page</theme><middle>规则_2</middle><createdate>2019-5-14 19:35:27</createdate><pageno>0</pageno><actionno></actionno><actionvalue></actionvalue><prestamp>DSEngine-+--+-0</prestamp><currentstamp>DSEngine-+-ds_browser_top-+-1557833727463</currentstamp><timestamp>1557833727463</timestamp><baseURI><bucketBaseURI><bucketName>page_detail</bucketName><uri><![CDATA[http://www.xiachufang.com/recipe/167740/]]></uri></bucketBaseURI></baseURI><customInfo><![CDATA[]]></customInfo><dsName>DSEngine</dsName><dsThread>datascraper_top</dsThread><version>80700</version>
<page_detail><item><foodname>
      红酒洋葱饮
    </foodname><score/><heat>27</heat><author>陈丽潭</author><materials><item><mate>
                  

    洋葱

                </mate><quantity>
                    2个
                </quantity></item><item><mate>
                  

    红酒

                </mate><quantity>
                    500毫升
                </quantity></item></materials><steps>
            
            
              将洋葱洗净，去掉表面茶色外皮，切成八等份约半月形
            
            
            
              将洋葱装入玻璃瓶内，加入红酒，(将剥下来的外皮也一起加入效果更好，因为洋葱皮里含有橡精可以起到减肥的效果，这我在以前的文章里讲过)
            
            
            
              将玻璃瓶盖好密封，在阴凉地方放置约2至8日。(我觉得一星期最好)
            
            
            
              将玻璃瓶的洋葱片，用滤网过滤后，洋葱、酒分开装入瓶中，放置在冰箱中冷藏
            
          </steps><tips/><tags>
        老人
      </tags></item></page_detail></extraction>