<?xml version="1.0" encoding="UTF-8"?><extraction><clueid>99352733</clueid><fullpath><![CDATA[http://www.xiachufang.com/recipe/103806363/]]></fullpath><realpath><![CDATA[http://www.xiachufang.com/recipe/103806363/]]></realpath><theme>food_detail_page</theme><middle>规则_2</middle><createdate>2019-5-14 0:26:40</createdate><pageno>0</pageno><actionno></actionno><actionvalue></actionvalue><prestamp>DSEngine-+--+-0</prestamp><currentstamp>DSEngine-+-ds_browser_top-+-1557764800832</currentstamp><timestamp>1557764800832</timestamp><baseURI><bucketBaseURI><bucketName>page_detail</bucketName><uri><![CDATA[http://www.xiachufang.com/recipe/103806363/]]></uri></bucketBaseURI></baseURI><customInfo><![CDATA[]]></customInfo><dsName>DSEngine</dsName><dsThread>datascraper_top</dsThread><version>80700</version>
<page_detail><item><foodname>
      减脂餐|高颜值减脂越南春卷
    </foodname><score/><heat>0</heat><author>爱-落落</author><materials><item><mate>
                  

    蔬菜

                </mate><quantity>
                    若干
                </quantity></item><item><mate>
                  

    越南春卷

                </mate><quantity>
                    4片
                </quantity></item><item><mate>
                  

    西蓝花

                </mate><quantity>
                    0.5朵
                </quantity></item><item><mate>
                  

    绝味素菜

                </mate><quantity>
                    1份儿
                </quantity></item></materials><steps>
            
            
              西蓝花煮熟，绝味素菜一丢丢即可，因为自己也想吃点有味道的东西，所以带了点辣味的素菜
              
            
            
            
              主食：越南春卷
              
            
            
            
              越南春卷饼皮网上买的，一包里面很多，做法很简单：把自己喜欢的配菜切成丝，如黄瓜，胡萝卜，火腿，紫甘蓝，虾仁，肉丝，青豆，玉米等等，都可以，只要是自己想吃的都行，饼皮热水烫5秒钟，拿出来，卷上自己喜欢的青菜即可。
              
            
            
            
              越南春卷一般情况下都是沾料吃，由于中午带，所以只是放了黑胡椒借味，大家在家里面做还是弄这沾料最好，或者成品的那种甜辣酱西红柿酱都可以。
              
            
            
            
              减脂餐简单，好看，自己做了四个中午就吃的好饱
              
            
          </steps><tips>
          春卷皮一定不能烫时间长了，这样劲道，不然就软软的不好吃
        </tips><tags>
        减肥
        便当
        快手菜
        家常菜
      </tags></item></page_detail></extraction>