<?xml version="1.0" encoding="UTF-8"?><extraction><clueid>99352857</clueid><fullpath><![CDATA[http://www.xiachufang.com/recipe/100449890/]]></fullpath><realpath><![CDATA[http://www.xiachufang.com/recipe/100449890/]]></realpath><theme>food_detail_page</theme><middle>规则_2</middle><createdate>2019-5-14 10:25:13</createdate><pageno>0</pageno><actionno></actionno><actionvalue></actionvalue><prestamp>DSEngine-+--+-0</prestamp><currentstamp>DSEngine-+-ds_browser_top-+-1557800713213</currentstamp><timestamp>1557800713213</timestamp><baseURI><bucketBaseURI><bucketName>page_detail</bucketName><uri><![CDATA[http://www.xiachufang.com/recipe/100449890/]]></uri></bucketBaseURI></baseURI><customInfo><![CDATA[]]></customInfo><dsName>DSEngine</dsName><dsThread>datascraper_top</dsThread><version>80700</version>
<page_detail><item><foodname>
      老丁的私房菜-金针菇肥牛
      </foodname><score>7.7</score><heat>425</heat><author>老丁的私房菜</author><materials><item><mate>
                  

    金针菇

                </mate><quantity>
                    1份
                </quantity></item><item><mate>
                  

    肥牛片

                </mate><quantity>
                    1份
                </quantity></item><item><mate>
                  

    蚝油，生抽

                </mate><quantity>
                    少许
                </quantity></item></materials><steps>
            
            
              金针菇洗净，在烧开的水里汆烫熟捞出备用。
              
            
            
            
              肥牛片也在热水里略微汆烫熟捞出，注意肥牛略微汆烫变色即可捞出，否则就老了。
              
            
            
            
              锅烧热，倒入油，三成热放胡萝卜略微翻炒，倒入金针菇略微翻炒。
              
            
            
            
              金针菇里加入蚝油，少许生抽
              
            
            
            
              倒入肥牛，翻炒匀，根据口味加入适量盐调味，出锅即可。由于肥牛汆烫过得，所以翻炒时间不宜过长。
              
            
          </steps><tips/><tags>
        家常菜
        快手菜
        减肥
        创意菜
        宴客
        下饭菜
        深夜食堂
      </tags></item></page_detail></extraction>