<?xml version="1.0" encoding="UTF-8"?><extraction><clueid>99353131</clueid><fullpath><![CDATA[http://www.xiachufang.com/recipe/102758644/]]></fullpath><realpath><![CDATA[http://www.xiachufang.com/recipe/102758644/]]></realpath><theme>food_detail_page</theme><middle>规则_2</middle><createdate>2019-5-14 13:31:24</createdate><pageno>0</pageno><actionno></actionno><actionvalue></actionvalue><prestamp>DSEngine-+--+-0</prestamp><currentstamp>DSEngine-+-ds_browser_top-+-1557811884147</currentstamp><timestamp>1557811884147</timestamp><baseURI><bucketBaseURI><bucketName>page_detail</bucketName><uri><![CDATA[http://www.xiachufang.com/recipe/102758644/]]></uri></bucketBaseURI></baseURI><customInfo><![CDATA[]]></customInfo><dsName>DSEngine</dsName><dsThread>datascraper_top</dsThread><version>80700</version>
<page_detail><item><foodname>
      【小森妈妈菜谱】养颜银耳羹
      </foodname><score>9.0</score><heat>76</heat><author>小森的妈妈</author><materials><item><mate>
                  

    银耳

                </mate><quantity>
                    一朵
                </quantity></item><item><mate>
                  

    红枣

                </mate><quantity>
                    适量
                </quantity></item><item><mate>
                  

    莲子

                </mate><quantity>
                    适量
                </quantity></item><item><mate>
                  

    桂圆

                </mate><quantity>
                    适量
                </quantity></item><item><mate>
                  

    百合

                </mate><quantity>
                    适量
                </quantity></item><item><mate>
                  

    冰糖

                </mate><quantity>
                    适量
                </quantity></item></materials><steps>
            
            
              将莲子、百合用温水浸泡十分钟。
              
            
            
            
              清洗银耳，去蒂，我这次用的是鲜银耳。
              
            
            
            
              将清洗好的银耳冷水放入锅内炖煮。
              
            
            
            
              开始处理红枣，切成小块~
              
            
            
            
              莲子去芯。
              
            
            
            
              银耳君默默地炖了15分钟~
              
            
            
            
              处理好的红枣和莲子、桂圆一起放入锅内。
              
            
            
            
              加入润肺的百合。
              
            
            
            
              再煮30分钟左右即可熄火。
              
            
            
            
              加入适量的冰糖调味。
              
            
            
            
              浓稠的养颜羹，出锅~煮好的养颜羹放入冰箱冷藏后口感更佳噢。
              
            
          </steps><tips>
          1、烹调的时候最好用瓷煲或砂锅。也可以用不锈钢的锅或是无毒铝锅。尽量不要用铁锅，以免铁离子与其中的成分发生化学反应影响疗效，甚至可能还会变黑。2、去掉的莲子芯也是宝贝，拿来泡水喝可以清热降火。_______________________________________________如果不懂可以加我微信，我可以分享和教导。微信：xiaosendemama1
        </tips><tags>
        快手菜
      </tags></item></page_detail></extraction>