<?xml version="1.0" encoding="UTF-8"?><extraction><clueid>99353889</clueid><fullpath><![CDATA[http://www.xiachufang.com/recipe/225316/]]></fullpath><realpath><![CDATA[http://www.xiachufang.com/recipe/225316/]]></realpath><theme>food_detail_page</theme><middle>规则_2</middle><createdate>2019-5-14 19:55:59</createdate><pageno>0</pageno><actionno></actionno><actionvalue></actionvalue><prestamp>DSEngine-+--+-0</prestamp><currentstamp>DSEngine-+-ds_browser_top-+-1557834959518</currentstamp><timestamp>1557834959518</timestamp><baseURI><bucketBaseURI><bucketName>page_detail</bucketName><uri><![CDATA[http://www.xiachufang.com/recipe/225316/]]></uri></bucketBaseURI></baseURI><customInfo><![CDATA[]]></customInfo><dsName>DSEngine</dsName><dsThread>datascraper_top</dsThread><version>80700</version>
<page_detail><item><foodname>
      米酒山楂雪梨羹
    </foodname><score/><heat>9</heat><author>玉池桃红</author><materials><item><mate>
                  

    山楂糕

                </mate><quantity>
                    一块
                </quantity></item><item><mate>
                  

    米酒

                </mate><quantity>
                    一袋，约500克
                </quantity></item><item><mate>
                  

    雪梨

                </mate><quantity>
                    一个
                </quantity></item><item><mate>
                  

    冰糖

                </mate><quantity>
                    适量
                </quantity></item><item><mate>
                  

    水淀粉

                </mate><quantity>
                    
                </quantity></item></materials><steps>
            
            
              米酒加适量水煮开
              
            
            
            
              雪梨削皮切小丁
              
            
            
            
              山楂糕切小丁
              
            
            
            
              米酒煮开后加入雪梨丁煮开，然后加入冰糖，冰糖融化后加入水淀粉
              
            
            
            
              加入山楂丁即可关火
              
            
          </steps><tips/><tags>
        饮品
        减肥
      </tags></item></page_detail></extraction>