<?xml version="1.0" encoding="UTF-8"?><extraction><clueid>99352541</clueid><fullpath><![CDATA[http://www.xiachufang.com/recipe/102210286/]]></fullpath><realpath><![CDATA[http://www.xiachufang.com/recipe/102210286/]]></realpath><theme>food_detail_page</theme><middle>规则_2</middle><createdate>2019-5-13 23:14:6</createdate><pageno>0</pageno><actionno></actionno><actionvalue></actionvalue><prestamp>DSEngine-+--+-0</prestamp><currentstamp>DSEngine-+-ds_browser_top-+-1557760446801</currentstamp><timestamp>1557760446801</timestamp><baseURI><bucketBaseURI><bucketName>page_detail</bucketName><uri><![CDATA[http://www.xiachufang.com/recipe/102210286/]]></uri></bucketBaseURI></baseURI><customInfo><![CDATA[]]></customInfo><dsName>DSEngine</dsName><dsThread>datascraper_top</dsThread><version>80700</version>
<page_detail><item><foodname>
      松饼/pancake
    </foodname><score>8.2</score><heat>5103</heat><author>曼小曼__</author><materials><item><mate>
                  

    鸡蛋

                </mate><quantity>
                    2个
                </quantity></item><item><mate>
                  

    砂糖

                </mate><quantity>
                    35g
                </quantity></item><item><mate>
                  

    牛奶

                </mate><quantity>
                    120g
                </quantity></item><item><mate>
                  

    低筋面粉

                </mate><quantity>
                    120g
                </quantity></item><item><mate>
                  

    黄油

                </mate><quantity>
                    10g
                </quantity></item><item><mate>
                  

    盐

                </mate><quantity>
                    1g
                </quantity></item></materials><steps>
            
            
              分离蛋黄与蛋清
              
            
            
            
              蛋黄加入25g细砂糖搅拌均匀
              
            
            
            
              继续加入牛奶搅拌均匀
              
            
            
            
              加入低筋面粉用Z字型搅拌，使面糊顺滑无颗粒
              
            
            
            
              加入盐跟融化的黄油搅拌均匀
              
            
            
            
              蛋清中加入剩余的10g细砂糖 
              
            
            
            
              打发至呈小弯钩
              
            
            
            
              将1/2的蛋白霜加入至蛋黄糊中，翻拌均匀
              
            
            
            
              翻拌均匀的面糊倒回剩余的1/2蛋白霜中继续翻拌均匀
              
            
            
            
              在凉锅的时候倒面糊。在表面出现大气泡时就能翻面了
              
            
            
            
              翻面再煎十多秒就能出锅啦～
              
            
            
            
              然后就能开吃啦～
              
            
          </steps><tips>
          最最重要的一点是：上色想要均匀就必须要让锅及时降温。每煎完一个就把锅底放在湿抹布上降温再煎下一个。
        </tips><tags>
        快手菜
        早餐
        松饼
        棒棒糖松饼
        美式松饼
        英式松饼
        荷兰松饼
      </tags></item></page_detail></extraction>