<?xml version="1.0" encoding="UTF-8"?><extraction><clueid>99353005</clueid><fullpath><![CDATA[http://www.xiachufang.com/recipe/102284814/]]></fullpath><realpath><![CDATA[http://www.xiachufang.com/recipe/102284814/]]></realpath><theme>food_detail_page</theme><middle>规则_2</middle><createdate>2019-5-14 12:4:32</createdate><pageno>0</pageno><actionno></actionno><actionvalue></actionvalue><prestamp>DSEngine-+--+-0</prestamp><currentstamp>DSEngine-+-ds_browser_top-+-1557806672663</currentstamp><timestamp>1557806672663</timestamp><baseURI><bucketBaseURI><bucketName>page_detail</bucketName><uri><![CDATA[http://www.xiachufang.com/recipe/102284814/]]></uri></bucketBaseURI></baseURI><customInfo><![CDATA[]]></customInfo><dsName>DSEngine</dsName><dsThread>datascraper_top</dsThread><version>80700</version>
<page_detail><item><foodname>
      早餐苹果燕麦布丁丨健康·三餐
      </foodname><score>8.5</score><heat>361</heat><author>Sunny_Kreglo</author><materials><item><mate/><quantity>
                </quantity></item><item><mate>
                  

    熟透的皮带黑点的香蕉

                </mate><quantity>
                    中等大小2根（约连皮重357克），压成泥
                </quantity></item><item><mate>
                  

    大号鸡蛋

                </mate><quantity>
                    2枚
                </quantity></item><item><mate>
                  

    全脂牛奶（室温）

                </mate><quantity>
                    305克
                </quantity></item><item><mate/><quantity>
                </quantity></item><item><mate>
                  

    燕麦片（old-fashioned oats）

                </mate><quantity>
                    160克
                </quantity></item><item><mate>
                  

    红糖

                </mate><quantity>
                    35克
                </quantity></item><item><mate>
                  

    奇亚籽

                </mate><quantity>
                    1大勺（8克）
                </quantity></item><item><mate>
                  

    亚麻籽粉

                </mate><quantity>
                    1大勺（8克）
                </quantity></item><item><mate>
                  

    肉桂粉

                </mate><quantity>
                    1大勺（5克）
                </quantity></item><item><mate>
                  

    无铝泡打粉

                </mate><quantity>
                    1小勺
                </quantity></item><item><mate>
                  

    细的海盐

                </mate><quantity>
                    1/4小勺
                </quantity></item><item><mate>
                  

    柠檬皮屑

                </mate><quantity>
                    1个柠檬的量
                </quantity></item><item><mate>
                  

    香草粉或香草精

                </mate><quantity>
                    1/2小勺
                </quantity></item><item><mate>
                  

    葡萄干

                </mate><quantity>
                    15克
                </quantity></item><item><mate>
                  

    生或熟的核桃（切大块）

                </mate><quantity>
                    50克
                </quantity></item><item><mate/><quantity>
                </quantity></item><item><mate>
                  

    苹果

                </mate><quantity>
                    1个，去核切半厘米厚的片
                </quantity></item></materials><steps>
            
            
              烤箱预热400华氏度/205摄氏度。烤盘抹油备用。
            
            
            
              在中碗里拌匀香蕉泥、鸡蛋、牛奶，备用。
            
            
            
              在搅拌盆里，混合所有干性材料，拌匀备用。
            
            
            
              把香蕉泥混合物倒入干性材料中，拌匀即可（不同于以前的快手面包，没有过度搅拌的顾虑）。
            
            
            
              把步骤4的混合物倒入烤盘里，用刮刀抹平表面。均匀地铺上苹果片，再均匀地撒上一些红糖。（苹果上撒红糖会烤出焦糖水）如果用燕麦酥粒的话，就不用撒红糖了，把酥粒放在苹果片之间就可以。
            
            
            
              烤45分钟左右，直到烤盘边缘的燕麦变金黄，用牙签插入燕麦中心部分能干净带出。
              
            
            
            
              烤好后，连烤盘一起放烤架上放凉。趁热切块食用，不够甜的话，在表面淋些蜂蜜。或趁热，放上面一小块草饲牛黄油。剩下的切块密封冷藏保存2-3天，或冷冻保存1个月。吃时微波炉加热。冷藏后直接食用味道也不错。推荐搭配巧克力牛奶。
              
            
          </steps><tips>
          1，柠檬皮屑只要外面黄色的部分，白色部分苦。2，燕麦片用传统燕麦片和即食燕麦片都可以。
        </tips><tags>
        早餐
        布丁
        减肥
        甜品
      </tags></item></page_detail></extraction>