<?xml version="1.0" encoding="UTF-8"?><extraction><clueid>99353796</clueid><fullpath><![CDATA[http://www.xiachufang.com/recipe/1009203/]]></fullpath><realpath><![CDATA[http://www.xiachufang.com/recipe/1009203/]]></realpath><theme>food_detail_page</theme><middle>规则_2</middle><createdate>2019-5-14 18:34:19</createdate><pageno>0</pageno><actionno></actionno><actionvalue></actionvalue><prestamp>DSEngine-+--+-0</prestamp><currentstamp>DSEngine-+-ds_browser_top-+-1557830059246</currentstamp><timestamp>1557830059246</timestamp><baseURI><bucketBaseURI><bucketName>page_detail</bucketName><uri><![CDATA[http://www.xiachufang.com/recipe/1009203/]]></uri></bucketBaseURI></baseURI><customInfo><![CDATA[]]></customInfo><dsName>DSEngine</dsName><dsThread>datascraper_top</dsThread><version>80700</version>
<page_detail><item><foodname>
      紫薯雪梨糖水
    </foodname><score>7.6</score><heat>71</heat><author>rose酱</author><materials><item><mate>
                  

    紫薯

                </mate><quantity>
                    1个
                </quantity></item><item><mate>
                  

    雪梨

                </mate><quantity>
                    1个
                </quantity></item><item><mate>
                  

    冰糖

                </mate><quantity>
                    
                </quantity></item><item><mate>
                  

    玫瑰

                </mate><quantity>
                    4朵
                </quantity></item><item><mate>
                  

    枸杞

                </mate><quantity>
                    10颗
                </quantity></item></materials><steps>
            
            
              紫薯去皮切丁，雪梨切块备用
            
            
            
              约500到600ml水煮沸，放入紫薯，冰糖，玫瑰和枸杞
            
            
            
              水再次煮滚后继续煮5分钟左右加入雪梨煮5到十分钟盛出即可
            
          </steps><tips>
          很多人表示煮紫薯以后水是青绿色的，这是淀粉那啥啥啥的缘故
煮的时候要在水开了以后再放入紫薯汤就会呈紫色了～
        </tips><tags>
        甜品
        宿舍
        紫薯雪梨糖水
        雪梨糖水
        紫薯糖水
        冰糖雪梨糖水
        紫薯红豆糖水
      </tags></item></page_detail></extraction>