<?xml version="1.0" encoding="UTF-8"?><extraction><clueid>99353441</clueid><fullpath><![CDATA[http://www.xiachufang.com/recipe/100548939/]]></fullpath><realpath><![CDATA[http://www.xiachufang.com/recipe/100548939/]]></realpath><theme>food_detail_page</theme><middle>规则_2</middle><createdate>2019-5-14 15:31:57</createdate><pageno>0</pageno><actionno></actionno><actionvalue></actionvalue><prestamp>DSEngine-+--+-0</prestamp><currentstamp>DSEngine-+-ds_browser_top-+-1557819117622</currentstamp><timestamp>1557819117622</timestamp><baseURI><bucketBaseURI><bucketName>page_detail</bucketName><uri><![CDATA[http://www.xiachufang.com/recipe/100548939/]]></uri></bucketBaseURI></baseURI><customInfo><![CDATA[]]></customInfo><dsName>DSEngine</dsName><dsThread>datascraper_top</dsThread><version>80700</version>
<page_detail><item><foodname>
      冬瓜猪骨汤（清热祛湿，适合夏天的汤）
    </foodname><score/><heat>15</heat><author>wreez</author><materials><item><mate>
                  

    冬瓜

                </mate><quantity>
                    300g
                </quantity></item><item><mate>
                  

    猪骨

                </mate><quantity>
                    一根
                </quantity></item><item><mate>
                  

    薏米

                </mate><quantity>
                    50g
                </quantity></item><item><mate>
                  

    芡实

                </mate><quantity>
                    50g
                </quantity></item><item><mate>
                  

    莲子

                </mate><quantity>
                    50g
                </quantity></item><item><mate>
                  

    蜜枣

                </mate><quantity>
                    2颗
                </quantity></item><item><mate>
                  

    姜

                </mate><quantity>
                    2片
                </quantity></item></materials><steps>
            
            
              将猪骨和冷水一起煮开，大约煮两分钟去除血沫
              
            
            
            
              在煮猪骨的同时，把冬瓜切好
              
            
            
            
              薏米，芡实，莲子，蜜枣，也洗好做准备
              
            
            
            
              将猪骨，冬瓜，薏米，芡实，莲子，蜜枣，姜片全部放入炖锅内，加入开水。注意，一定要加开水哦，冷水会破坏肉的口感。
              
            
            
            
              最后，将炖锅设置为3小时，就开始炖吧～还剩最后五分钟的时候加盐，煮好就OK了
              
            
          </steps><tips/><tags>
        全部菜单
      </tags></item></page_detail></extraction>