<?xml version="1.0" encoding="UTF-8"?><extraction><clueid>99352757</clueid><fullpath><![CDATA[http://www.xiachufang.com/recipe/255338/]]></fullpath><realpath><![CDATA[http://www.xiachufang.com/recipe/255338/]]></realpath><theme>food_detail_page</theme><middle>规则_2</middle><createdate>2019-5-14 0:54:13</createdate><pageno>0</pageno><actionno></actionno><actionvalue></actionvalue><prestamp>DSEngine-+--+-0</prestamp><currentstamp>DSEngine-+-ds_browser_top-+-1557766453899</currentstamp><timestamp>1557766453899</timestamp><baseURI><bucketBaseURI><bucketName>page_detail</bucketName><uri><![CDATA[http://www.xiachufang.com/recipe/255338/]]></uri></bucketBaseURI></baseURI><customInfo><![CDATA[]]></customInfo><dsName>DSEngine</dsName><dsThread>datascraper_top</dsThread><version>80700</version>
<page_detail><item><foodname>
      山药排骨汤
    </foodname><score>8.0</score><heat>1927</heat><author>厦门媳妇山城妹</author><materials><item><mate>
                  

    排骨

                </mate><quantity>
                </quantity></item><item><mate>
                  

    山药

                </mate><quantity>
                </quantity></item><item><mate>
                  

    盐

                </mate><quantity>
                </quantity></item><item><mate>
                  

    姜片

                </mate><quantity>
                </quantity></item><item><mate>
                  

    花椒

                </mate><quantity>
                </quantity></item></materials><steps>
            
            
              排骨洗净
              
            
            
            
              山药去皮切块备用
              
            
            
            
              锅中加排骨、清水、姜片和花椒大火煮开
              
            
            
            
              撇去浮沫转小火
              
            
            
            
              盖上盖子小火煮1小时左右
              
            
            
            
              揭开锅，加入山药块，再煮20分钟左右，让山药煮软，起锅前撒点盐即可
              
            
          </steps><tips/><tags>
        减肥
        粥
        山药排骨汤
        玉米山药排骨汤
        山药薏米排骨汤
        山药海带排骨汤
        紫山药排骨汤
      </tags></item></page_detail></extraction>