<?xml version="1.0" encoding="UTF-8"?><extraction><clueid>99353544</clueid><fullpath><![CDATA[http://www.xiachufang.com/recipe/101691376/]]></fullpath><realpath><![CDATA[http://www.xiachufang.com/recipe/101691376/]]></realpath><theme>food_detail_page</theme><middle>规则_2</middle><createdate>2019-5-14 15:49:19</createdate><pageno>0</pageno><actionno></actionno><actionvalue></actionvalue><prestamp>DSEngine-+--+-0</prestamp><currentstamp>DSEngine-+-ds_browser_top-+-1557820159401</currentstamp><timestamp>1557820159401</timestamp><baseURI><bucketBaseURI><bucketName>page_detail</bucketName><uri><![CDATA[http://www.xiachufang.com/recipe/101691376/]]></uri></bucketBaseURI></baseURI><customInfo><![CDATA[]]></customInfo><dsName>DSEngine</dsName><dsThread>datascraper_top</dsThread><version>80700</version>
<page_detail><item><foodname>
      百果腐竹薏米糖水-清热润肺
    </foodname><score/><heat>4</heat><author>frosty-1</author><materials><item><mate>
                  

    腐竹

                </mate><quantity>
                    2条
                </quantity></item><item><mate>
                  

    百果

                </mate><quantity>
                    100克（约20粒）
                </quantity></item><item><mate>
                  

    薏米

                </mate><quantity>
                    1/4杯（45克）
                </quantity></item><item><mate>
                  

    冰糖

                </mate><quantity>
                    适量
                </quantity></item><item><mate>
                  

    水

                </mate><quantity>
                    8杯
                </quantity></item></materials><steps>
            
            
              薏米，腐竹泡水15-30分钟，白果去壳去皮去芯（据说芯微毒）
            
            
            
              锅内放入8杯水，薏米，腐竹，腐竹，小火炖1个小时，加入冰糖
            
            
            
              腐竹剪成小块，1小时就是煮到化的效果
            
          </steps><tips/><tags>
        甜品
      </tags></item></page_detail></extraction>