<?xml version="1.0" encoding="UTF-8"?><extraction><clueid>99352856</clueid><fullpath><![CDATA[http://www.xiachufang.com/recipe/100496027/]]></fullpath><realpath><![CDATA[http://www.xiachufang.com/recipe/100496027/]]></realpath><theme>food_detail_page</theme><middle>规则_2</middle><createdate>2019-5-14 10:24:58</createdate><pageno>0</pageno><actionno></actionno><actionvalue></actionvalue><prestamp>DSEngine-+--+-0</prestamp><currentstamp>DSEngine-+-ds_browser_top-+-1557800698353</currentstamp><timestamp>1557800698353</timestamp><baseURI><bucketBaseURI><bucketName>page_detail</bucketName><uri><![CDATA[http://www.xiachufang.com/recipe/100496027/]]></uri></bucketBaseURI></baseURI><customInfo><![CDATA[]]></customInfo><dsName>DSEngine</dsName><dsThread>datascraper_top</dsThread><version>80700</version>
<page_detail><item><foodname>
      无油低脂蔬菜烘蛋
      </foodname><score>7.7</score><heat>448</heat><author>米亚妹妹</author><materials><item><mate>
                  

    蔬菜

                </mate><quantity>
                    一大把
                </quantity></item><item><mate>
                  

    鸡蛋

                </mate><quantity>
                    两个
                </quantity></item><item><mate>
                  

    盐

                </mate><quantity>
                    一小撮
                </quantity></item><item><mate>
                  

    黑胡椒

                </mate><quantity>
                    适量
                </quantity></item><item><mate/><quantity>
                </quantity></item><item><mate>
                  

    切半的小番茄

                </mate><quantity>
                    小番茄加热过后的甜味融合在蛋香里非常美味
                </quantity></item><item><mate>
                  

    番茄酱、沙拉酱、黄芥辣或其他任何酱

                </mate><quantity>
                    适量
                </quantity></item><item><mate>
                  

    奶酪碎或奶酪片

                </mate><quantity>
                    适量
                </quantity></item><item><mate>
                  

    蘑菇片

                </mate><quantity>
                    好吃到流泪
                </quantity></item><item><mate>
                  

    洋葱碎

                </mate><quantity>
                    适量
                </quantity></item></materials><steps>
            
            
              蔬菜抓一大把洗净，切碎。（蔬菜入锅后会缩成一点点所以一定要下狠手多放一点）蔬菜可以选各种绿叶蔬菜or非绿叶蔬菜：菠菜、青菜、卷心菜、茄子、小番茄、胡萝卜等等其实宗旨就是家里有什么丢什么
            
            
            
              一个鸡蛋在碗里打散，放入一小撮盐和黑胡椒
            
            
            
              开火热平底锅，不放油，直接把蔬菜丢进去。当蔬菜变软出汁时，丢入倒入先前打散的蛋液，用小火烘（此时可盖盖子，如果有盖子的话）
            
            
            
              根据自己的洗好，可以在蛋半熟或全熟的时候关火，磨一点黑胡椒粒，此时已经可以直接吃了。或者还可以铺上少量奶酪片或奶酪碎，或者挤上各种酱汁吃~炒蔬菜的那一步还可以加入小番茄、蘑菇片、洋葱碎等等会让烘蛋变得更美味的食材~
            
          </steps><tips/><tags>
        快手菜
        早餐
        家常菜
        减肥
        宿舍
      </tags></item></page_detail></extraction>