<?xml version="1.0" encoding="UTF-8"?><extraction><clueid>99352896</clueid><fullpath><![CDATA[http://www.xiachufang.com/recipe/208833/]]></fullpath><realpath><![CDATA[http://www.xiachufang.com/recipe/208833/]]></realpath><theme>food_detail_page</theme><middle>规则_2</middle><createdate>2019-5-14 11:2:37</createdate><pageno>0</pageno><actionno></actionno><actionvalue></actionvalue><prestamp>DSEngine-+--+-0</prestamp><currentstamp>DSEngine-+-ds_browser_top-+-1557802957893</currentstamp><timestamp>1557802957893</timestamp><baseURI><bucketBaseURI><bucketName>page_detail</bucketName><uri><![CDATA[http://www.xiachufang.com/recipe/208833/]]></uri></bucketBaseURI></baseURI><customInfo><![CDATA[]]></customInfo><dsName>DSEngine</dsName><dsThread>datascraper_top</dsThread><version>80700</version>
<page_detail><item><foodname>
      洋葱拌木耳
    </foodname><score>8.0</score><heat>447</heat><author>灯芯绒</author><materials><item><mate>
                  

    干黑木耳

                </mate><quantity>
                </quantity></item><item><mate>
                  

    紫皮洋葱

                </mate><quantity>
                </quantity></item><item><mate>
                  

    香菜

                </mate><quantity>
                </quantity></item><item><mate>
                  

    盐

                </mate><quantity>
                </quantity></item><item><mate>
                  

    生抽

                </mate><quantity>
                </quantity></item><item><mate>
                  

    糖

                </mate><quantity>
                </quantity></item><item><mate>
                  

    陈醋

                </mate><quantity>
                </quantity></item><item><mate>
                  

    香油

                </mate><quantity>
                </quantity></item></materials><steps>
            
            
              黑木耳用凉水泡发半天；清洗干净，撕成小朵
              
            
            
            
              入开水锅中焯一下，捞出过凉开水，沥干水分备用
              
            
            
            
              洋葱切片
              
            
            
            
              香菜切段备用
              
            
            
            
              以上原料混合，添加盐、生抽、糖、陈醋和香油拌匀即可
              
            
          </steps><tips>
          1、若是受不了生洋葱的辛辣刺激，可以把洋葱略微焯水处理下；
2、提前把洋葱浸泡在水中，切的时候，把刀浸一下凉水，这样可以避免切洋葱的时候流泪；
3、木耳尽量选择肉质厚实的那种好木耳，这种木耳最适合和凉拌；
4、木耳用冷水充分浸发好，凉拌之前需要在开水中焯一下，这样凉拌的口感和效果最佳。
        </tips><tags>
        减肥
        洋葱拌木耳
        拌洋葱
        拌木耳
        凉拌洋葱木耳
        木耳拌凉菜
      </tags></item></page_detail></extraction>