<?xml version="1.0" encoding="UTF-8"?><extraction><clueid>99352530</clueid><fullpath><![CDATA[http://www.xiachufang.com/recipe/100029776/]]></fullpath><realpath><![CDATA[http://www.xiachufang.com/recipe/100029776/]]></realpath><theme>food_detail_page</theme><middle>规则_2</middle><createdate>2019-5-13 23:12:51</createdate><pageno>0</pageno><actionno></actionno><actionvalue></actionvalue><prestamp>DSEngine-+--+-0</prestamp><currentstamp>DSEngine-+-ds_browser_top-+-1557760371913</currentstamp><timestamp>1557760371913</timestamp><baseURI><bucketBaseURI><bucketName>page_detail</bucketName><uri><![CDATA[http://www.xiachufang.com/recipe/100029776/]]></uri></bucketBaseURI></baseURI><customInfo><![CDATA[]]></customInfo><dsName>DSEngine</dsName><dsThread>datascraper_top</dsThread><version>80700</version>
<page_detail><item><foodname>
      肥牛饭
    </foodname><score>8.2</score><heat>5354</heat><author>肖艾米</author><materials><item><mate>
                  

    肥牛片

                </mate><quantity>
                    150g
                </quantity></item><item><mate>
                  

    西兰花

                </mate><quantity>
                    50g
                </quantity></item><item><mate>
                  

    胡萝卜

                </mate><quantity>
                    1小根
                </quantity></item><item><mate>
                  

    洋葱

                </mate><quantity>
                    1/4个
                </quantity></item><item><mate>
                  

    米饭

                </mate><quantity>
                    一碗
                </quantity></item><item><mate>
                  

    白糖

                </mate><quantity>
                    1茶匙
                </quantity></item><item><mate>
                  

    盐

                </mate><quantity>
                    适量
                </quantity></item><item><mate>
                  

    淀粉

                </mate><quantity>
                    1茶匙
                </quantity></item><item><mate>
                  

    生抽

                </mate><quantity>
                    1汤匙
                </quantity></item><item><mate>
                  

    蚝油

                </mate><quantity>
                    1汤匙
                </quantity></item><item><mate>
                  

    水

                </mate><quantity>
                    3汤匙
                </quantity></item></materials><steps>
            
            
              将1茶匙白糖，1茶匙盐，1茶匙淀粉，1汤匙生抽，1汤匙蚝油和3汤匙水拌匀调成酱汁。
              
            
            
            
              西兰花切成小朵。洋葱切丝。胡萝卜切片。
              
            
            
            
              锅里加水烧开，放入西兰花和胡萝卜焯烫10秒后捞出控水待用。
              
            
            
            
              肥牛片入锅焯烫至颜色变白后捞出控水。
              
            
            
            
              重新起锅，加油烧热，放入洋葱丝略微翻炒几下。
              
            
            
            
              放入肥牛片和料汁。
              
            
            
            
              中火煮至汤汁微浓（中火煮3-5分钟）。
              
            
            
            
              将肥牛片，洋葱丝，胡萝卜和西兰花摆在米饭上，再淋上汤汁就可以了。
              
            
          </steps><tips>
          1.汤汁多留些用来拌饭很好吃哈。

2.如果不喜欢吃西兰花和胡萝卜，可以不放。
        </tips><tags>
        快手菜
        饭
        肥牛饭
        日式肥牛饭
        洋葱肥牛饭
        吉野家肥牛饭
        黑椒肥牛饭
      </tags></item></page_detail></extraction>