<?xml version="1.0" encoding="UTF-8"?><extraction><clueid>99353171</clueid><fullpath><![CDATA[http://www.xiachufang.com/recipe/100558113/]]></fullpath><realpath><![CDATA[http://www.xiachufang.com/recipe/100558113/]]></realpath><theme>food_detail_page</theme><middle>规则_2</middle><createdate>2019-5-14 14:45:54</createdate><pageno>0</pageno><actionno></actionno><actionvalue></actionvalue><prestamp>DSEngine-+--+-0</prestamp><currentstamp>DSEngine-+-ds_browser_top-+-1557816354325</currentstamp><timestamp>1557816354325</timestamp><baseURI><bucketBaseURI><bucketName>page_detail</bucketName><uri><![CDATA[http://www.xiachufang.com/recipe/100558113/]]></uri></bucketBaseURI></baseURI><customInfo><![CDATA[]]></customInfo><dsName>DSEngine</dsName><dsThread>datascraper_top</dsThread><version>80700</version>
<page_detail><item><foodname>
      鱼胶美容养颜汤
    </foodname><score/><heat>27</heat><author>YaYa小厨房</author><materials><item><mate>
                  

    北海鱼胶

                </mate><quantity>
                    40克
                </quantity></item><item><mate>
                  

    红枣

                </mate><quantity>
                    适量
                </quantity></item><item><mate>
                  

    百合

                </mate><quantity>
                    适量
                </quantity></item><item><mate>
                  

    莲子

                </mate><quantity>
                    适量
                </quantity></item><item><mate>
                  

    冰糖

                </mate><quantity>
                    适量
                </quantity></item></materials><steps>
            
            
              将准备好的材料洗净放进炖锅中，炖3个小时
              
            
            
            
              炖了两大碗
              
            
            
            
              汤水粘，鱼胶弹牙
            
          </steps><tips/><tags>
        全部菜单
      </tags></item></page_detail></extraction>