<?xml version="1.0" encoding="UTF-8"?><extraction><clueid>99353471</clueid><fullpath><![CDATA[http://www.xiachufang.com/recipe/102319446/]]></fullpath><realpath><![CDATA[http://www.xiachufang.com/recipe/102319446/]]></realpath><theme>food_detail_page</theme><middle>规则_2</middle><createdate>2019-5-14 15:36:35</createdate><pageno>0</pageno><actionno></actionno><actionvalue></actionvalue><prestamp>DSEngine-+--+-0</prestamp><currentstamp>DSEngine-+-ds_browser_top-+-1557819395990</currentstamp><timestamp>1557819395990</timestamp><baseURI><bucketBaseURI><bucketName>page_detail</bucketName><uri><![CDATA[http://www.xiachufang.com/recipe/102319446/]]></uri></bucketBaseURI></baseURI><customInfo><![CDATA[]]></customInfo><dsName>DSEngine</dsName><dsThread>datascraper_top</dsThread><version>80700</version>
<page_detail><item><foodname>
      清火消暑的苦瓜烘蛋
    </foodname><score/><heat>2</heat><author>安小厨的大胃</author><materials><item><mate>
                  

    苦瓜

                </mate><quantity>
                    1根
                </quantity></item><item><mate>
                  

    鸡蛋

                </mate><quantity>
                    3枚
                </quantity></item><item><mate>
                  

    红菜椒

                </mate><quantity>
                    1/4个
                </quantity></item><item><mate>
                  

    洋葱

                </mate><quantity>
                    1/2个
                </quantity></item><item><mate>
                  

    香葱

                </mate><quantity>
                    1棵
                </quantity></item><item><mate>
                  

    盐

                </mate><quantity>
                    少许
                </quantity></item><item><mate>
                  

    油

                </mate><quantity>
                    2汤匙
                </quantity></item></materials><steps>
            
            
              准备食材。
              
            
            
            
              苦瓜切成小丁。红菜椒切成小丁。香葱切碎。鸡蛋打散备用。洋葱拦腰切成1cm厚的圆片，拆成洋葱圈。
              
            
            
            
              把所有蔬菜丁都加入蛋液中，调入盐拌匀。
              
            
            
            
              平底锅放入油，大火加热至五成热，调成中小火，放入洋葱圈，在洋葱圈里倒入蛋液，慢慢加热至蛋液凝固，整个翻面再煎片刻至内心全熟即可。洋葱圈可以去掉也可以保留。
              
            
          </steps><tips>
          蛋液倒入洋葱圈里后，一定要待鸡蛋成型后再翻面煎，不然蛋液流出来会影响菜品的美观哟~~~苦瓜清火祛暑，炎炎夏日吃点苦瓜也是一种养生哟~~我是安小厨，一个爱美食的逗比安，很喜欢下厨房这个美食分享平台，大家对美食或者烘焙感兴趣，都可以加我weixin：anxiaochu521，加时请备注“下厨房”哟~~
        </tips><tags/></item></page_detail></extraction>