<?xml version="1.0" encoding="UTF-8"?><extraction><clueid>99352308</clueid><fullpath><![CDATA[http://www.xiachufang.com/recipe/1098210/]]></fullpath><realpath><![CDATA[http://www.xiachufang.com/recipe/1098210/]]></realpath><theme>food_detail_page</theme><middle>规则_2</middle><createdate>2019-5-13 22:33:24</createdate><pageno>0</pageno><actionno></actionno><actionvalue></actionvalue><prestamp>DSEngine-+--+-0</prestamp><currentstamp>DSEngine-+-ds_browser_top-+-1557758004208</currentstamp><timestamp>1557758004208</timestamp><baseURI><bucketBaseURI><bucketName>page_detail</bucketName><uri><![CDATA[http://www.xiachufang.com/recipe/1098210/]]></uri></bucketBaseURI></baseURI><customInfo><![CDATA[]]></customInfo><dsName>DSEngine</dsName><dsThread>datascraper_top</dsThread><version>80700</version>
<page_detail><item><foodname>
      红烧鸡腿
    </foodname><score>8.1</score><heat>4690</heat><author>璐稔</author><materials><item><mate>
                  

    鸡腿

                </mate><quantity>
                </quantity></item><item><mate>
                  

    盐

                </mate><quantity>
                </quantity></item><item><mate>
                  

    生抽

                </mate><quantity>
                </quantity></item><item><mate>
                  

    冰糖

                </mate><quantity>
                </quantity></item><item><mate>
                  

    八角

                </mate><quantity>
                </quantity></item><item><mate>
                  

    大葱

                </mate><quantity>
                </quantity></item><item><mate>
                  

    生姜

                </mate><quantity>
                </quantity></item><item><mate>
                  

    味精

                </mate><quantity>
                </quantity></item></materials><steps>
            
            
              做锅热油，趁油还没有热的时候，丢4、5粒冰糖进去，小火。当油中泛起小泡沫，颜色慢慢加重，转为浓褐色。
              
            
            
            
              把鸡腿放进去，快速翻炒，让每一块鸡肉都均匀粘上糖色(注意油溅，可以用锅盖抵挡一下，或者直接盖上锅盖哈~~）。
              
            
            
            
              倒入没过鸡腿的开水，放一勺盐、两勺生抽、一粒八角、一粒草果、2、3个干辣椒段、葱段和姜片，加盖炖10分钟。
              
            
            
            
              期间，用锅铲翻炒2、3次，使鸡肉均匀入味，当汤汁快收干时，调入一点儿味精。
              
            
            
            
              翻炒一下，盛出上桌。
              
            
            
            
              如何炒出漂亮的糖色： 一般用冰糖，冷油入锅，搅动糖粒，看着糖逐渐消融，油中泛起小泡沫，颜色慢慢加重，转为深褐色，ok！~~放鸡肉。
              
            
          </steps><tips>
          要想菜颜色色泽美观，诱人食欲，用冰糖炒糖色是最好的选择了，冰糖炒成的糖色红润发亮、晶莹透亮，远远胜过酱油和炒白糖上色。炒糖色一定要“眼明手快”，糖色刚刚变成浅褐色的时候不要急着放肉，放早了，上色很浅，肉色发白。但也不能放晚了，从浅褐色到浓褐色就那么短短的几秒钟，一定要“该出手时就出手！”
        </tips><tags>
        家常菜
        红烧
        宴客
        红烧鸡腿
        红烧鸡腿炖土豆
        红烧鸡腿土豆
        鸡腿
        酱油鸡腿
      </tags></item></page_detail></extraction>