<?xml version="1.0" encoding="UTF-8"?><extraction><clueid>99353685</clueid><fullpath><![CDATA[http://www.xiachufang.com/recipe/100050920/]]></fullpath><realpath><![CDATA[http://www.xiachufang.com/recipe/100050920/]]></realpath><theme>food_detail_page</theme><middle>规则_2</middle><createdate>2019-5-14 16:10:10</createdate><pageno>0</pageno><actionno></actionno><actionvalue></actionvalue><prestamp>DSEngine-+--+-0</prestamp><currentstamp>DSEngine-+-ds_browser_top-+-1557821410705</currentstamp><timestamp>1557821410705</timestamp><baseURI><bucketBaseURI><bucketName>page_detail</bucketName><uri><![CDATA[http://www.xiachufang.com/recipe/100050920/]]></uri></bucketBaseURI></baseURI><customInfo><![CDATA[]]></customInfo><dsName>DSEngine</dsName><dsThread>datascraper_top</dsThread><version>80700</version>
<page_detail><item><foodname>
      2.【热蒸的柚子】清火、化痰、祛肠中恶气
    </foodname><score/><heat>7</heat><author>咻咻鱼</author><materials><item><mate>
                  

    鲜柚

                </mate><quantity>
                </quantity></item></materials><steps>
            
            
              鲜柚留皮去核，隔水蒸后加蜜糖食用
            
          </steps><tips/><tags>
        全部菜单
      </tags></item></page_detail></extraction>