<?xml version="1.0" encoding="UTF-8"?><extraction><clueid>99352685</clueid><fullpath><![CDATA[http://www.xiachufang.com/recipe/1083624/]]></fullpath><realpath><![CDATA[http://www.xiachufang.com/recipe/1083624/]]></realpath><theme>food_detail_page</theme><middle>规则_2</middle><createdate>2019-5-13 23:54:12</createdate><pageno>0</pageno><actionno></actionno><actionvalue></actionvalue><prestamp>DSEngine-+--+-0</prestamp><currentstamp>DSEngine-+-ds_browser_top-+-1557762852233</currentstamp><timestamp>1557762852233</timestamp><baseURI><bucketBaseURI><bucketName>page_detail</bucketName><uri><![CDATA[http://www.xiachufang.com/recipe/1083624/]]></uri></bucketBaseURI></baseURI><customInfo><![CDATA[]]></customInfo><dsName>DSEngine</dsName><dsThread>datascraper_top</dsThread><version>80700</version>
<page_detail><item><foodname>
      南昌凉拌藕
      </foodname><score>7.9</score><heat>1269</heat><author>王光光光光</author><materials><item><mate>
                  

    莲藕

                </mate><quantity>
                </quantity></item><item><mate>
                  

    蚝油

                </mate><quantity>
                </quantity></item><item><mate>
                  

    生抽

                </mate><quantity>
                </quantity></item><item><mate>
                  

    老抽

                </mate><quantity>
                </quantity></item><item><mate>
                  

    白糖

                </mate><quantity>
                </quantity></item><item><mate>
                  

    鸡精

                </mate><quantity>
                </quantity></item><item><mate>
                  

    辣椒末

                </mate><quantity>
                </quantity></item></materials><steps>
            
            
              莲藕去皮洗净后整个入锅煮 大火煮开后保持中火一直莲藕变色 筷子能刺穿后关火 煮好的莲藕在流水里冲凉后放入凉水里浸十分钟 捞出切薄片
            
            
            
              老抽、白糖一茶匙 生抽、蚝油一汤匙 鸡精少许 辣椒末两汤匙
            
            
            
              1和2混合后用筷子搅拌均匀即可食用
            
          </steps><tips>
          1.我买的辣椒末巨辣 不能吃太辣的同学先少发一点 尝过觉得不够还可以再加 
2.不能不放辣椒 不然不算南昌凉拌藕了
        </tips><tags>
        快手菜
        小吃
        素菜
        辣
        南昌凉拌藕
        凉拌藕
        凉拌藕丁
        南昌炒粉
        藕
      </tags></item></page_detail></extraction>