<?xml version="1.0" encoding="UTF-8"?><extraction><clueid>99352800</clueid><fullpath><![CDATA[http://www.xiachufang.com/recipe/85518/]]></fullpath><realpath><![CDATA[http://www.xiachufang.com/recipe/85518/]]></realpath><theme>food_detail_page</theme><middle>规则_2</middle><createdate>2019-5-14 2:29:57</createdate><pageno>0</pageno><actionno></actionno><actionvalue></actionvalue><prestamp>DSEngine-+--+-0</prestamp><currentstamp>DSEngine-+-ds_browser_top-+-1557772197335</currentstamp><timestamp>1557772197335</timestamp><baseURI><bucketBaseURI><bucketName>page_detail</bucketName><uri><![CDATA[http://www.xiachufang.com/recipe/85518/]]></uri></bucketBaseURI></baseURI><customInfo><![CDATA[]]></customInfo><dsName>DSEngine</dsName><dsThread>datascraper_top</dsThread><version>80700</version>
<page_detail><item><foodname>
      菠菜鸡蛋汤
    </foodname><score>7.8</score><heat>1122</heat><author>俊良老妈-双双</author><materials><item><mate>
                  

    菠菜

                </mate><quantity>
                </quantity></item><item><mate>
                  

    鸡蛋

                </mate><quantity>
                </quantity></item><item><mate>
                  

    盐

                </mate><quantity>
                </quantity></item><item><mate>
                  

    鸡精

                </mate><quantity>
                </quantity></item></materials><steps>
            
            
              菠菜择干净，劈开，放在盆内浸泡，仔细清洗干净，切段
            
            
            
              锅内烧开水，水开，将菠菜放入
            
            
            
              鸡蛋打散，水开将蛋液慢慢倒入锅内，用筷子慢慢搅动，使鸡蛋慢慢凝固。要是想要散的蛋花，就快速搅动搅动。关火
            
            
            
              滴入几滴香油，提香提味
            
            
            
              加入盐、鸡精调味，即可出锅喽
            
          </steps><tips>
          1、菠菜和鸡蛋都易熟，所以开锅即可，千万别煮过了，菠菜煮老了颜色会变黑，鸡蛋会变老，影响口感。
2、说不加一滴油，是指不炝锅，其实是滴了香油的。
        </tips><tags>
        减肥
        电饭煲
        宿舍
        菠菜鸡蛋汤
        菠菜西红柿鸡蛋汤
        菠菜蘑菇鸡蛋汤
        菠菜木耳鸡蛋汤
        菠菜蛋汤
      </tags></item></page_detail></extraction>