<?xml version="1.0" encoding="UTF-8"?><extraction><clueid>99353169</clueid><fullpath><![CDATA[http://www.xiachufang.com/recipe/101779360/]]></fullpath><realpath><![CDATA[http://www.xiachufang.com/recipe/101779360/]]></realpath><theme>food_detail_page</theme><middle>规则_2</middle><createdate>2019-5-14 14:45:22</createdate><pageno>0</pageno><actionno></actionno><actionvalue></actionvalue><prestamp>DSEngine-+--+-0</prestamp><currentstamp>DSEngine-+-ds_browser_top-+-1557816322112</currentstamp><timestamp>1557816322112</timestamp><baseURI><bucketBaseURI><bucketName>page_detail</bucketName><uri><![CDATA[http://www.xiachufang.com/recipe/101779360/]]></uri></bucketBaseURI></baseURI><customInfo><![CDATA[]]></customInfo><dsName>DSEngine</dsName><dsThread>datascraper_top</dsThread><version>80700</version>
<page_detail><item><foodname>
      想瘦身看这里：一周营养代餐奶昔思慕雪
    </foodname><score/><heat>6</heat><author>ECHOLIFE一口生活</author><materials><item><mate>
                  

    具体见下文：

                </mate><quantity>
                </quantity></item></materials><steps>
            
            
              粉色：1/2根香蕉；8-12颗草莓；5ml奇亚籽；15ml蜂蜜；200ml牛奶
              
            
            
            
              黄色：1/2个芒果；1/4个哈密瓜；10ml燕麦；200ml酸奶
              
            
            
            
              绿色	：1/2根香蕉；1根羽衣甘蓝；1/2颗牛油果；1包麦粉；1颗海枣；200ml豆奶
              
            
            
            
              紫色	：一把蓝莓；适量黑莓；5ml奇亚籽；200ml酸奶
              
            
            
            
              米色	：1/6个菠萝；适量青柠汁；10ml椰蓉；15ml蜂蜜；200ml椰奶
              
            
            
            
              咖色：1根香蕉；一把坚果；10ml燕麦；200ml牛奶；30ml可可粉
              
            
            
            
              ☞ 材料说明：1、奇亚籽是Chia seeds，是omega-3脂肪酸最丰富的食物，并且含有天然抗氧化剂，无论是加到奶昔、饮品、还是面包中都很适合，可以增加饱腹感。2、羽衣甘蓝本身的纤维就比较多，所以绿色奶昔中的纤维部分只加了麦粉，Echo用的是大麦若叶，麦粉单独饮用不好喝，但是配上豆奶或者牛奶，就有一种抹茶的香味，口感很好。3、海枣是Medjool dates，盛产于中东国家，富含矿物质和纤维，很适合作为一种甜味来源，口感有点像国内的蜜枣，但是卡路里很低。
            
            
            
              步骤：1、提前2小时将所需蔬果切成小块放入冰箱冷冻室备用。
              
            
            
            
              2、食用前将所有食材一起放入料理机/破壁机中打成顺滑的状态即可。
              
            
            
            
              3、打好的奶昔最好立即饮用，时间久了成沙冰状的水果就会融化了影响口感。预祝大家瘦成一道闪电⚡️
            
          </steps><tips/><tags>
        减肥
        下午茶
        甜品
        果汁
      </tags></item></page_detail></extraction>