<?xml version="1.0" encoding="UTF-8"?><extraction><clueid>99353420</clueid><fullpath><![CDATA[http://www.xiachufang.com/recipe/170222/]]></fullpath><realpath><![CDATA[http://www.xiachufang.com/recipe/170222/]]></realpath><theme>food_detail_page</theme><middle>规则_2</middle><createdate>2019-5-14 15:30:7</createdate><pageno>0</pageno><actionno></actionno><actionvalue></actionvalue><prestamp>DSEngine-+--+-0</prestamp><currentstamp>DSEngine-+-ds_browser_top-+-1557819007153</currentstamp><timestamp>1557819007153</timestamp><baseURI><bucketBaseURI><bucketName>page_detail</bucketName><uri><![CDATA[http://www.xiachufang.com/recipe/170222/]]></uri></bucketBaseURI></baseURI><customInfo><![CDATA[]]></customInfo><dsName>DSEngine</dsName><dsThread>datascraper_top</dsThread><version>80700</version>
<page_detail><item><foodname>
      蒜蓉蒸丝瓜
    </foodname><score>6.8</score><heat>456</heat><author>Nicole的生活书</author><materials><item><mate>
                  

    丝瓜

                </mate><quantity>
                    1条
                </quantity></item><item><mate>
                  

    蒜

                </mate><quantity>
                    4瓣
                </quantity></item><item><mate>
                  

    小红辣椒

                </mate><quantity>
                    6个
                </quantity></item><item><mate>
                  

    海鲜酱油

                </mate><quantity>
                    1大勺
                </quantity></item><item><mate>
                  

    盐

                </mate><quantity>
                    少许
                </quantity></item></materials><steps>
            
            
              蒜末中加入少许细盐，搅拌均匀
              
            
            
            
              丝瓜切段，码入盘中
              
            
            
            
              撒上蒜蓉和小红辣椒末
              
            
            
            
              表面浇一勺海鲜酱油，放入蒸箱的蒸盘中，用100度蒸汽蒸8分钟左右即可
              
            
          </steps><tips>
          1.蒜蓉中加入少许细盐，可使蒸的时候更加提味；
2.丝瓜也可不去皮，不过皮会稍硬；
3.最好选择粗一些的丝瓜，切段不要太短，以免蒸后缩水；
4.蒸制的时间不要过久，否则丝瓜会太软，难以直立成型。
        </tips><tags>
        蒸
        素菜
        清淡
        小清新
        家常菜
        宴客
        蒜蓉蒸丝瓜
        蒜蓉粉丝蒸丝瓜
        蒜蓉丝瓜
        蒸丝瓜
        蒜蓉炒丝瓜
      </tags></item></page_detail></extraction>