<?xml version="1.0" encoding="UTF-8"?><extraction><clueid>99353985</clueid><fullpath><![CDATA[http://www.xiachufang.com/recipe/263128/]]></fullpath><realpath><![CDATA[http://www.xiachufang.com/recipe/263128/]]></realpath><theme>food_detail_page</theme><middle>规则_2</middle><createdate>2019-5-14 21:12:48</createdate><pageno>0</pageno><actionno></actionno><actionvalue></actionvalue><prestamp>DSEngine-+--+-0</prestamp><currentstamp>DSEngine-+-ds_browser_top-+-1557839568971</currentstamp><timestamp>1557839568971</timestamp><baseURI><bucketBaseURI><bucketName>page_detail</bucketName><uri><![CDATA[http://www.xiachufang.com/recipe/263128/]]></uri></bucketBaseURI></baseURI><customInfo><![CDATA[]]></customInfo><dsName>DSEngine</dsName><dsThread>datascraper_top</dsThread><version>80700</version>
<page_detail><item><foodname>
      南北杏银耳雪梨羹
    </foodname><score/><heat>10</heat><author>宅与路上</author><materials><item><mate>
                  

    北杏

                </mate><quantity>
                </quantity></item><item><mate>
                  

    银耳

                </mate><quantity>
                </quantity></item><item><mate>
                  

    雪梨

                </mate><quantity>
                </quantity></item><item><mate>
                  

    南杏

                </mate><quantity>
                </quantity></item><item><mate>
                  

    冰糖

                </mate><quantity>
                </quantity></item></materials><steps>
            
            
              南杏5克、北杏5克，雪梨一个（别说我不认识雪梨，实在是家里只有这个梨了，随手用用），冰糖一块
              
            
            
            
              银耳半朵泡发后撕小朵，洗净
              
            
            
            
              沥水
              
            
            
            
              所有材料放高压锅
              
            
            
            
              加没过材料的水
              
            
            
            
              大火煮开上气后转小火20分钟，关火自然冷却放气即可
              
            
          </steps><tips>
          1、北杏有微毒，一次不可吃多，我一般不吃。
2、南北杏的那个尖尖的头最好去掉。
3、时间要根据锅具不同、银耳不同调整，银耳一定要煲至软滑粘稠才好喝。4、如果你的银耳不容易煮烂，建议先煲银耳，雪梨晚点再放。
        </tips><tags>
        全部菜单
      </tags></item></page_detail></extraction>