<?xml version="1.0" encoding="UTF-8"?><extraction><clueid>99352884</clueid><fullpath><![CDATA[http://www.xiachufang.com/recipe/101830185/]]></fullpath><realpath><![CDATA[http://www.xiachufang.com/recipe/101830185/]]></realpath><theme>food_detail_page</theme><middle>规则_2</middle><createdate>2019-5-14 10:44:32</createdate><pageno>0</pageno><actionno></actionno><actionvalue></actionvalue><prestamp>DSEngine-+--+-0</prestamp><currentstamp>DSEngine-+-ds_browser_top-+-1557801872757</currentstamp><timestamp>1557801872757</timestamp><baseURI><bucketBaseURI><bucketName>page_detail</bucketName><uri><![CDATA[http://www.xiachufang.com/recipe/101830185/]]></uri></bucketBaseURI></baseURI><customInfo><![CDATA[]]></customInfo><dsName>DSEngine</dsName><dsThread>datascraper_top</dsThread><version>80700</version>
<page_detail><item><foodname>
      清炒豆芽
      </foodname><score>7.7</score><heat>367</heat><author>冰山妈咪</author><materials><item><mate>
                  

    豆芽

                </mate><quantity>
                    1饭碗（大约300克）
                </quantity></item><item><mate>
                  

    葱

                </mate><quantity>
                    1棵（切段）
                </quantity></item><item><mate>
                  

    蒜

                </mate><quantity>
                    3瓣（切碎）
                </quantity></item><item><mate>
                  

    辣椒

                </mate><quantity>
                    1条（切丝）
                </quantity></item><item><mate>
                  

    盐

                </mate><quantity>
                    1／4茶匙
                </quantity></item><item><mate>
                  

    油

                </mate><quantity>
                    2汤匙
                </quantity></item></materials><steps>
            
            
              我这豆芽是买回来的所以只是稍微去掉一些没处理干净的豆芽根部分和一些遗留下的豆皮给丢掉。
              
            
            
            
              将处理好的豆芽冲洗后稍微沥干水份备用。☆豆芽表面沾着水份就好☆
              
            
            
            
              葱切段，辣椒切丝，蒜瓣切碎备用。
              
            
            
            
              锅子先烧热然后加入两汤匙的油。
              
            
            
            
              油烧热后倒入蒜碎爆香。
              
            
            
            
              之后倒入豆芽快速均匀不断的翻炒（约15秒左右）
              
            
            
            
              然后倒入葱段和辣椒丝依然快速翻炒（约15秒左右）。
              
            
            
            
              加入盐调味（试一下味道）翻炒均匀即可盛出。*期间无需要添加水份如真的觉得太干需要加点水最好只加2汤匙水加了水后必须多翻炒5秒左右★
              
            
            
            
              香喷喷超爽口~😃可以享用啦~😄🍴
              
            
            
            
              辣椒丝用胡萝卜丝代替。
              
            
          </steps><tips>
          总结：★要炒出好吃的豆芽秘诀★1👉锅子必需够热（所以翻炒过程都是用大火），2👉全程必须用快炒方式（豆芽炒太久就不够爽口且容易变干炒焦）3👉尽量别添加太多的水（这是炒菜不是煮菜且炒好后不够香和爽口）☆步骤7里倒入葱段，辣椒丝或者步骤8里调味时都要够快速，一手做以上步骤，一手要翻炒豆芽，只因锅子全程大火，很容易把豆芽给炒焦了，我都是一手做以上步骤一手炒豆芽避免焦了，如动作不够快可以先把火调小，完成步骤后再次大火也即可。不喜欢辣椒可选用胡萝卜代替~
        </tips><tags>
        家常菜
        素菜
        减肥
        快手菜
      </tags></item></page_detail></extraction>