<?xml version="1.0" encoding="UTF-8"?><extraction><clueid>99352228</clueid><fullpath><![CDATA[http://www.xiachufang.com/recipe/103823526/]]></fullpath><realpath><![CDATA[http://www.xiachufang.com/recipe/103823526/]]></realpath><theme>food_detail_page</theme><middle>规则_2</middle><createdate>2019-5-13 21:57:15</createdate><pageno>0</pageno><actionno></actionno><actionvalue></actionvalue><prestamp>DSEngine-+--+-0</prestamp><currentstamp>DSEngine-+-ds_browser_top-+-1557755835834</currentstamp><timestamp>1557755835834</timestamp><baseURI><bucketBaseURI><bucketName>page_detail</bucketName><uri><![CDATA[http://www.xiachufang.com/recipe/103823526/]]></uri></bucketBaseURI></baseURI><customInfo><![CDATA[]]></customInfo><dsName>DSEngine</dsName><dsThread>datascraper_top</dsThread><version>80700</version>
<page_detail><item><foodname>
      芥蓝炒牛肉
    </foodname><score/><heat>0</heat><author>晴天sunny72</author><materials><item><mate>
                  

    牛肉

                </mate><quantity>
                    400克
                </quantity></item><item><mate>
                  

    芥兰

                </mate><quantity>
                    300克
                </quantity></item><item><mate>
                  

    生姜

                </mate><quantity>
                    4片
                </quantity></item><item><mate>
                  

    蒜头

                </mate><quantity>
                    4瓣
                </quantity></item><item><mate>
                  

    蚝油

                </mate><quantity>
                    1勺
                </quantity></item><item><mate>
                  

    生抽

                </mate><quantity>
                    1勺
                </quantity></item><item><mate>
                  

    沙茶酱

                </mate><quantity>
                    1勺
                </quantity></item><item><mate>
                  

    生粉

                </mate><quantity>
                    1勺
                </quantity></item></materials><steps>
            
            
              1.将牛里脊肉切片，加入一勺料酒，一勺沙炒酱和一勺生粉搅拌均匀后加入适量花生油搅拌，锁住牛肉的水份。
              
            
            
            
              2.芥蓝洗净后，去掉叶子后斜刀切段待用。
              
            
            
            
              3.锅中下油，放入牛肉片大火翻炒，待牛肉变色后盛出。
              
            
            
            
              4.另起油锅，下姜片和蒜片炒出香味、放入芥蓝翻炒。
              
            
            
            
              5.放入牛肉翻炒，加入由生抽和蚝油调成的酱汁，略加翻炒后出锅。
              
            
          </steps><tips/><tags>
        家常菜
        下饭菜
      </tags></item></page_detail></extraction>