<?xml version="1.0" encoding="UTF-8"?><extraction><clueid>99353568</clueid><fullpath><![CDATA[http://www.xiachufang.com/recipe/100465997/]]></fullpath><realpath><![CDATA[http://www.xiachufang.com/recipe/100465997/]]></realpath><theme>food_detail_page</theme><middle>规则_2</middle><createdate>2019-5-14 15:52:36</createdate><pageno>0</pageno><actionno></actionno><actionvalue></actionvalue><prestamp>DSEngine-+--+-0</prestamp><currentstamp>DSEngine-+-ds_browser_top-+-1557820356926</currentstamp><timestamp>1557820356926</timestamp><baseURI><bucketBaseURI><bucketName>page_detail</bucketName><uri><![CDATA[http://www.xiachufang.com/recipe/100465997/]]></uri></bucketBaseURI></baseURI><customInfo><![CDATA[]]></customInfo><dsName>DSEngine</dsName><dsThread>datascraper_top</dsThread><version>80700</version>
<page_detail><item><foodname>
      清热解毒龟苓膏
    </foodname><score/><heat>0</heat><author>b文惠</author><materials><item><mate>
                  

    龟苓膏粉

                </mate><quantity>
                    30克
                </quantity></item><item><mate>
                  

    清水

                </mate><quantity>
                    180克
                </quantity></item><item><mate>
                  

    温开水

                </mate><quantity>
                    510克
                </quantity></item></materials><steps>
            
            
              先用清水将龟苓膏粉开成无颗粒状。
              
            
            
            
              将温水慢慢冲入去龟苓膏糊里，一边冲水一边搅拌。
              
            
            
            
              将锅放入炉里，用中火一边煮一边搅拌至烧开。
              
            
            
            
              煮好的龟苓膏装入小碗里，冷却后加入蜂蜜或椰浆即可食用。
              
            
            
            
              再来多一碗吧！
              
            
          </steps><tips/><tags/></item></page_detail></extraction>