<?xml version="1.0" encoding="UTF-8"?><extraction><clueid>99353695</clueid><fullpath><![CDATA[http://www.xiachufang.com/recipe/238008/]]></fullpath><realpath><![CDATA[http://www.xiachufang.com/recipe/238008/]]></realpath><theme>food_detail_page</theme><middle>规则_2</middle><createdate>2019-5-14 16:12:25</createdate><pageno>0</pageno><actionno></actionno><actionvalue></actionvalue><prestamp>DSEngine-+--+-0</prestamp><currentstamp>DSEngine-+-ds_browser_top-+-1557821545545</currentstamp><timestamp>1557821545545</timestamp><baseURI><bucketBaseURI><bucketName>page_detail</bucketName><uri><![CDATA[http://www.xiachufang.com/recipe/238008/]]></uri></bucketBaseURI></baseURI><customInfo><![CDATA[]]></customInfo><dsName>DSEngine</dsName><dsThread>datascraper_top</dsThread><version>80700</version>
<page_detail><item><foodname>
      柚皮糖
    </foodname><score>8.0</score><heat>1853</heat><author>秀逗</author><materials><item><mate>
                  

    柚子皮

                </mate><quantity>
                    一个
                </quantity></item><item><mate>
                  

    冰糖

                </mate><quantity>
                    一斤
                </quantity></item></materials><steps>
            
            
              柚子皮切成薄片，我这回没掌握好，切厚了，应该再薄一点
              
            
            
            
              加水泡，换水的时候要使劲挤柚子皮，挤干了再加水。挤出来的水都是黄黄的，这样可以把柚子皮比较苦涩的味道去掉
              
            
            
            
              挤干水的样子
              
            
            
            
              然后把冰糖放到电饭锅里，加一点点水把糖煮化
              
            
            
            
              把挤干水的柚子皮加进去，充分吸收糖汁
              
            
            
            
              不断的翻炒，如果电饭锅跳回保温档，就再按到煮饭档。一直炒到柚子皮外面的糖汁变成粉末状，就可以了，喜欢稍微脆一点口感的话就多炒一会。不过至少都是要炒二三个小时的
              
            
            
            
              放凉后用玻璃瓶装好，不受潮的话可以保存很久
              
            
          </steps><tips/><tags>
        零食
        电饭煲
        甜品
        柚皮糖
        红柚
        百香果皮糖
      </tags></item></page_detail></extraction>