<?xml version="1.0" encoding="UTF-8"?><extraction><clueid>99352301</clueid><fullpath><![CDATA[http://www.xiachufang.com/recipe/99799/]]></fullpath><realpath><![CDATA[http://www.xiachufang.com/recipe/99799/]]></realpath><theme>food_detail_page</theme><middle>规则_2</middle><createdate>2019-5-13 22:31:26</createdate><pageno>0</pageno><actionno></actionno><actionvalue></actionvalue><prestamp>DSEngine-+--+-0</prestamp><currentstamp>DSEngine-+-ds_browser_top-+-1557757886599</currentstamp><timestamp>1557757886599</timestamp><baseURI><bucketBaseURI><bucketName>page_detail</bucketName><uri><![CDATA[http://www.xiachufang.com/recipe/99799/]]></uri></bucketBaseURI></baseURI><customInfo><![CDATA[]]></customInfo><dsName>DSEngine</dsName><dsThread>datascraper_top</dsThread><version>80700</version>
<page_detail><item><foodname>
      蚝油生菜
    </foodname><score>7.9</score><heat>6822</heat><author>83小钟</author><materials><item><mate>
                  

    蚝油

                </mate><quantity>
                </quantity></item><item><mate>
                  

    生菜

                </mate><quantity>
                </quantity></item><item><mate>
                  

    蒜

                </mate><quantity>
                </quantity></item><item><mate>
                  

    白糖

                </mate><quantity>
                </quantity></item><item><mate>
                  

    酱油

                </mate><quantity>
                </quantity></item><item><mate>
                  

    水淀粉

                </mate><quantity>
                </quantity></item></materials><steps>
            
            
              生菜择去老叶，清洗干净
              
            
            
            
              烧一锅开水，水中加勺盐，几滴油
              
            
            
            
              下生菜焯烫几秒后迅速捞出控水装盘
              
            
            
            
              净锅放少许底油，油热后下蒜末爆香，加蚝油，白糖，酱油，勾薄薄一层水淀粉烧开后淋在生菜上即可
              
            
          </steps><tips>
          生菜焯水的时间一定要短，几秒钟，看着生菜被烫软就行了。
注意水一定要彻底滚开，再下生菜，水要宽，菜多的话分次入锅比较好。
        </tips><tags>
        素菜
        家常菜
        单身食谱
        蚝油生菜
        蚝油西生菜
        蚝油
        生菜
        蚝油杏鲍菇
      </tags></item></page_detail></extraction>