<?xml version="1.0" encoding="UTF-8"?><extraction><clueid>99353452</clueid><fullpath><![CDATA[http://www.xiachufang.com/recipe/103718775/]]></fullpath><realpath><![CDATA[http://www.xiachufang.com/recipe/103718775/]]></realpath><theme>food_detail_page</theme><middle>规则_2</middle><createdate>2019-5-14 15:34:39</createdate><pageno>0</pageno><actionno></actionno><actionvalue></actionvalue><prestamp>DSEngine-+--+-0</prestamp><currentstamp>DSEngine-+-ds_browser_top-+-1557819279172</currentstamp><timestamp>1557819279172</timestamp><baseURI><bucketBaseURI><bucketName>page_detail</bucketName><uri><![CDATA[http://www.xiachufang.com/recipe/103718775/]]></uri></bucketBaseURI></baseURI><customInfo><![CDATA[]]></customInfo><dsName>DSEngine</dsName><dsThread>datascraper_top</dsThread><version>80700</version>
<page_detail><item><foodname>
      清热去火：马蹄甘蔗水
    </foodname><score/><heat>1</heat><author>阿垚垚垚</author><materials><item><mate>
                  

    甘蔗

                </mate><quantity>
                    4节
                </quantity></item><item><mate>
                  

    马蹄

                </mate><quantity>
                    4个
                </quantity></item></materials><steps>
            
            
              把甘蔗马蹄洗净，不用削皮，甘蔗切条，马蹄切一半
            
            
            
              全部放入砂锅，放入淹没材料的清水，水开后小火一个小时。不用放糖
            
          </steps><tips/><tags/></item></page_detail></extraction>