<?xml version="1.0" encoding="UTF-8"?><extraction><clueid>99352915</clueid><fullpath><![CDATA[http://www.xiachufang.com/recipe/84751/]]></fullpath><realpath><![CDATA[http://www.xiachufang.com/recipe/84751/]]></realpath><theme>food_detail_page</theme><middle>规则_2</middle><createdate>2019-5-14 11:10:17</createdate><pageno>0</pageno><actionno></actionno><actionvalue></actionvalue><prestamp>DSEngine-+--+-0</prestamp><currentstamp>DSEngine-+-ds_browser_top-+-1557803417901</currentstamp><timestamp>1557803417901</timestamp><baseURI><bucketBaseURI><bucketName>page_detail</bucketName><uri><![CDATA[http://www.xiachufang.com/recipe/84751/]]></uri></bucketBaseURI></baseURI><customInfo><![CDATA[]]></customInfo><dsName>DSEngine</dsName><dsThread>datascraper_top</dsThread><version>80700</version>
<page_detail><item><foodname>
      蔓越莓酸奶蛋糕
    </foodname><score>7.1</score><heat>438</heat><author>馨月</author><materials><item><mate>
                  

    蔓越莓果干

                </mate><quantity>
                    适量
                </quantity></item><item><mate>
                  

    原味酸奶

                </mate><quantity>
                    120克
                </quantity></item><item><mate>
                  

    低筋面粉

                </mate><quantity>
                    50克
                </quantity></item><item><mate>
                  

    土鸡蛋

                </mate><quantity>
                    3个（普通鸡蛋2个）
                </quantity></item><item><mate>
                  

    炼乳

                </mate><quantity>
                    20克（或全部用酸奶）
                </quantity></item><item><mate>
                  

    玉米淀粉

                </mate><quantity>
                    15克
                </quantity></item><item><mate>
                  

    白砂糖

                </mate><quantity>
                    25克（视自己喜的甜度增减）
                </quantity></item></materials><steps>
            
            
              鸡蛋黄白分离到无水无油的盆中；蛋黄部分加酸奶炼乳搅拌均匀
            
            
            
              面粉和淀粉混合过筛入蛋黄液中翻拌均匀
            
            
            
              蛋白加糖打发
            
            
            
              打发的蛋白与蛋黄糊混合，加入蔓越莓果仁，轻拌均匀
            
            
            
              面糊倒入模具，轻磕模具减少面糊中的气泡
            
            
            
              入175度的烤箱，模具放中层，烤盘注水放在下层，蒸烤法，40分钟左右
            
            
            
              烤好后不用倒扣，使其在烤箱中自然冷却，入冰箱冷藏食用
            
          </steps><tips/><tags>
        蛋糕
        减肥
        外貌协会
      </tags></item></page_detail></extraction>