<?xml version="1.0" encoding="UTF-8"?><extraction><clueid>99352529</clueid><fullpath><![CDATA[http://www.xiachufang.com/recipe/100408633/]]></fullpath><realpath><![CDATA[http://www.xiachufang.com/recipe/100408633/]]></realpath><theme>food_detail_page</theme><middle>规则_2</middle><createdate>2019-5-13 23:12:33</createdate><pageno>0</pageno><actionno></actionno><actionvalue></actionvalue><prestamp>DSEngine-+--+-0</prestamp><currentstamp>DSEngine-+-ds_browser_top-+-1557760353227</currentstamp><timestamp>1557760353227</timestamp><baseURI><bucketBaseURI><bucketName>page_detail</bucketName><uri><![CDATA[http://www.xiachufang.com/recipe/100408633/]]></uri></bucketBaseURI></baseURI><customInfo><![CDATA[]]></customInfo><dsName>DSEngine</dsName><dsThread>datascraper_top</dsThread><version>80700</version>
<page_detail><item><foodname>
      巧克力豆曲奇(Chocolate Chip Cookies)
      </foodname><score>8.2</score><heat>7183</heat><author>xiao_MiSs7</author><materials><item><mate>
                  

    黄油

                </mate><quantity>
                    60g
                </quantity></item><item><mate>
                  

    白糖

                </mate><quantity>
                    50g
                </quantity></item><item><mate>
                  

    红糖

                </mate><quantity>
                    10g
                </quantity></item><item><mate>
                  

    香草精

                </mate><quantity>
                    几滴
                </quantity></item><item><mate>
                  

    鸡蛋(或淡奶油)

                </mate><quantity>
                    50g
                </quantity></item><item><mate>
                  

    耐烤巧克力豆(纯可可脂70%以上的巧克力)

                </mate><quantity>
                    50g
                </quantity></item><item><mate>
                  

    低筋面粉

                </mate><quantity>
                    115g
                </quantity></item><item><mate>
                  

    法芙娜可可粉

                </mate><quantity>
                    10g
                </quantity></item><item><mate>
                  

    小苏打

                </mate><quantity>
                    2g
                </quantity></item><item><mate>
                  

    盐

                </mate><quantity>
                    1g
                </quantity></item><item><mate>
                  

    装饰用耐烤巧克力豆

                </mate><quantity>
                    适量
                </quantity></item></materials><steps>
            
            
              首先将黄油加热至全部液化
              
            
            
            
              加入白糖、红糖、香草精、盐，搅拌均匀。
              
            
            
            
              加入淡奶油(或者鸡蛋)（混合物要完全冷却才能加鸡蛋）
              
            
            
            
              搅拌均匀。
              
            
            
            
              筛入低筋面粉、小苏打、可可粉。
              
            
            
            
              切拌均匀即可。(不要过度搅拌)（我这个是冬天做的，所以看起来很干很硬，其实是很软很软的，捏在手上还有点点沾，但是放在手心里面搓起来就不沾手，这种状态。）
              
            
            
            
              加入巧克力豆
              
            
            
            
              混合均匀后放入冰箱，冷藏1至12小时。
              
            
            
            
              揉成2cm直径的球体，整齐排列在烤盘上(间距推荐4-5cm)。
              
            
            
            
              在每个球球上面点缀几颗巧克力豆。(球球烤完自己会变扁的,所以不用特意去压扁噢~)
              
            
            
            
              放入预热好的烤箱内，上下火190℃，中层，9分钟。
              
            
            
            
              香喷喷的曲奇出炉咯~
              
            
            
            
              松松软软的口感超赞的~
              
            
          </steps><tips>
          楼主用的是法芙娜可可粉和法芙娜百分之70可可脂巧克力或者是烘焙专用的巧克力豆,所以做出来绝对不会很甜,不要再说楼主的配方甜了(楼主真的好伤心),用好的可可和巧克力就不会甜腻,请各位根据自己使用的可可量和巧克力甜度来调整配方中的糖份吧~楼主心急，没放冷藏，直接烤的也很好吃呶~喜欢吃硬、脆曲奇的可以适当再加2分钟左右~小烤箱底火过旺,适当降低30度左右。对于鸡蛋过敏的儿童可以换成淡奶油~没有香草精可不放~没有可可粉可不放，不放可可粉的则需要减糖(10-20g左右)，楼主用的是法芙娜，所以相对略苦~也可以使用普通的纯可可脂巧克力,,切成巧克力豆大小拌入冷却的面团里,,烤完以后不要动他,等他彻底冷却,,巧克力又重新凝固以后再吃。（不太推荐，经过高温的巧克力口感会很差）刚刚混合好以后粘手可能是面粉还未吸透油脂，静置15分钟后，取一小块放在掌心搓圆，能成就好，还粘就是面粉吸水性不好，微微的加一点点粉。楼主懒癌发作，一直想写一个“王子曲奇星”的菜谱（就暂时记录这边吧）：（搓20颗球，需压扁）黄油	40G 糖粉	30G 鸡蛋液	30G低粉	70G 玉米淀粉	30G 可可粉	10G耐烤巧克力豆	20G 盐	少许
        </tips><tags>
        早餐
        快手菜
        饼干
        零食
      </tags></item></page_detail></extraction>