<?xml version="1.0" encoding="UTF-8"?><extraction><clueid>99352711</clueid><fullpath><![CDATA[http://www.xiachufang.com/recipe/101716739/]]></fullpath><realpath><![CDATA[http://www.xiachufang.com/recipe/101716739/]]></realpath><theme>food_detail_page</theme><middle>规则_2</middle><createdate>2019-5-13 23:58:44</createdate><pageno>0</pageno><actionno></actionno><actionvalue></actionvalue><prestamp>DSEngine-+--+-0</prestamp><currentstamp>DSEngine-+-ds_browser_top-+-1557763124263</currentstamp><timestamp>1557763124263</timestamp><baseURI><bucketBaseURI><bucketName>page_detail</bucketName><uri><![CDATA[http://www.xiachufang.com/recipe/101716739/]]></uri></bucketBaseURI></baseURI><customInfo><![CDATA[]]></customInfo><dsName>DSEngine</dsName><dsThread>datascraper_top</dsThread><version>80700</version>
<page_detail><item><foodname>
      水煮牛肉
      </foodname><score>8.0</score><heat>1003</heat><author>橘丽丝</author><materials><item><mate>
                  

    牛里脊肉

                </mate><quantity>
                    500克
                </quantity></item><item><mate>
                  

    莴笋

                </mate><quantity>
                    250克
                </quantity></item><item><mate>
                  

    豆芽

                </mate><quantity>
                    250克
                </quantity></item><item><mate>
                  

    盐

                </mate><quantity>
                    适量
                </quantity></item><item><mate>
                  

    料酒

                </mate><quantity>
                    1勺
                </quantity></item><item><mate>
                  

    郫县豆瓣酱

                </mate><quantity>
                    1勺
                </quantity></item><item><mate>
                  

    自贡七星椒干辣椒面

                </mate><quantity>
                    20克
                </quantity></item><item><mate>
                  

    花椒面

                </mate><quantity>
                    10克
                </quantity></item><item><mate>
                  

    姜

                </mate><quantity>
                    1块
                </quantity></item><item><mate>
                  

    蒜

                </mate><quantity>
                    5瓣
                </quantity></item><item><mate>
                  

    红辣椒油

                </mate><quantity>
                    30克
                </quantity></item><item><mate>
                  

    味精

                </mate><quantity>
                    5克
                </quantity></item><item><mate>
                  

    小磨麻油

                </mate><quantity>
                    5克
                </quantity></item><item><mate>
                  

    香菜

                </mate><quantity>
                    适量
                </quantity></item><item><mate>
                  

    鸡蛋

                </mate><quantity>
                    1个
                </quantity></item><item><mate>
                  

    水淀粉

                </mate><quantity>
                    20克
                </quantity></item><item><mate>
                  

    菜油

                </mate><quantity>
                    50克
                </quantity></item></materials><steps>
            
            
              牛肉修去筋和油皮，横着纹路下刀，切成薄片。莴笋去皮，切成薄片。豆芽洗净备用。
              
            
            
            
              切姜、蒜、小米椒至米粒。豆瓣酱剁茸。
              
            
            
            
              牛肉放入碗内，加盐、胡椒粉拌匀。放入鸡蛋清、水淀粉拌匀备用。
              
            
            
            
              锅洗净，下油烧至六成熟。下郫县豆瓣酱、姜米、蒜米、小米辣炒香；下干辣椒面炒酥。
              
            
            
            
              待锅料炒香后放入一碗水，把牛肉放入锅内，用小火焖煮，袋牛肉变色后，用筷子轻轻划动，让牛肉片滑散。4分钟后下辣椒油，味精。
              
            
            
            
              炒料期间烧水至八成开，关火焖莴笋和豆芽。断生后捞入菜盆中撒一层薄盐。
              
            
            
            
              关火，把牛肉和汤底倒入装有蔬菜的菜盘中。表面撒上干辣椒面、芝麻。
              
            
            
            
              烧少许热油至油辣。把油泼入菜盘中。浇熟干辣椒面及芝麻。
              
            
            
            
              撒上香菜即可。
              
            
          </steps><tips>
          牛肉选里脊肉。 按照厚薄调整水煮的时间，不要煮太久，不然牛肉会柴。莴笋和豆芽都可以换成其他易熟的蔬菜，菜薹、黄瓜、凤尾。自由发挥也行。尝试这道菜谱的时候遇到任何问题欢迎留言，我会一一解答。记得交作业。
        </tips><tags>
        宴客
        下酒菜
        家常菜
        辣
        快手菜
        水煮牛肉
        麻辣水煮牛肉
        水煮
        水煮田鸡
        水煮羊排
      </tags></item></page_detail></extraction>