<?xml version="1.0" encoding="UTF-8"?><extraction><clueid>99352510</clueid><fullpath><![CDATA[http://www.xiachufang.com/recipe/103823543/]]></fullpath><realpath><![CDATA[http://www.xiachufang.com/recipe/103823543/]]></realpath><theme>food_detail_page</theme><middle>规则_2</middle><createdate>2019-5-13 23:11:0</createdate><pageno>0</pageno><actionno></actionno><actionvalue></actionvalue><prestamp>DSEngine-+--+-0</prestamp><currentstamp>DSEngine-+-ds_browser_top-+-1557760260524</currentstamp><timestamp>1557760260524</timestamp><baseURI><bucketBaseURI><bucketName>page_detail</bucketName><uri><![CDATA[http://www.xiachufang.com/recipe/103823543/]]></uri></bucketBaseURI></baseURI><customInfo><![CDATA[]]></customInfo><dsName>DSEngine</dsName><dsThread>datascraper_top</dsThread><version>80700</version>
<page_detail><item><foodname>
      蒜蓉金针菇（超简单零失败）
      </foodname><score/><heat>1</heat><author>小蟹私厨</author><materials><item><mate>
                  

    金针菇

                </mate><quantity>
                    1大把
                </quantity></item><item><mate>
                  

    蒜

                </mate><quantity>
                    6瓣
                </quantity></item><item><mate>
                  

    小米辣

                </mate><quantity>
                    3个
                </quantity></item><item><mate>
                  

    生抽

                </mate><quantity>
                    1-2勺
                </quantity></item><item><mate>
                  

    葱

                </mate><quantity>
                    1根
                </quantity></item><item><mate>
                  

    盐

                </mate><quantity>
                    适量
                </quantity></item><item><mate>
                  

    蚝油

                </mate><quantity>
                    1勺（可不放）
                </quantity></item></materials><steps>
            
            
              金针菇切掉根部洗干净，淋干水份后撕开，摆放在盘子里。
              
            
            
            
              蒜头和小米辣切碎，我不是特别能吃辣所以没放太多，葱切碎备用。
              
            
            
            
              热锅加油，放入蒜蓉煸炒至淡黄色，加盐和糖，以咸为主，糖只是加一点点提鲜而已。
            
            
            
              放入锅里蒸8-10分钟左右，金针菇会蒸出很多水份，又甜又鲜。(我一般是用电饭煲煮饭的时候，清洗完后放在上面蒸的）
            
            
            
              把蒸出来的汁倒进锅里，加生抽、蚝油（可不加），搅拌后淋到金针菇上，撒上葱花，完成。
              
            
          </steps><tips>
          1、蒜蓉先炒下是觉得那样能把蒜香味发挥得更充分点，但是比较懒的话，也可以省去这一步，把蒜头小米辣铺在金针菇上面直接入锅蒸；2、或者在最后撒完葱花之后，热锅加少许油，加热至冒烟，淋在金针菇上。3、还可以在金针菇下面，垫一些泡软的粉丝，不仅美味，还可以吸走蒸金针菇的汤汁。
        </tips><tags>
        快手菜
        家常菜
        蒸
        懒人食谱
      </tags></item></page_detail></extraction>