<?xml version="1.0" encoding="UTF-8"?><extraction><clueid>99352917</clueid><fullpath><![CDATA[http://www.xiachufang.com/recipe/100526657/]]></fullpath><realpath><![CDATA[http://www.xiachufang.com/recipe/100526657/]]></realpath><theme>food_detail_page</theme><middle>规则_2</middle><createdate>2019-5-14 11:12:20</createdate><pageno>0</pageno><actionno></actionno><actionvalue></actionvalue><prestamp>DSEngine-+--+-0</prestamp><currentstamp>DSEngine-+-ds_browser_top-+-1557803540546</currentstamp><timestamp>1557803540546</timestamp><baseURI><bucketBaseURI><bucketName>page_detail</bucketName><uri><![CDATA[http://www.xiachufang.com/recipe/100526657/]]></uri></bucketBaseURI></baseURI><customInfo><![CDATA[]]></customInfo><dsName>DSEngine</dsName><dsThread>datascraper_top</dsThread><version>80700</version>
<page_detail><item><foodname>
      台式卤肉饭
      </foodname><score>7.8</score><heat>344</heat><author>老丁的私房菜</author><materials><item><mate>
                  

    五花肉

                </mate><quantity>
                    1斤半
                </quantity></item><item><mate>
                  

    香菇

                </mate><quantity>
                    15个
                </quantity></item><item><mate>
                  

    鸡蛋

                </mate><quantity>
                    2个
                </quantity></item><item><mate>
                  

    小油菜

                </mate><quantity>
                    4个
                </quantity></item><item><mate>
                  

    洋葱

                </mate><quantity>
                    1个
                </quantity></item></materials><steps>
            
            
              五花肉洗净，切成1厘米左右的小丁，香菇洗净去蒂切丁，洋葱切丁备用。
              
            
            
            
              炒锅烧热，多倒入些油
              
            
            
            
              烧热后倒入洋葱
              
            
            
            
              煸干成洋葱碎。
              
            
            
            
              炒锅烧热，放底油，倒入五花肉，煸炒出油
              
            
            
            
              然后加入香菇，翻炒至香菇变软出水
              
            
            
            
              倒入煸干的洋葱碎，一起翻炒。
              
            
            
            
              加入生抽调味，老抽调色，加入2-3勺糖，因为台式的卤肉饭回甜，所以糖可以稍微多一点。根据口味加入适量的盐。
              
            
            
            
              然后多加入一点水没过食材。
              
            
            
            
              油菜洗净，对切成4份
              
            
            
            
              锅内烧热水，放入油菜略微汆烫变色后捞出。
              
            
            
            
              米饭装入碗内压实，倒入盘子内，摆上几根汆烫后的油菜，然后将卤蛋切成两半，放入半个。然后将卤肉浇在米饭上即可。
              
            
          </steps><tips/><tags>
        快手菜
        家常菜
        宴客
        减肥
        台式卤肉饭
        卤肉饭
        台式香肠
        台式麻油鸡
        黯然销魂卤肉饭
      </tags></item></page_detail></extraction>