<?xml version="1.0" encoding="UTF-8"?><extraction><clueid>99352438</clueid><fullpath><![CDATA[http://www.xiachufang.com/recipe/100367806/]]></fullpath><realpath><![CDATA[http://www.xiachufang.com/recipe/100367806/]]></realpath><theme>food_detail_page</theme><middle>规则_2</middle><createdate>2019-5-13 22:57:46</createdate><pageno>0</pageno><actionno></actionno><actionvalue></actionvalue><prestamp>DSEngine-+--+-0</prestamp><currentstamp>DSEngine-+-ds_browser_top-+-1557759466526</currentstamp><timestamp>1557759466526</timestamp><baseURI><bucketBaseURI><bucketName>page_detail</bucketName><uri><![CDATA[http://www.xiachufang.com/recipe/100367806/]]></uri></bucketBaseURI></baseURI><customInfo><![CDATA[]]></customInfo><dsName>DSEngine</dsName><dsThread>datascraper_top</dsThread><version>80700</version>
<page_detail><item><foodname>
      辣炒花甲
      </foodname><score>8.1</score><heat>2600</heat><author>桃小绵</author><materials><item><mate>
                  

    花甲

                </mate><quantity>
                    1斤
                </quantity></item><item><mate>
                  

    八角

                </mate><quantity>
                    1个
                </quantity></item><item><mate>
                  

    花椒

                </mate><quantity>
                    十几粒
                </quantity></item><item><mate>
                  

    干红辣椒（小朝天椒也可）

                </mate><quantity>
                    3个
                </quantity></item><item><mate>
                  

    姜

                </mate><quantity>
                    3片
                </quantity></item><item><mate>
                  

    香葱

                </mate><quantity>
                    2-3根
                </quantity></item><item><mate>
                  

    蒜

                </mate><quantity>
                    1瓣
                </quantity></item><item><mate>
                  

    香菜

                </mate><quantity>
                    少许
                </quantity></item><item><mate>
                  

    郫县豆瓣酱

                </mate><quantity>
                    1勺
                </quantity></item><item><mate>
                  

    白糖

                </mate><quantity>
                    1勺
                </quantity></item><item><mate>
                  

    料酒

                </mate><quantity>
                    1勺
                </quantity></item></materials><steps>
            
            
              花甲买回后用油盐水泡一会儿，吐净泥沙后洗净
            
            
            
              锅中烧开水，入花甲焯至开口迅速捞出，沥干水分待用。
            
            
            
              香葱、干红辣椒、香菜切段，蒜瓣拍扁，八角分开掰成小块。豆瓣酱、白糖、料酒混合搅匀待用。其实不用混合，炒时分开放也可以。但是因为我比较懒而且动作比较慢，而炒的过程其实很短，所以就提前混合好，这样只需要倒一次调料就OK。
            
            
            
              热锅凉油，小火，入花椒八角姜片蒜瓣，煸香后入香葱段、干红辣椒
            
            
            
              转大火，入花甲快速翻炒几下，倒入调好的豆瓣酱+料酒+白糖，翻炒均匀后即可关火，撒上香菜段，用余热翻匀。
            
          </steps><tips>
          1.焯花甲时不要过久，这一步只是为了让花甲开口，后面炒时就不会炒出很多水，所以最好是刚一开口就捞出来，煮久则老。2.八角分开掰成小块会更容易出味道。3.因为花甲已经焯开口，所以最后翻炒一定要快快快，花甲从下锅到关火不超过半分钟。久了花甲里的水分会散掉，肉也随之干瘪，没有咬下去汁液满溢的鲜嫩感了。
        </tips><tags>
        快手菜
        下酒菜
        辣
        家常菜
        辣炒花甲
        花甲
        炒花甲
        辣
        炒花甲螺
      </tags></item></page_detail></extraction>