<?xml version="1.0" encoding="UTF-8"?><extraction><clueid>99353738</clueid><fullpath><![CDATA[http://www.xiachufang.com/recipe/28564/]]></fullpath><realpath><![CDATA[http://www.xiachufang.com/recipe/28564/]]></realpath><theme>food_detail_page</theme><middle>规则_2</middle><createdate>2019-5-14 17:2:18</createdate><pageno>0</pageno><actionno></actionno><actionvalue></actionvalue><prestamp>DSEngine-+--+-0</prestamp><currentstamp>DSEngine-+-ds_browser_top-+-1557824538107</currentstamp><timestamp>1557824538107</timestamp><baseURI><bucketBaseURI><bucketName>page_detail</bucketName><uri><![CDATA[http://www.xiachufang.com/recipe/28564/]]></uri></bucketBaseURI></baseURI><customInfo><![CDATA[]]></customInfo><dsName>DSEngine</dsName><dsThread>datascraper_top</dsThread><version>80700</version>
<page_detail><item><foodname>
      桂花山药
    </foodname><score>8.1</score><heat>169</heat><author>胡元骏</author><materials><item><mate>
                  

    山药

                </mate><quantity>
                </quantity></item><item><mate>
                  

    糖桂花

                </mate><quantity>
                </quantity></item><item><mate>
                  

    蜂蜜

                </mate><quantity>
                </quantity></item><item><mate>
                  

    冰糖

                </mate><quantity>
                </quantity></item></materials><steps>
            
            
              将山药洗净，去皮。注意去皮时最好戴上厨房用一次性手套，山药去皮后的粘液容易引起皮肤过敏
              
            
            
            
              将去皮后的山药切成如小拇指粗细长短相仿的长条状。切好的山药条要立即放入滴入几滴白醋的清水中浸泡，以防止氧化
              
            
            
            
              汤锅烧开水，水量以刚能没过山药为宜。水开后放入冰糖与山药。冰糖的量可多可少，根据自己的喜好就好。但也不要放入太多，因为糖桂花是很甜的。大约煮10分钟即可关火。掀盖不要捞出，让它自然凉透
              
            
            
            
              将凉透的山药与糖水一起倒入一个大碗中，放入冰箱冷藏室，冰一下。吃的时候，将山药条捞出，整齐地摆入盘中，撒上适量的糖桂花与蜂蜜的结合体，漂亮美味的桂花山药就搞定啦
              
            
          </steps><tips>
          山药亦可切成方丁或斜片。糖桂花各大超市有售，稻香村还有售卖散装的。
        </tips><tags>
        甜品
        小清新
        下酒菜
        桂花山药
        桂花山药糕
        桂花
        紫薯桂花山药冰皮月饼
        山药
      </tags></item></page_detail></extraction>