<?xml version="1.0" encoding="UTF-8"?><extraction><clueid>99352558</clueid><fullpath><![CDATA[http://www.xiachufang.com/recipe/1068222/]]></fullpath><realpath><![CDATA[http://www.xiachufang.com/recipe/1068222/]]></realpath><theme>food_detail_page</theme><middle>规则_2</middle><createdate>2019-5-13 23:17:39</createdate><pageno>0</pageno><actionno></actionno><actionvalue></actionvalue><prestamp>DSEngine-+--+-0</prestamp><currentstamp>DSEngine-+-ds_browser_top-+-1557760659222</currentstamp><timestamp>1557760659222</timestamp><baseURI><bucketBaseURI><bucketName>page_detail</bucketName><uri><![CDATA[http://www.xiachufang.com/recipe/1068222/]]></uri></bucketBaseURI></baseURI><customInfo><![CDATA[]]></customInfo><dsName>DSEngine</dsName><dsThread>datascraper_top</dsThread><version>80700</version>
<page_detail><item><foodname>
      香脆炒黄瓜
    </foodname><score>7.5</score><heat>2829</heat><author>偏离.于墨尔本.</author><materials><item><mate>
                  

    黄瓜

                </mate><quantity>
                    1根
                </quantity></item><item><mate>
                  

    盐

                </mate><quantity>
                    1大匙+1/3小匙
                </quantity></item><item><mate>
                  

    糖

                </mate><quantity>
                    1大匙
                </quantity></item><item><mate>
                  

    干辣椒碎

                </mate><quantity>
                    1/2大匙
                </quantity></item></materials><steps>
            
            
              黄瓜切片
              
            
            
            
              提前2个小时，在黄瓜片上撒盐和糖腌制
              
            
            
            
              待黄瓜片流出很多水的时候，用手将水分挤干，黄瓜片备用
              
            
            
            
              锅内放适量的油，待油5成热，放入干辣椒碎爆香
              
            
            
            
              闻到浓烈的椒香味的时候，向锅内倒入挤干水分的黄瓜片
              
            
            
            
              撒一点盐调味，将黄瓜片翻炒均匀即可
              
            
          </steps><tips>
          1.用盐和糖将黄瓜中的水分逼出来，这样会使瓜片脆爽可口，咬上去更有口感。
2.因为之前已经用盐腌制过，所以最后炒的时候少放一点盐调味就可以了。
3.如果喜欢吃花椒的同学，爆香辣椒油前可以先炼一下花椒油，味道更丰富。
        </tips><tags>
        素菜
        快手菜
        下饭菜
        家常菜
        宴客
        单身食谱
      </tags></item></page_detail></extraction>