<?xml version="1.0" encoding="UTF-8"?><extraction><clueid>99352796</clueid><fullpath><![CDATA[http://www.xiachufang.com/recipe/100515391/]]></fullpath><realpath><![CDATA[http://www.xiachufang.com/recipe/100515391/]]></realpath><theme>food_detail_page</theme><middle>规则_2</middle><createdate>2019-5-14 2:16:53</createdate><pageno>0</pageno><actionno></actionno><actionvalue></actionvalue><prestamp>DSEngine-+--+-0</prestamp><currentstamp>DSEngine-+-ds_browser_top-+-1557771413462</currentstamp><timestamp>1557771413462</timestamp><baseURI><bucketBaseURI><bucketName>page_detail</bucketName><uri><![CDATA[http://www.xiachufang.com/recipe/100515391/]]></uri></bucketBaseURI></baseURI><customInfo><![CDATA[]]></customInfo><dsName>DSEngine</dsName><dsThread>datascraper_top</dsThread><version>80700</version>
<page_detail><item><foodname>
      纯全麦面包~劲爆减肥版（无油无糖无蛋无奶）
      </foodname><score>7.3</score><heat>887</heat><author>肥还是要减的</author><materials><item><mate>
                  

    即食燕麦片

                </mate><quantity>
                    看心情~
                </quantity></item><item><mate>
                  

    坚果碎

                </mate><quantity>
                    看近期体重决定加多少T-T
                </quantity></item><item><mate>
                  

    全麦面粉

                </mate><quantity>
                    300g
                </quantity></item><item><mate>
                  

    水

                </mate><quantity>
                    210g
                </quantity></item><item><mate>
                  

    耐低糖干酵母

                </mate><quantity>
                    4g
                </quantity></item><item><mate>
                  

    盐

                </mate><quantity>
                    3g
                </quantity></item></materials><steps>
            
            
              将所有材料（除坚果燕麦）揉成面团，揉至表面光滑无颗粒（不需出膜也出不了膜），此时喜欢加坚果的朋友可加入坚果，把坚果揉进面团混合均匀即可。在温度28度左右发酵。少量面团可揉圆后放在大碗里，盖保鲜膜发酵。面团偏大，建议使用塑料盒，将面团拍扁，放盒子盖盖发酵（中途可翻一次面）可尝试冷藏发酵，但建议至少室温发酵半小时后再冷藏。
              
            
            
            
              发酵好的面团取出，分成两份滚圆，盖保鲜膜醒发20分钟
            
            
            
              整形，建议小餐包或小橄榄图片整形法：将松弛好的面团用擀面杖擀成椭圆形，沿长边从上往下卷皮，边卷边注意收边，最后将接缝捏合，接缝朝下，成长橄榄型还是小餐包比较可爱，烤18左右就够了，一餐一个棒棒哒！
            
            
            
              等待片刻，用手接触面团表面产生粘性后，撒即食麦片
            
            
            
              二发60分钟左右，可放在烤箱中加热水，至轻碰面团不迅速会弹即可烤箱中加热水：人造一个偏高温高湿度环境，烤箱不开火！将放着面包的烤盘放置于烤箱上层，烤箱里放一碗温水（水温自己掌握，使烤箱内温度不高于38度最好！）强烈建议买一个烤箱内温度计…烤箱没那么准真的
            
            
            
              发酵好后，放入预热200度的烤箱，烤20-25分钟至表面金黄即可（置于烤箱下1/3的位置比较好）想要表面更硬可以开烤前往烤箱里喷一点水喜欢表面亮泽可以刷牛奶或者蛋液，根据个人喜好割包筛粉（直接烤的效果就是哑光表面）可将烤箱预热至220度，因为开门瞬间烤箱温度会降低，放入面包后再将温度调到200
            
          </steps><tips>
          再给大家科普一下关于低GI减肥的一点小知识吧…我们所说白面包GI高，全麦面包GI低，白米饭高杂粮饭低，这个数据是在空腹仅摄入该种食物的情况下测得的。但在吃饭时，我们会肉菜饭一起吃，在这样混合的情况下，其实全麦和精粮的GI并没有差那么多…说这个的意思是，针对某些严格执行低GI的朋友，遇到外食找不到粗粮的时候，别慌😂你可以先吃一份菜，再吃一份干净（意思是少油）的肉，最后吃一份正常量的白米饭馒头神马…完全没有关系是的就是吃光了一份再吃另一份！
        </tips><tags>
        面包
        减肥
        全麦面包
        全麦切片面包
        全麦核桃面包
        全麦香蕉面包
        全麦土司
      </tags></item></page_detail></extraction>