<?xml version="1.0" encoding="UTF-8"?><extraction><clueid>99353205</clueid><fullpath><![CDATA[http://www.xiachufang.com/recipe/102423573/]]></fullpath><realpath><![CDATA[http://www.xiachufang.com/recipe/102423573/]]></realpath><theme>food_detail_page</theme><middle>规则_2</middle><createdate>2019-5-14 14:52:5</createdate><pageno>0</pageno><actionno></actionno><actionvalue></actionvalue><prestamp>DSEngine-+--+-0</prestamp><currentstamp>DSEngine-+-ds_browser_top-+-1557816725692</currentstamp><timestamp>1557816725692</timestamp><baseURI><bucketBaseURI><bucketName>page_detail</bucketName><uri><![CDATA[http://www.xiachufang.com/recipe/102423573/]]></uri></bucketBaseURI></baseURI><customInfo><![CDATA[]]></customInfo><dsName>DSEngine</dsName><dsThread>datascraper_top</dsThread><version>80700</version>
<page_detail><item><foodname>
      椰汁糕（吉利丁粉）
      </foodname><score>7.0</score><heat>23</heat><author>zero可以吗</author><materials><item><mate>
                  

    椰浆

                </mate><quantity>
                    400mL
                </quantity></item><item><mate>
                  

    白开水

                </mate><quantity>
                    375（200+175）mL
                </quantity></item><item><mate>
                  

    吉利丁粉

                </mate><quantity>
                    40克
                </quantity></item><item><mate>
                  

    白砂糖

                </mate><quantity>
                    60克
                </quantity></item><item><mate>
                  

    热开水

                </mate><quantity>
                    适量
                </quantity></item></materials><steps>
            
            
              取40g吉利丁粉放入小容器A,加175mL常温水，搅拌溶解,大概2分钟；在大容器B加适量热开水，把小容器A放入大容器，继续搅拌化开，液体呈深黄色透明。备用。
            
            
            
              称取白砂糖60g，量取白开水200mL，取椰浆一罐400mL，一起放入锅C中，搅拌，加热煮开，关火；
            
            
            
              取容器A中备用的吉利丁粉溶液，缓慢倒入锅C中，并不断搅拌，静置放凉。转移到定形容器D，用勺子刮去表面泡沫。
            
            
            
              放凉后，进行稍加搅拌（防止后期凝固后分层），放入冰箱软冻层。图中是冷藏30分钟后，未完全凝固。
              
            
            
            
              冷藏时间过短就会像布丁一样，视频中是冷藏30分钟后的样子。
              
            
            
            
              隔夜取出，切块。口感清甜爽口，带椰香。
              
            
          </steps><tips>
          之所以隔夜取，是因为我是晚上做的。白天做一般建议1-2h冷藏就能凝固很好。
        </tips><tags>
        甜品
      </tags></item></page_detail></extraction>