<?xml version="1.0" encoding="UTF-8"?><extraction><clueid>99353407</clueid><fullpath><![CDATA[http://www.xiachufang.com/recipe/166026/]]></fullpath><realpath><![CDATA[http://www.xiachufang.com/recipe/166026/]]></realpath><theme>food_detail_page</theme><middle>规则_2</middle><createdate>2019-5-14 15:26:43</createdate><pageno>0</pageno><actionno></actionno><actionvalue></actionvalue><prestamp>DSEngine-+--+-0</prestamp><currentstamp>DSEngine-+-ds_browser_top-+-1557818803068</currentstamp><timestamp>1557818803068</timestamp><baseURI><bucketBaseURI><bucketName>page_detail</bucketName><uri><![CDATA[http://www.xiachufang.com/recipe/166026/]]></uri></bucketBaseURI></baseURI><customInfo><![CDATA[]]></customInfo><dsName>DSEngine</dsName><dsThread>datascraper_top</dsThread><version>80700</version>
<page_detail><item><foodname>
      蒸茄子
    </foodname><score>7.7</score><heat>662</heat><author>简单煮意</author><materials><item><mate>
                  

    茄子

                </mate><quantity>
                </quantity></item><item><mate>
                  

    葱

                </mate><quantity>
                </quantity></item><item><mate>
                  

    蒜头

                </mate><quantity>
                </quantity></item><item><mate>
                  

    红辣椒

                </mate><quantity>
                </quantity></item><item><mate>
                  

    植物油

                </mate><quantity>
                </quantity></item><item><mate>
                  

    生抽

                </mate><quantity>
                </quantity></item><item><mate>
                  

    白糖

                </mate><quantity>
                </quantity></item><item><mate>
                  

    盐

                </mate><quantity>
                </quantity></item><item><mate>
                  

    醋

                </mate><quantity>
                </quantity></item></materials><steps>
            
            
              茄子剖开切成段,葱和蒜头切末,红辣椒去籽切圈
            
            
            
              茄子蒸熟滗水,撒上葱、蒜、红椒圈
            
            
            
              所有调料放在一起(用量可根据自己的口味)调匀，淋在茄子上
            
            
            
              葱、蒜、红椒圈放在茄子上，把植物油烧热浇在葱、蒜、红椒圈上
            
            
            
              吃时拌匀即可
            
          </steps><tips/><tags>
        蒸
        清淡
        素菜
        蒸茄子
        蒜泥蒸茄子
        蒜蓉蒸茄子
        剁椒蒸茄子
        凉拌蒸茄子
      </tags></item></page_detail></extraction>