<?xml version="1.0" encoding="UTF-8"?><extraction><clueid>99352922</clueid><fullpath><![CDATA[http://www.xiachufang.com/recipe/100252799/]]></fullpath><realpath><![CDATA[http://www.xiachufang.com/recipe/100252799/]]></realpath><theme>food_detail_page</theme><middle>规则_2</middle><createdate>2019-5-14 11:17:35</createdate><pageno>0</pageno><actionno></actionno><actionvalue></actionvalue><prestamp>DSEngine-+--+-0</prestamp><currentstamp>DSEngine-+-ds_browser_top-+-1557803855411</currentstamp><timestamp>1557803855411</timestamp><baseURI><bucketBaseURI><bucketName>page_detail</bucketName><uri><![CDATA[http://www.xiachufang.com/recipe/100252799/]]></uri></bucketBaseURI></baseURI><customInfo><![CDATA[]]></customInfo><dsName>DSEngine</dsName><dsThread>datascraper_top</dsThread><version>80700</version>
<page_detail><item><foodname>
      无奶油的豆腐酸奶慕斯蛋糕
    </foodname><score>7.3</score><heat>274</heat><author>Kanaho</author><materials><item><mate>
                  

    绢豆腐（或内酯豆腐）

                </mate><quantity>
                    170g
                </quantity></item><item><mate>
                  

    原味酸奶（沥水后）

                </mate><quantity>
                    200g
                </quantity></item><item><mate>
                  

    砂糖

                </mate><quantity>
                    80g
                </quantity></item><item><mate>
                  

    咖啡奶精

                </mate><quantity>
                    3个
                </quantity></item><item><mate>
                  

    柠檬汁

                </mate><quantity>
                    2大匙
                </quantity></item><item><mate>
                  

    吉利丁粉

                </mate><quantity>
                    5g
                </quantity></item><item><mate>
                  

    消化饼干

                </mate><quantity>
                    85g
                </quantity></item><item><mate>
                  

    黄油

                </mate><quantity>
                    40g
                </quantity></item><item><mate>
                  

    蓝莓、覆盆子

                </mate><quantity>
                    适量
                </quantity></item></materials><steps>
            
            
              把消化饼干碾碎后和融化成液态的黄油混合好，铺在模具的底部，上面均匀铺上蓝莓覆盆子等水果，放进冰箱冷藏
              
            
            
            
              豆腐用手抓着挤碎，尽量挤掉水分，倒进打蛋盆里搅碎，把酸奶滤掉多余水分，方法：https://www.xiachufang.com/recipe/100302494/加砂糖一起倒进盆里搅拌均匀
              
            
            
            
              把咖啡奶精（没有的话用练乳代替），柠檬汁加进去，再次搅拌均匀
              
            
            
            
              把吉利丁粉加2大匙热水溶解，加入3搅拌好，再倒进已经冷藏好的1，重新放进冰箱里冷藏
              
            
            
            
              冻成型之后就可以拿出来了
              
            
            
            
              切好，开吃~
              
            
          </steps><tips>
          没有吉利丁分的话就用吉利丁片，蛋糕里的水果可以按个人喜好更改
        </tips><tags>
        免烤
        下午茶
        减肥
        零食
        蛋糕
      </tags></item></page_detail></extraction>