<?xml version="1.0" encoding="UTF-8"?><extraction><clueid>99353922</clueid><fullpath><![CDATA[http://www.xiachufang.com/recipe/98048/]]></fullpath><realpath><![CDATA[http://www.xiachufang.com/recipe/98048/]]></realpath><theme>food_detail_page</theme><middle>规则_2</middle><createdate>2019-5-14 20:24:37</createdate><pageno>0</pageno><actionno></actionno><actionvalue></actionvalue><prestamp>DSEngine-+--+-0</prestamp><currentstamp>DSEngine-+-ds_browser_top-+-1557836677525</currentstamp><timestamp>1557836677525</timestamp><baseURI><bucketBaseURI><bucketName>page_detail</bucketName><uri><![CDATA[http://www.xiachufang.com/recipe/98048/]]></uri></bucketBaseURI></baseURI><customInfo><![CDATA[]]></customInfo><dsName>DSEngine</dsName><dsThread>datascraper_top</dsThread><version>80700</version>
<page_detail><item><foodname>
      鲜鲍鱼仔鸡汤
    </foodname><score/><heat>13</heat><author>烩烩小厨</author><materials><item><mate>
                  

    鲜鲍鱼仔

                </mate><quantity>
                    1000克
                </quantity></item><item><mate>
                  

    土鸡

                </mate><quantity>
                    1只
                </quantity></item><item><mate>
                  

    姜

                </mate><quantity>
                    几片
                </quantity></item><item><mate>
                  

    盐

                </mate><quantity>
                    适量
                </quantity></item></materials><steps>
            
            
              新鲜鲍鱼仔用清水稍为清洗
              
            
            
            
              用小刀从鲍鱼壳边缘插进去
              
            
            
            
              把鲍鱼肉和壳分离出来
              
            
            
            
              分离出来的鲍鱼肉
              
            
            
            
              鲍鱼壳上留下的鲍鱼肠，把肠扔掉，将壳上的泥清洗干净
              
            
            
            
              鲍鱼肉加少许盐揉抓，再用清水清洗干净沥干水
              
            
            
            
              土鸡洗净
              
            
            
            
              将鸡切成小块
              
            
            
            
              锅内放适量的水，将鲍鱼仔、壳和鸡块和姜片一起放锅内
              
            
            
            
              加适量的水
              
            
            
            
              大火烧开（煮了一大锅，所以在院子里架了灶来烧，够农家味了吧？）
              
            
            
            
              转中小火煮60-90分钟，加盐调味即可
              
            
          </steps><tips>
          鲍鱼的营养丰富：
1.鲍鱼含有丰富的蛋白质，还有较多的钙、铁、碘和维生素A等营养元素；
2.鲍鱼营养价值极高，富含丰富的球蛋白；鲍鱼的肉中还含有一种被称为“鲍素”的成分，能够破坏癌细胞必需的代谢物质；
3.鲍鱼能养阴、平肝、固肾，可调整肾上腺分泌，具有双向性调节血压的作用；
4.鲍鱼有调经、润燥利肠之效，可治月经不调、大便秘结等疾患；
5.鲍鱼具有滋阴补养功效，并是一种补而不燥的海产。
        </tips><tags>
        全部菜单
      </tags></item></page_detail></extraction>