<?xml version="1.0" encoding="UTF-8"?><extraction><clueid>99352587</clueid><fullpath><![CDATA[http://www.xiachufang.com/recipe/257932/]]></fullpath><realpath><![CDATA[http://www.xiachufang.com/recipe/257932/]]></realpath><theme>food_detail_page</theme><middle>规则_2</middle><createdate>2019-5-13 23:25:19</createdate><pageno>0</pageno><actionno></actionno><actionvalue></actionvalue><prestamp>DSEngine-+--+-0</prestamp><currentstamp>DSEngine-+-ds_browser_top-+-1557761119241</currentstamp><timestamp>1557761119241</timestamp><baseURI><bucketBaseURI><bucketName>page_detail</bucketName><uri><![CDATA[http://www.xiachufang.com/recipe/257932/]]></uri></bucketBaseURI></baseURI><customInfo><![CDATA[]]></customInfo><dsName>DSEngine</dsName><dsThread>datascraper_top</dsThread><version>80700</version>
<page_detail><item><foodname>
      培根芦笋卷
    </foodname><score>7.7</score><heat>2943</heat><author>83小钟</author><materials><item><mate>
                  

    培根

                </mate><quantity>
                </quantity></item><item><mate>
                  

    芦笋

                </mate><quantity>
                </quantity></item><item><mate>
                  

    黑椒碎

                </mate><quantity>
                </quantity></item></materials><steps>
            
            
              把芦笋改刀切成比培根宽度略长的长度，放入加了少许食用油和盐的开水锅焯水，焯好后捞出迅速浸入加了冰块的凉开水里
              
            
            
            
              培根一切为三备用
              
            
            
            
              取一小处培根片，包入2根芦笋，卷起，用牙签固定。然后依次做好全部
              
            
            
            
              将做好的芦笋卷入平底锅，煎至培根微微焦黄，撒上黑椒碎即可
              
            
          </steps><tips>
          1.芦笋焯水时加油，能让芦笋颜色更翠绿。焯好后马上泡入冰水里，口感更脆爽。
2.做好的培根卷除了煎，你也可以用烤箱和微波炉烘烤。
3.培根本身就有咸味，做好的培根卷不用另外放盐，直接磨点黑椒碎上去就很好吃了。
        </tips><tags>
        宴客菜
        煎
        快手菜
        便当
        单身食谱
      </tags></item></page_detail></extraction>