<?xml version="1.0" encoding="UTF-8"?><extraction><clueid>99352475</clueid><fullpath><![CDATA[http://www.xiachufang.com/recipe/102834007/]]></fullpath><realpath><![CDATA[http://www.xiachufang.com/recipe/102834007/]]></realpath><theme>food_detail_page</theme><middle>规则_2</middle><createdate>2019-5-13 23:5:13</createdate><pageno>0</pageno><actionno></actionno><actionvalue></actionvalue><prestamp>DSEngine-+--+-0</prestamp><currentstamp>DSEngine-+-ds_browser_top-+-1557759913597</currentstamp><timestamp>1557759913597</timestamp><baseURI><bucketBaseURI><bucketName>page_detail</bucketName><uri><![CDATA[http://www.xiachufang.com/recipe/102834007/]]></uri></bucketBaseURI></baseURI><customInfo><![CDATA[]]></customInfo><dsName>DSEngine</dsName><dsThread>datascraper_top</dsThread><version>80700</version>
<page_detail><item><foodname>
      豆腐饼
      </foodname><score>7.6</score><heat>1468</heat><author>小单飞咖啡</author><materials><item><mate>
                  

    豆腐

                </mate><quantity>
                    一块
                </quantity></item><item><mate>
                  

    鸡蛋

                </mate><quantity>
                    一个
                </quantity></item><item><mate>
                  

    胡萝卜

                </mate><quantity>
                    一小根
                </quantity></item><item><mate>
                  

    面粉

                </mate><quantity>
                    50克
                </quantity></item><item><mate>
                  

    盐

                </mate><quantity>
                    2克
                </quantity></item><item><mate>
                  

    虾皮（淡虾皮）

                </mate><quantity>
                    20克
                </quantity></item><item><mate>
                  

    青菜

                </mate><quantity>
                    1小把
                </quantity></item><item><mate>
                  

    油

                </mate><quantity>
                    适量
                </quantity></item></materials><steps>
            
            
              准备所需食材：豆腐、青菜、虾皮、胡萝卜、面粉、盐、油
              
            
            
            
              青菜、🥕洗净切碎
              
            
            
            
              豆腐用手抓碎
              
            
            
            
              先把青菜、豆腐、蛋用手抓匀
              
            
            
            
              除油外，继续放虾皮、盐、面粉用👋抓匀备用（虾皮是咸的盐就别放了）
              
            
            
            
              用手搓圆压扁，或借助模具压成你喜欢的样子
              
            
            
            
              平底锅放适量的油，小🔥加热
              
            
            
            
              把搓成的豆腐饼放入不粘锅里中小🔥煎，千万不要大🔥煎哦！
              
            
            
            
              中小火慢慢煎，一面煎定型后再翻一面煎，煎至两面金黄即可装盘
              
            
            
            
              外酥里嫩，有没有诱惑到你吖
              
            
          </steps><tips>
          1.只要自己喜欢的所有青菜都可以放2.要是虾皮带咸，盐就别放了。我的🦐皮是淡的所以放了2克盐
        </tips><tags>
        饼
        煎
        家常菜
        豆腐饼
        豆腐鸡蛋饼
        饼
        让豆腐
        豆腐
      </tags></item></page_detail></extraction>