<?xml version="1.0" encoding="UTF-8"?><extraction><clueid>99353318</clueid><fullpath><![CDATA[http://www.xiachufang.com/recipe/102902255/]]></fullpath><realpath><![CDATA[http://www.xiachufang.com/recipe/102902255/]]></realpath><theme>food_detail_page</theme><middle>规则_2</middle><createdate>2019-5-14 15:11:21</createdate><pageno>0</pageno><actionno></actionno><actionvalue></actionvalue><prestamp>DSEngine-+--+-0</prestamp><currentstamp>DSEngine-+-ds_browser_top-+-1557817881577</currentstamp><timestamp>1557817881577</timestamp><baseURI><bucketBaseURI><bucketName>page_detail</bucketName><uri><![CDATA[http://www.xiachufang.com/recipe/102902255/]]></uri></bucketBaseURI></baseURI><customInfo><![CDATA[]]></customInfo><dsName>DSEngine</dsName><dsThread>datascraper_top</dsThread><version>80700</version>
<page_detail><item><foodname>
      双黑固肾粥（焖烧罐版）
      </foodname><score/><heat>11</heat><author>小赖子-1</author><materials><item><mate>
                  

    黑米

                </mate><quantity>
                    300g
                </quantity></item><item><mate>
                  

    黑芝麻

                </mate><quantity>
                    50g
                </quantity></item><item><mate>
                  

    薏米

                </mate><quantity>
                    300g
                </quantity></item><item><mate>
                  

    百合

                </mate><quantity>
                    30g
                </quantity></item><item><mate>
                  

    核桃

                </mate><quantity>
                    50g
                </quantity></item><item><mate>
                  

    坚果碎

                </mate><quantity>
                    30g
                </quantity></item><item><mate>
                  

    水

                </mate><quantity>
                    食材的三倍量
                </quantity></item></materials><steps>
            
            
              划重点：焖烧杯真的是打工狗的养生神器，没时间做的事交给焖烧杯就好了。
              
            
            
            
              黑米、薏米、百合干淘净，入杯，先加入三分之一杯开水，盖盖焖五分钟；
              
            
            
            
              热水倒掉，再加入滚开的水，和黑芝麻，盖盖焖一晚上，第二天早上就可以吃了；
              
            
            
            
              如果传统煮粥方式，仍是黑米、薏米、百合三样先洗净，浸泡一晚，第二天早上连同黑芝麻、核桃仁同煮半小时至略稠即成；
            
            
            
              吃前撒核桃仁泥 或 核桃仁碎、花生碎等；
              
            
            
            
              或者撒枸杞、红枣，加红糖调味；暖胃养肾的热粥，可以一直吃到初夏。
              
            
          </steps><tips>
          固肾粥，对长期熬夜的人来说，光靠喝这个粥是不会见效的，放下手机去睡觉，你的肾需要好睡眠。
        </tips><tags>
        粥
        早餐
        单身食谱
        焖
      </tags></item></page_detail></extraction>