<?xml version="1.0" encoding="UTF-8"?><extraction><clueid>99352802</clueid><fullpath><![CDATA[http://www.xiachufang.com/recipe/85615/]]></fullpath><realpath><![CDATA[http://www.xiachufang.com/recipe/85615/]]></realpath><theme>food_detail_page</theme><middle>规则_2</middle><createdate>2019-5-14 2:36:51</createdate><pageno>0</pageno><actionno></actionno><actionvalue></actionvalue><prestamp>DSEngine-+--+-0</prestamp><currentstamp>DSEngine-+-ds_browser_top-+-1557772611530</currentstamp><timestamp>1557772611530</timestamp><baseURI><bucketBaseURI><bucketName>page_detail</bucketName><uri><![CDATA[http://www.xiachufang.com/recipe/85615/]]></uri></bucketBaseURI></baseURI><customInfo><![CDATA[]]></customInfo><dsName>DSEngine</dsName><dsThread>datascraper_top</dsThread><version>80700</version>
<page_detail><item><foodname>
      小葱拌豆腐
    </foodname><score>8.0</score><heat>1138</heat><author>俊良老妈-双双</author><materials><item><mate>
                  

    豆腐

                </mate><quantity>
                    一块
                </quantity></item><item><mate>
                  

    小葱

                </mate><quantity>
                    4根
                </quantity></item><item><mate>
                  

    盐

                </mate><quantity>
                    
                </quantity></item><item><mate>
                  

    白胡椒粉

                </mate><quantity>
                    
                </quantity></item><item><mate>
                  

    油

                </mate><quantity>
                    
                </quantity></item><item><mate>
                  

    花椒粒

                </mate><quantity>
                    
                </quantity></item><item><mate>
                  

    香油

                </mate><quantity>
                    
                </quantity></item><item><mate>
                  

    鸡精

                </mate><quantity>
                    适量
                </quantity></item></materials><steps>
            
            
              豆腐一小块，切成小丁
            
            
            
              锅内烧开水，将豆腐放入，开水焯熟，水开一开就好
            
            
            
              捞出投入凉水中过晾
            
            
            
              小葱切细断
            
            
            
              将过晾的豆腐丁控干水分
            
            
            
              豆腐中加入盐、白胡椒粉、香油、鸡精调味，撒上小葱末
            
            
            
              将油烧热，放入花椒粒，炸出香味
            
            
            
              将小葱豆腐放入盘内，用勺子舀花椒油适量淋在表面即可
            
          </steps><tips>
          1、豆腐很易烂，所以切得时候一定要小心。
2、开水焯豆腐时间一定要短，水开之后一会即可，时间长了豆腐口感不嫩。我们北方都会生吃豆腐，所以不用担心焯不熟的问题哈。
3、豆腐要先和盐、鸡精、香油、胡椒粉拌匀，拌的时候也要小心操作。然后再放入小葱，否则小葱变色，变软烂就不好看了。
4、炸花椒一定要炸透，使花椒的味道充分浸足。
        </tips><tags>
        家常菜
        快手菜
        减肥
        宴客
        小葱拌豆腐
        小葱豆腐
        小葱
        小葱炒豆腐
        小葱拌鹅蛋
      </tags></item></page_detail></extraction>