<?xml version="1.0" encoding="UTF-8"?><extraction><clueid>99352755</clueid><fullpath><![CDATA[http://www.xiachufang.com/recipe/29922/]]></fullpath><realpath><![CDATA[http://www.xiachufang.com/recipe/29922/]]></realpath><theme>food_detail_page</theme><middle>规则_2</middle><createdate>2019-5-14 0:48:22</createdate><pageno>0</pageno><actionno></actionno><actionvalue></actionvalue><prestamp>DSEngine-+--+-0</prestamp><currentstamp>DSEngine-+-ds_browser_top-+-1557766102071</currentstamp><timestamp>1557766102071</timestamp><baseURI><bucketBaseURI><bucketName>page_detail</bucketName><uri><![CDATA[http://www.xiachufang.com/recipe/29922/]]></uri></bucketBaseURI></baseURI><customInfo><![CDATA[]]></customInfo><dsName>DSEngine</dsName><dsThread>datascraper_top</dsThread><version>80700</version>
<page_detail><item><foodname>
      奶香南瓜汁
    </foodname><score>8.4</score><heat>2153</heat><author>文琦</author><materials><item><mate>
                  

    南瓜

                </mate><quantity>
                    约250克
                </quantity></item><item><mate>
                  

    纯牛奶

                </mate><quantity>
                    一袋220ML
                </quantity></item><item><mate>
                  

    大米

                </mate><quantity>
                    约50克
                </quantity></item></materials><steps>
            
            
              大米（至少浸泡半小时）约50克，南瓜约250克，蒙牛220ML纯牛奶一袋
              
            
            
            
              南瓜洗净，去籽、去皮后切块，再改刀成丁状
              
            
            
            
              把泡好的大米沥干水，倒入豆浆机杯体内，南瓜丁和牛奶放入，注入适量沸水至水位线
              
            
            
            
              浸泡5分钟后接通电源，选择“五谷豆浆”键，至其自动完成即可
              
            
          </steps><tips>
          1.南瓜切成丁状便于豆浆机工作。
2.浸泡5分钟是为了使南瓜在沸水中软化，味道浓厚。
3.方子中的液体可以全用牛奶或者全用沸水代替。
4.加入大米使南瓜汁浓稠，并且口感变得更香滑。
5.不需要加糖，冷热饮均可。
6.使用后的豆浆机应及时清洗，以免杯体被南瓜汁染色。
        </tips><tags>
        饮品
        豆浆机
        老人
        减肥
        甜品
        豆浆
        果汁
        宿舍
        榨汁机
        万圣节
        奶香
        奶香南瓜汁
        南瓜汁
        奶香南瓜羹
        奶香玉米汁
        奶香南瓜馒头
      </tags></item></page_detail></extraction>