<?xml version="1.0" encoding="UTF-8"?><extraction><clueid>99353731</clueid><fullpath><![CDATA[http://www.xiachufang.com/recipe/181825/]]></fullpath><realpath><![CDATA[http://www.xiachufang.com/recipe/181825/]]></realpath><theme>food_detail_page</theme><middle>规则_2</middle><createdate>2019-5-14 16:40:18</createdate><pageno>0</pageno><actionno></actionno><actionvalue></actionvalue><prestamp>DSEngine-+--+-0</prestamp><currentstamp>DSEngine-+-ds_browser_top-+-1557823218256</currentstamp><timestamp>1557823218256</timestamp><baseURI><bucketBaseURI><bucketName>page_detail</bucketName><uri><![CDATA[http://www.xiachufang.com/recipe/181825/]]></uri></bucketBaseURI></baseURI><customInfo><![CDATA[]]></customInfo><dsName>DSEngine</dsName><dsThread>datascraper_top</dsThread><version>80700</version>
<page_detail><item><foodname>
      凉拌银耳
    </foodname><score>7.6</score><heat>249</heat><author>AMMA</author><materials><item><mate>
                  

    银耳

                </mate><quantity>
                </quantity></item><item><mate>
                  

    盐

                </mate><quantity>
                </quantity></item><item><mate>
                  

    白醋

                </mate><quantity>
                </quantity></item><item><mate>
                  

    白糖

                </mate><quantity>
                </quantity></item><item><mate>
                  

    味精

                </mate><quantity>
                </quantity></item><item><mate>
                  

    香油

                </mate><quantity>
                </quantity></item></materials><steps>
            
            
              温水中泡发银耳1个小时
            
            
            
              待银耳泡发好后，焯水沥干
            
            
            
              手撕成小朵
            
            
            
              将银耳装入容器中放适当盐、白醋、少量白糖、味精、香油调拌均匀即可食用
            
          </steps><tips/><tags>
        宿舍
        凉拌银耳
        银耳
        凉拌
        糖醋银耳
        鲜银耳
      </tags></item></page_detail></extraction>