<?xml version="1.0" encoding="UTF-8"?><extraction><clueid>99352631</clueid><fullpath><![CDATA[http://www.xiachufang.com/recipe/100405226/]]></fullpath><realpath><![CDATA[http://www.xiachufang.com/recipe/100405226/]]></realpath><theme>food_detail_page</theme><middle>规则_2</middle><createdate>2019-5-13 23:45:19</createdate><pageno>0</pageno><actionno></actionno><actionvalue></actionvalue><prestamp>DSEngine-+--+-0</prestamp><currentstamp>DSEngine-+-ds_browser_top-+-1557762319084</currentstamp><timestamp>1557762319084</timestamp><baseURI><bucketBaseURI><bucketName>page_detail</bucketName><uri><![CDATA[http://www.xiachufang.com/recipe/100405226/]]></uri></bucketBaseURI></baseURI><customInfo><![CDATA[]]></customInfo><dsName>DSEngine</dsName><dsThread>datascraper_top</dsThread><version>80700</version>
<page_detail><item><foodname>
      蒸鲈鱼
      </foodname><score>8.4</score><heat>1400</heat><author>娇么么</author><materials><item><mate>
                  

    鲈鱼

                </mate><quantity>
                    约一斤重一条
                </quantity></item><item><mate>
                  

    盐

                </mate><quantity>
                    一盐勺
                </quantity></item><item><mate>
                  

    料酒

                </mate><quantity>
                    一瓶盖
                </quantity></item><item><mate>
                  

    葱丝

                </mate><quantity>
                    适量
                </quantity></item><item><mate>
                  

    姜丝

                </mate><quantity>
                    6薄片
                </quantity></item><item><mate>
                  

    酱油

                </mate><quantity>
                    1-2瓷羹
                </quantity></item><item><mate>
                  

    油

                </mate><quantity>
                    1-2瓷羹
                </quantity></item></materials><steps>
            
            
              鲈鱼洗净沥水，姜切丝。 鱼内外抹一层薄盐，鱼身下铺点姜丝（防止鱼皮粘盘），淋一瓶盖料酒，腌制10分钟；
              
            
            
            
              蒸锅烧开水上锅蒸8分钟，关火“虚蒸”3-5分钟；
              
            
            
            
              切葱丝，取葱青洗净切段竖着切丝 又叫“银丝葱”。倒掉蒸鱼盘子里的水、拣出鱼身上的姜丝不要，趁热淋1-1.5瓷羮酱油，铺上葱丝；
              
            
            
            
              烧滚1-2瓷羮油（有点冒烟的程度）浇在葱丝周围即可，刺啦···一声，尤其美妙趁热 吃！
              
            
            
            
              这个葱丝看着卷卷的，好看多了。做饭不仅要愉悦口腹与他人，愉悦自己也很重要。
              
            
          </steps><tips>
          买的葱总是三两天就坏了，于是学会了种葱，总能解燃眉之急，这不，鱼身上的葱还没长成形就被我掐了，真是一切一汪水
        </tips><tags>
        蒸
        快手菜
        蒸鲈鱼
        鲈鱼
        剁椒蒸鲈鱼
        豆豉蒸鲈鱼
        薄荷蒸鲈鱼
      </tags></item></page_detail></extraction>