<?xml version="1.0" encoding="UTF-8"?><extraction><clueid>99353446</clueid><fullpath><![CDATA[http://www.xiachufang.com/recipe/83423/]]></fullpath><realpath><![CDATA[http://www.xiachufang.com/recipe/83423/]]></realpath><theme>food_detail_page</theme><middle>规则_2</middle><createdate>2019-5-14 15:33:8</createdate><pageno>0</pageno><actionno></actionno><actionvalue></actionvalue><prestamp>DSEngine-+--+-0</prestamp><currentstamp>DSEngine-+-ds_browser_top-+-1557819188926</currentstamp><timestamp>1557819188926</timestamp><baseURI><bucketBaseURI><bucketName>page_detail</bucketName><uri><![CDATA[http://www.xiachufang.com/recipe/83423/]]></uri></bucketBaseURI></baseURI><customInfo><![CDATA[]]></customInfo><dsName>DSEngine</dsName><dsThread>datascraper_top</dsThread><version>80700</version>
<page_detail><item><foodname>
      黄瓜大米粥
    </foodname><score>8.0</score><heat>203</heat><author>慧心荷韵</author><materials><item><mate>
                  

    大米

                </mate><quantity>
                    
                </quantity></item><item><mate>
                  

    黄瓜

                </mate><quantity>
                    
                </quantity></item><item><mate>
                  

    食盐

                </mate><quantity>
                    少量
                </quantity></item></materials><steps>
            
            
              锅里放入足量的水，大火烧至锅里发出响声，水似开非开。大米用清水冲洗一遍，放入锅中
            
            
            
              用勺子将大米搅拌几次， 往锅里加入一滴食用油，用大火熬煮，煮至锅里的水再次烧开，表面有浮沫飘起，用勺子将浮沫撇净
            
            
            
              用勺子将锅里的大米再朝一个方向搅拌几次，转小火慢慢煮制，期间要间隔用勺子再朝一个方向搅拌几次。直到锅里的大米煮至软烂
            
            
            
              转中大火，一边用勺子朝一个方向搅拌粥体，一边熬煮约10分钟至粥体浓稠
            
            
            
              黄瓜洗净，用削皮刀轻轻刮去外皮。用刀把黄瓜先切成薄片分切成细长条，再切成小丁
            
            
            
              切好的黄瓜丁放入锅中， 加入适量的食盐调味，用勺子搅拌1～2分钟关火即可
            
          </steps><tips>
          我家每天的早餐基本是以粥为主。一是因为熬粥方便，在煮粥的同时我可以腾出手来准备午饭的便当菜；二是受山西习惯早晨喝小米稀饭的影响，我家觉得还是喝粥舒服。经过一个晚上，醒来之后人体极易缺乏水分出现干燥现象，必须补充充足的水分，才能让早餐的营养充分被人体吸收。而早餐粥里面既有水又有谷物，对于肠胃不好的人来说，早餐粥经过熬煮，其中的淀粉粒充分崩解，营养更易被吸收，而且口味清淡，是养胃的最佳选择。
喝粥对身体虽然好，但长期喝一种粥也会乏味，所以我每天早晨都会变着花样做。立夏过后，天气也一天天变热，人体也极易浮躁，饮食上要以清淡为主，多吃低脂、易消化、富含纤维素的食物，多吃蔬果、粗粮。平时可多吃鱼、鸡、瘦肉、豆类、芝麻、洋葱、小米、玉米、山楂、枇杷、杨梅、香瓜、桃、木瓜、西红柿等；少吃动物内脏、肥肉等，少吃过咸的食物，如咸鱼、咸菜等。
        </tips><tags>
        粥
        早餐
      </tags></item></page_detail></extraction>