<?xml version="1.0" encoding="UTF-8"?><extraction><clueid>99353128</clueid><fullpath><![CDATA[http://www.xiachufang.com/recipe/1060175/]]></fullpath><realpath><![CDATA[http://www.xiachufang.com/recipe/1060175/]]></realpath><theme>food_detail_page</theme><middle>规则_2</middle><createdate>2019-5-14 13:27:4</createdate><pageno>0</pageno><actionno></actionno><actionvalue></actionvalue><prestamp>DSEngine-+--+-0</prestamp><currentstamp>DSEngine-+-ds_browser_top-+-1557811624879</currentstamp><timestamp>1557811624879</timestamp><baseURI><bucketBaseURI><bucketName>page_detail</bucketName><uri><![CDATA[http://www.xiachufang.com/recipe/1060175/]]></uri></bucketBaseURI></baseURI><customInfo><![CDATA[]]></customInfo><dsName>DSEngine</dsName><dsThread>datascraper_top</dsThread><version>80700</version>
<page_detail><item><foodname>
      黑米糊
      </foodname><score>8.3</score><heat>90</heat><author>小羽私厨</author><materials><item><mate>
                  

    黑米

                </mate><quantity>
                </quantity></item><item><mate>
                  

    黑芝麻

                </mate><quantity>
                </quantity></item><item><mate>
                  

    糖

                </mate><quantity>
                </quantity></item></materials><steps>
            
            
              黑米和黑芝麻按照5：1的比例准备，所有材料加一起，够豆浆机搭配的小碗一碗即可。
            
            
            
              黑米和黑芝麻洗净，入豆浆机，按照最低水位倒水。
            
            
            
              按下“米糊”或者“五谷”模式。
            
            
            
              等着豆浆机哔哔叫时，就可以倒出来了。
            
            
            
              加些糖，开吃。
            
          </steps><tips/><tags>
        早餐
        豆浆机
      </tags></item></page_detail></extraction>