<?xml version="1.0" encoding="UTF-8"?><extraction><clueid>99353634</clueid><fullpath><![CDATA[http://www.xiachufang.com/recipe/103031805/]]></fullpath><realpath><![CDATA[http://www.xiachufang.com/recipe/103031805/]]></realpath><theme>food_detail_page</theme><middle>规则_2</middle><createdate>2019-5-14 16:3:11</createdate><pageno>0</pageno><actionno></actionno><actionvalue></actionvalue><prestamp>DSEngine-+--+-0</prestamp><currentstamp>DSEngine-+-ds_browser_top-+-1557820991144</currentstamp><timestamp>1557820991144</timestamp><baseURI><bucketBaseURI><bucketName>page_detail</bucketName><uri><![CDATA[http://www.xiachufang.com/recipe/103031805/]]></uri></bucketBaseURI></baseURI><customInfo><![CDATA[]]></customInfo><dsName>DSEngine</dsName><dsThread>datascraper_top</dsThread><version>80700</version>
<page_detail><item><foodname>
      苦瓜蛤蜊清火汤
    </foodname><score/><heat>0</heat><author>Candy汏尐姐</author><materials><item><mate>
                  

    苦瓜

                </mate><quantity>
                    根
                </quantity></item><item><mate>
                  

    蛤蜊

                </mate><quantity>
                    克
                </quantity></item><item><mate>
                  

    盐

                </mate><quantity>
                    克
                </quantity></item></materials><steps>
            
            
              苦瓜蛤蜊清火汤用料：蛤蜊15颗、苦瓜半根步骤：1、准备食材，蛤蜊洗净后，再泡入水中，加入适量的盐，泡10分钟使其吐沙2、先将苦瓜洗净切成块3、将苦瓜籽去掉4、锅中加入冷水，放入苦瓜5、姜切丝6、先将姜丝放入锅中，再将洗净的蛤蜊倒入，开大火煮沸，蛤蜊只要一张口即可关火，加入一点盐7、最后加入一点芝麻油8、成品小贴士：1、蛤蜊加快吐沙的方法有加入盐，还可以放几滴色拉油也能有同样的效果2、不喜欢苦瓜味道的，可以用丝瓜代替，汤品味道更清甜3、夏季饮汤最主要选清凉解毒，祛湿气散署热的食材4、梨，我是连梨皮一起煮的，不喜欢的宝妈们可将梨皮去掉
            
          </steps><tips/><tags/></item></page_detail></extraction>