<?xml version="1.0" encoding="UTF-8"?><extraction><clueid>99352793</clueid><fullpath><![CDATA[http://www.xiachufang.com/recipe/22860/]]></fullpath><realpath><![CDATA[http://www.xiachufang.com/recipe/22860/]]></realpath><theme>food_detail_page</theme><middle>规则_2</middle><createdate>2019-5-14 2:6:12</createdate><pageno>0</pageno><actionno></actionno><actionvalue></actionvalue><prestamp>DSEngine-+--+-0</prestamp><currentstamp>DSEngine-+-ds_browser_top-+-1557770772296</currentstamp><timestamp>1557770772296</timestamp><baseURI><bucketBaseURI><bucketName>page_detail</bucketName><uri><![CDATA[http://www.xiachufang.com/recipe/22860/]]></uri></bucketBaseURI></baseURI><customInfo><![CDATA[]]></customInfo><dsName>DSEngine</dsName><dsThread>datascraper_top</dsThread><version>80700</version>
<page_detail><item><foodname>
      芹菜木耳炒肉丝
    </foodname><score>7.8</score><heat>1072</heat><author>杨猫</author><materials><item><mate>
                  

    香芹

                </mate><quantity>
                    适量
                </quantity></item><item><mate>
                  

    木耳

                </mate><quantity>
                    适量
                </quantity></item><item><mate>
                  

    猪里脊

                </mate><quantity>
                    少许
                </quantity></item><item><mate>
                  

    胡萝卜

                </mate><quantity>
                    少许
                </quantity></item><item><mate>
                  

    盐

                </mate><quantity>
                    适量
                </quantity></item><item><mate>
                  

    鸡精

                </mate><quantity>
                    少许
                </quantity></item><item><mate>
                  

    料酒

                </mate><quantity>
                    少许
                </quantity></item><item><mate>
                  

    糖

                </mate><quantity>
                    少许
                </quantity></item><item><mate>
                  

    酱油

                </mate><quantity>
                    少许
                </quantity></item><item><mate>
                  

    生粉

                </mate><quantity>
                    少许
                </quantity></item></materials><steps>
            
            
              香芹去叶切段，木耳泡发切丝，胡萝卜切丝，猪里脊切丝后，用盐、鸡精、糖、料酒及少许酱油（可以给肉丝上点色）、生粉充份拌匀，腌制十分钟
            
            
            
              锅内热油，七成热，倒入肉丝迅速划散，炒至肉丝一变色即起锅备用
            
            
            
              洗净锅，重新倒入少许油，七成热时依次倒入胡萝卜、木耳、香芹，放入适量盐，炒匀，放入炒好的肉丝，迅速炒匀即可出锅
            
          </steps><tips>
          1.做小炒，动作一定要快，以保肉质鲜嫩。
        </tips><tags>
        家常菜
        快手菜
        减肥
      </tags></item></page_detail></extraction>