<?xml version="1.0" encoding="UTF-8"?><extraction><clueid>99353437</clueid><fullpath><![CDATA[http://www.xiachufang.com/recipe/100253478/]]></fullpath><realpath><![CDATA[http://www.xiachufang.com/recipe/100253478/]]></realpath><theme>food_detail_page</theme><middle>规则_2</middle><createdate>2019-5-14 15:30:53</createdate><pageno>0</pageno><actionno></actionno><actionvalue></actionvalue><prestamp>DSEngine-+--+-0</prestamp><currentstamp>DSEngine-+-ds_browser_top-+-1557819053653</currentstamp><timestamp>1557819053653</timestamp><baseURI><bucketBaseURI><bucketName>page_detail</bucketName><uri><![CDATA[http://www.xiachufang.com/recipe/100253478/]]></uri></bucketBaseURI></baseURI><customInfo><![CDATA[]]></customInfo><dsName>DSEngine</dsName><dsThread>datascraper_top</dsThread><version>80700</version>
<page_detail><item><foodname>
      清火祛湿甜汤
    </foodname><score/><heat>0</heat><author>小样jh</author><materials><item><mate>
                  

    麦冬

                </mate><quantity>
                    适量
                </quantity></item><item><mate>
                  

    白芍

                </mate><quantity>
                    适量
                </quantity></item><item><mate>
                  

    沙参

                </mate><quantity>
                    1条
                </quantity></item><item><mate>
                  

    鲜百合

                </mate><quantity>
                    1颗
                </quantity></item><item><mate>
                  

    莲子

                </mate><quantity>
                    适量
                </quantity></item><item><mate>
                  

    灯芯草

                </mate><quantity>
                    5条
                </quantity></item><item><mate>
                  

    红枣

                </mate><quantity>
                    去核5颗
                </quantity></item><item><mate>
                  

    菊花

                </mate><quantity>
                    5朵
                </quantity></item><item><mate>
                  

    茯苓

                </mate><quantity>
                    适量
                </quantity></item><item><mate>
                  

    冰糖

                </mate><quantity>
                    适量
                </quantity></item></materials><steps>
            
            
              把所有材料放进锅中，加水煮熟，最后加入冰糖便可。
              
            
          </steps><tips>
          1、红枣去核之后可以达到清心的效果。2、红枣一定要选购饱满、大颗的，捏起来很扎实的感觉而不是一捏下去就瘪了的那种。
        </tips><tags>
        甜品
      </tags></item></page_detail></extraction>