<?xml version="1.0" encoding="UTF-8"?><extraction><clueid>99353300</clueid><fullpath><![CDATA[http://www.xiachufang.com/recipe/102852162/]]></fullpath><realpath><![CDATA[http://www.xiachufang.com/recipe/102852162/]]></realpath><theme>food_detail_page</theme><middle>规则_2</middle><createdate>2019-5-14 15:9:30</createdate><pageno>0</pageno><actionno></actionno><actionvalue></actionvalue><prestamp>DSEngine-+--+-0</prestamp><currentstamp>DSEngine-+-ds_browser_top-+-1557817770812</currentstamp><timestamp>1557817770812</timestamp><baseURI><bucketBaseURI><bucketName>page_detail</bucketName><uri><![CDATA[http://www.xiachufang.com/recipe/102852162/]]></uri></bucketBaseURI></baseURI><customInfo><![CDATA[]]></customInfo><dsName>DSEngine</dsName><dsThread>datascraper_top</dsThread><version>80700</version>
<page_detail><item><foodname>
      鲍鱼橄榄盅 °C滋补养颜
      </foodname><score>9.4</score><heat>14</heat><author>Sunrise太阳</author><materials><item><mate>
                  

    橄榄

                </mate><quantity>
                    6粒
                </quantity></item><item><mate>
                  

    鲍鱼

                </mate><quantity>
                    4只
                </quantity></item><item><mate>
                  

    料酒

                </mate><quantity>
                    2勺
                </quantity></item></materials><steps>
            
            
              材料准备鲍鱼.橄榄.料酒.
              
            
            
            
              从市场买回来的新鲜鲍鱼，新鲜的…
              
            
            
            
              如果鲍鱼是没有宰杀的，需要将鲍鱼撬出来之后，将藏在底下的内脏清理掉。
              
            
            
            
              我是将整个鲍鱼放入汤盅的，所以我用钢丝球将鲍鱼壳完整的刷洗了一遍，干干净净！将鲍鱼去除内脏后用刷子清洗干净，再用一勺料酒搅拌均匀腌制五分钟去除腥味！腌五分钟后再清洗干净就可以咯。
              
            
            
            
              将橄榄与鲍鱼放入汤盅！
              
            
            
            
              倒入清水，8分满就行，我这个小汤盅是一人量噢，如果多人食的，就用大的汤盅，材料也适当的增加就可以，或是直接用砂煲煲也行！
              
            
            
            
              压力锅中置水，将汤盅放入压力锅，隔水蒸炖，大火烧开后转小火炖30分钟就可以咯！
              
            
            
            
              因为鲍鱼本身有盐分，所以汤盅是一点盐都没有使用的，一人盅基本上不用加盐就很够味了，多人份就可以先尝下口味再适当的加一点盐就可以了！
              
            
            
            
              来个细节看看这鲍鱼橄榄盅的汤色。汤很清，表面有一点点的油脂，这个是橄榄溢出的油，喝一口，非常的甘香。
              
            
          </steps><tips/><tags>
        补血
      </tags></item></page_detail></extraction>