<?xml version="1.0" encoding="UTF-8"?><extraction><clueid>99352892</clueid><fullpath><![CDATA[http://www.xiachufang.com/recipe/17979/]]></fullpath><realpath><![CDATA[http://www.xiachufang.com/recipe/17979/]]></realpath><theme>food_detail_page</theme><middle>规则_2</middle><createdate>2019-5-14 10:54:53</createdate><pageno>0</pageno><actionno></actionno><actionvalue></actionvalue><prestamp>DSEngine-+--+-0</prestamp><currentstamp>DSEngine-+-ds_browser_top-+-1557802493221</currentstamp><timestamp>1557802493221</timestamp><baseURI><bucketBaseURI><bucketName>page_detail</bucketName><uri><![CDATA[http://www.xiachufang.com/recipe/17979/]]></uri></bucketBaseURI></baseURI><customInfo><![CDATA[]]></customInfo><dsName>DSEngine</dsName><dsThread>datascraper_top</dsThread><version>80700</version>
<page_detail><item><foodname>
      荷塘小炒
    </foodname><score>7.8</score><heat>334</heat><author>summer的家</author><materials><item><mate>
                  

    藕

                </mate><quantity>
                    一根
                </quantity></item><item><mate>
                  

    胡萝卜

                </mate><quantity>
                    半根
                </quantity></item><item><mate>
                  

    木耳

                </mate><quantity>
                    两朵
                </quantity></item><item><mate>
                  

    百合

                </mate><quantity>
                    一个
                </quantity></item><item><mate>
                  

    香芹

                </mate><quantity>
                    两根
                </quantity></item><item><mate>
                  

    蒜

                </mate><quantity>
                    少许
                </quantity></item><item><mate>
                  

    盐

                </mate><quantity>
                    少许
                </quantity></item><item><mate>
                  

    鸡精

                </mate><quantity>
                    少许
                </quantity></item><item><mate>
                  

    水淀粉

                </mate><quantity>
                    适量
                </quantity></item></materials><steps>
            
            
              木耳泡发，洗净，撕小朵；百合去掉褐色部分，掰成小瓣，清洗干净；胡萝卜洗净切片、香芹去叶清洗干净，切小段；藕去皮切薄片；蒜切片
            
            
            
              锅中水沸后，在锅中加少许油和盐，依次放入胡萝卜、木耳、西芹、莲藕、百合，迅速焯烫一下，捞出过凉水，滤干
            
            
            
              锅中油七成热时，放入蒜片炒香，将所有材料一起放入锅中，快速翻炒两分钟，加盐、鸡精调味，加水淀粉勾芡即可
            
          </steps><tips>
          1、一定要快速翻炒才能保证清脆的口感；
2、如果有新鲜荷叶的话，用来做盛器就更符合荷塘小炒的风格，而且还有淡淡的荷香；
3、这道菜的食材还可以用山药、荸荠、荷兰豆等替换。
        </tips><tags>
        家常菜
        减肥
        素菜
        宴客
        宿舍
        荷塘小炒
        小炒
        荷塘夜色
        荷塘三宝
        荷塘大头菜
      </tags></item></page_detail></extraction>