<?xml version="1.0" encoding="UTF-8"?><extraction><clueid>99353728</clueid><fullpath><![CDATA[http://www.xiachufang.com/recipe/1006619/]]></fullpath><realpath><![CDATA[http://www.xiachufang.com/recipe/1006619/]]></realpath><theme>food_detail_page</theme><middle>规则_2</middle><createdate>2019-5-14 16:29:20</createdate><pageno>0</pageno><actionno></actionno><actionvalue></actionvalue><prestamp>DSEngine-+--+-0</prestamp><currentstamp>DSEngine-+-ds_browser_top-+-1557822560272</currentstamp><timestamp>1557822560272</timestamp><baseURI><bucketBaseURI><bucketName>page_detail</bucketName><uri><![CDATA[http://www.xiachufang.com/recipe/1006619/]]></uri></bucketBaseURI></baseURI><customInfo><![CDATA[]]></customInfo><dsName>DSEngine</dsName><dsThread>datascraper_top</dsThread><version>80700</version>
<page_detail><item><foodname>
      红糖炖梨
    </foodname><score>8.9</score><heat>249</heat><author>小白素食记录</author><materials><item><mate>
                  

    烟台梨

                </mate><quantity>
                    
                </quantity></item><item><mate>
                  

    红糖

                </mate><quantity>
                    2大匙
                </quantity></item></materials><steps>
            
            
              梨洗净，去皮，放入锅中
            
            
            
              加足量水没过梨，再加入红糖，小火煮半小时左右即可
            
          </steps><tips/><tags>
        小吃
        甜品
        宿舍
        素菜
        素食
      </tags></item></page_detail></extraction>