<?xml version="1.0" encoding="UTF-8"?><extraction><clueid>99353044</clueid><fullpath><![CDATA[http://www.xiachufang.com/recipe/1047147/]]></fullpath><realpath><![CDATA[http://www.xiachufang.com/recipe/1047147/]]></realpath><theme>food_detail_page</theme><middle>规则_2</middle><createdate>2019-5-14 12:24:35</createdate><pageno>0</pageno><actionno></actionno><actionvalue></actionvalue><prestamp>DSEngine-+--+-0</prestamp><currentstamp>DSEngine-+-ds_browser_top-+-1557807875096</currentstamp><timestamp>1557807875096</timestamp><baseURI><bucketBaseURI><bucketName>page_detail</bucketName><uri><![CDATA[http://www.xiachufang.com/recipe/1047147/]]></uri></bucketBaseURI></baseURI><customInfo><![CDATA[]]></customInfo><dsName>DSEngine</dsName><dsThread>datascraper_top</dsThread><version>80700</version>
<page_detail><item><foodname>
      陈皮红豆沙
      </foodname><score>7.8</score><heat>538</heat><author>小羽私厨</author><materials><item><mate>
                  

    红豆

                </mate><quantity>
                    小半碗
                </quantity></item><item><mate>
                  

    陈皮

                </mate><quantity>
                    3到4片
                </quantity></item><item><mate>
                  

    冰糖

                </mate><quantity>
                    2勺
                </quantity></item></materials><steps>
            
            
              紅豆小半碗，泡水2小時以上，或者過夜。
            
            
            
              陳皮用清水泡軟後，洗淨外皮，並用小刀輕輕刮去內層的白膜，切成細絲。
            
            
            
              準備一口小鍋，添大半鍋水，水開後加入泡過的紅豆和處理過的陳皮。
            
            
            
              水開後轉小火，待水熬剩一半時，再添冷水入鍋。
            
            
            
              小火熬上2小時以上，期間要注意攪動，不要糊了鍋底。若水少可繼續添加冷水。
            
            
            
              見紅豆已經煮開花、起沙後加入冰糖。
            
            
            
              看到紅豆已經煮至完全開花起沙，湯汁變濃稠之後，即可關火。
            
          </steps><tips>
          1、提前泡豆子可以使紅豆更容易煮爛。
2、中途加冷水，可以使紅豆受冷水刺激後開花起沙。
3、一定要用冰糖而不是砂糖。
4、後期一定要守在鍋邊不停攪動，免得糊鍋。否則前功盡棄。
5、可以偷懶使用電壓力鍋或者電飯煲。
        </tips><tags>
        甜品
        饮品
        下午茶
        陈皮红豆沙
        陈皮莲子百合红豆沙
        红豆沙
        豆浆机红豆沙
        自制红豆沙
      </tags></item></page_detail></extraction>