<?xml version="1.0" encoding="UTF-8"?><extraction><clueid>99352883</clueid><fullpath><![CDATA[http://www.xiachufang.com/recipe/102920953/]]></fullpath><realpath><![CDATA[http://www.xiachufang.com/recipe/102920953/]]></realpath><theme>food_detail_page</theme><middle>规则_2</middle><createdate>2019-5-14 10:43:19</createdate><pageno>0</pageno><actionno></actionno><actionvalue></actionvalue><prestamp>DSEngine-+--+-0</prestamp><currentstamp>DSEngine-+-ds_browser_top-+-1557801799148</currentstamp><timestamp>1557801799148</timestamp><baseURI><bucketBaseURI><bucketName>page_detail</bucketName><uri><![CDATA[http://www.xiachufang.com/recipe/102920953/]]></uri></bucketBaseURI></baseURI><customInfo><![CDATA[]]></customInfo><dsName>DSEngine</dsName><dsThread>datascraper_top</dsThread><version>80700</version>
<page_detail><item><foodname>
      蛤蜊豆腐汤(减肥)
      </foodname><score>8.6</score><heat>198</heat><author>蔡不白</author><materials><item><mate>
                  

    蛤蜊

                </mate><quantity>
                    六七八个
                </quantity></item><item><mate>
                  

    内脂豆腐

                </mate><quantity>
                    1块
                </quantity></item><item><mate>
                  

    姜蒜

                </mate><quantity>
                    
                </quantity></item><item><mate>
                  

    番茄

                </mate><quantity>
                    1
                </quantity></item><item><mate>
                  

    各种蔬菜

                </mate><quantity>
                    自己搭配
                </quantity></item><item><mate>
                  

    牛肉

                </mate><quantity>
                    选配
                </quantity></item></materials><steps>
            
            
              准备食材，跟我一样，牛肉切粒，也可以不用。
              
            
            
            
              蛤蜊用开水烫开口洗干净，如果是泡很久没有沙子的就跳过这个步骤。
              
            
            
            
              锅内放少量油
              
            
            
            
              加入姜蒜牛肉末一起翻炒
              
            
            
            
              加入各种难熟的蔬菜一起翻炒
              
            
            
            
              加水没过蔬菜，然后加入盐，耗油，一点点酱油烧开。
              
            
            
            
              加入豆腐和蛤蜊盖锅小火煮十五分钟，大火煮到你喜欢的干湿度。
              
            
            
            
              加入容易熟的绿色蔬菜，娃娃菜之类的，大火收到你喜欢的干湿度就可以出锅了！
              
            
          </steps><tips>
          1，选择你自己爱吃的蔬菜，如果选择困难就跟我一样。2，不一定要煮十五分钟，看你自己的水量，所以要随时看一下汤煮到哪里了，不然干锅了也有可能。3，盐量控制不了可以先放少一点，中途尝一尝。
        </tips><tags>
        减肥
      </tags></item></page_detail></extraction>