<?xml version="1.0" encoding="UTF-8"?><extraction><clueid>99353474</clueid><fullpath><![CDATA[http://www.xiachufang.com/recipe/101868013/]]></fullpath><realpath><![CDATA[http://www.xiachufang.com/recipe/101868013/]]></realpath><theme>food_detail_page</theme><middle>规则_2</middle><createdate>2019-5-14 15:37:21</createdate><pageno>0</pageno><actionno></actionno><actionvalue></actionvalue><prestamp>DSEngine-+--+-0</prestamp><currentstamp>DSEngine-+-ds_browser_top-+-1557819441490</currentstamp><timestamp>1557819441490</timestamp><baseURI><bucketBaseURI><bucketName>page_detail</bucketName><uri><![CDATA[http://www.xiachufang.com/recipe/101868013/]]></uri></bucketBaseURI></baseURI><customInfo><![CDATA[]]></customInfo><dsName>DSEngine</dsName><dsThread>datascraper_top</dsThread><version>80700</version>
<page_detail><item><foodname>
      夏日清火茶
    </foodname><score/><heat>0</heat><author>冬苒苒</author><materials><item><mate>
                  

    西瓜皮

                </mate><quantity>
                    适量
                </quantity></item><item><mate>
                  

    黄瓜

                </mate><quantity>
                    适量
                </quantity></item><item><mate>
                  

    苦瓜

                </mate><quantity>
                    适量
                </quantity></item><item><mate>
                  

    柠檬

                </mate><quantity>
                    适量
                </quantity></item><item><mate>
                  

    薄荷（原方里没有，自己加的）

                </mate><quantity>
                    适量
                </quantity></item><item><mate>
                  

    冰糖

                </mate><quantity>
                    适量
                </quantity></item></materials><steps>
            
            
              首先准备好食材和一个密封罐（我认为洗净后最好晾干🌚）然后至于食材的用量我也说不清楚。。。要根据自己密封罐大小，自己口味，食材的体形什么的综合决定。。。我这里是用了大概少半根黄瓜，少半根苦瓜，多半个柠檬，三块西瓜皮吧🙂🙂
              
            
            
            
              西瓜去皮去瓤，就留下中间浅绿色部分，切成小块。黄瓜切片苦瓜去瓤切片柠檬切片薄荷洗净（一点点就好）ps：图中盘里的这些食材没有都用完。
              
            
            
            
              然后就是一层食材一层冰糖的铺在罐子里啦～铺完后放冰箱里冷藏1-2周就可以啦
              
            
            
            
              这就是1～2周后的样子啦～「出了好多水(✺ω✺)」然后每次倒出一些加上苏打水啥的喝就好啦ʕ•̫͡•ོʔ•̫͡•ཻʕ•̫͡•ʔ•͓͡•ʔ
              
            
          </steps><tips>
          做好之后可以搭配冰苏打饮用然后食材的形状可以用模具啥的切成自己喜欢的形状。。。（👈这句好似如同废话。。。好吧它就是废话🌞🌞🌞）【感觉今天话好多啊……🌝】
        </tips><tags/></item></page_detail></extraction>