<?xml version="1.0" encoding="UTF-8"?><extraction><clueid>99352436</clueid><fullpath><![CDATA[http://www.xiachufang.com/recipe/1000019/]]></fullpath><realpath><![CDATA[http://www.xiachufang.com/recipe/1000019/]]></realpath><theme>food_detail_page</theme><middle>规则_2</middle><createdate>2019-5-13 22:57:10</createdate><pageno>0</pageno><actionno></actionno><actionvalue></actionvalue><prestamp>DSEngine-+--+-0</prestamp><currentstamp>DSEngine-+-ds_browser_top-+-1557759430144</currentstamp><timestamp>1557759430144</timestamp><baseURI><bucketBaseURI><bucketName>page_detail</bucketName><uri><![CDATA[http://www.xiachufang.com/recipe/1000019/]]></uri></bucketBaseURI></baseURI><customInfo><![CDATA[]]></customInfo><dsName>DSEngine</dsName><dsThread>datascraper_top</dsThread><version>80700</version>
<page_detail><item><foodname>
      可乐鸡翅
      </foodname><score>8.0</score><heat>3334</heat><author>ran</author><materials><item><mate>
                  

    鸡翅

                </mate><quantity>
                    真的你爱吃多少就弄多少
                </quantity></item><item><mate>
                  

    可口可乐

                </mate><quantity>
                    真的只要勉强没过鸡翅的量，不宜多
                </quantity></item><item><mate>
                  

    盐

                </mate><quantity>
                    真的只要少许
                </quantity></item><item><mate>
                  

    姜

                </mate><quantity>
                    可选，真的可以有，它能增嫩肉质去腥去躁
                </quantity></item></materials><steps>
            
            
              鸡翅洗净，用刀在翅身切口，放入盐、姜粉(末)腌制10分钟
            
            
            
              锅入油烧热，倒入鸡翅不断翻炒至水气收干，表皮金黄
            
            
            
              倒入可乐，量以勉强没过鸡翅为适，大火烧开后，转中小火煮至可乐水气渐干后转大火收水搞定
            
          </steps><tips>
          1.鸡翅用姜腌制是为了肉质更嫩
2.可乐真愿少不愿多，不然烧好久啊……还会过甜来着
3.劳驾不要随便跑开啊！！在最后收汁上色关头要迅速不断翻炒，人不在可是会很容易焦掉的哟~
        </tips><tags>
        家常菜
        单身食谱
        可乐鸡翅
        烤可乐鸡翅
        柠檬可乐鸡翅
        家常可乐鸡翅
        可乐鸡翅步骤
      </tags></item></page_detail></extraction>