<?xml version="1.0" encoding="UTF-8"?><extraction><clueid>99353950</clueid><fullpath><![CDATA[http://www.xiachufang.com/recipe/128482/]]></fullpath><realpath><![CDATA[http://www.xiachufang.com/recipe/128482/]]></realpath><theme>food_detail_page</theme><middle>规则_2</middle><createdate>2019-5-14 20:46:42</createdate><pageno>0</pageno><actionno></actionno><actionvalue></actionvalue><prestamp>DSEngine-+--+-0</prestamp><currentstamp>DSEngine-+-ds_browser_top-+-1557838002193</currentstamp><timestamp>1557838002193</timestamp><baseURI><bucketBaseURI><bucketName>page_detail</bucketName><uri><![CDATA[http://www.xiachufang.com/recipe/128482/]]></uri></bucketBaseURI></baseURI><customInfo><![CDATA[]]></customInfo><dsName>DSEngine</dsName><dsThread>datascraper_top</dsThread><version>80700</version>
<page_detail><item><foodname>
      香芹木耳炒白果
    </foodname><score/><heat>15</heat><author>桃园</author><materials><item><mate>
                  

    白果

                </mate><quantity>
                    一小袋
                </quantity></item><item><mate>
                  

    木耳

                </mate><quantity>
                    适量
                </quantity></item><item><mate>
                  

    香芹

                </mate><quantity>
                    适量
                </quantity></item><item><mate>
                  

    葱姜蒜

                </mate><quantity>
                    
                </quantity></item><item><mate>
                  

    五香粉

                </mate><quantity>
                    适量
                </quantity></item><item><mate>
                  

    盐

                </mate><quantity>
                    适量
                </quantity></item><item><mate>
                  

    白糖

                </mate><quantity>
                    少许
                </quantity></item><item><mate>
                  

    生抽

                </mate><quantity>
                    一点
                </quantity></item><item><mate>
                  

    麻油

                </mate><quantity>
                    少许
                </quantity></item></materials><steps>
            
            
              香芹去叶洗净，切斜段，用加了盐的开水焯过
            
            
            
              木耳水发后洗净，撕小朵，用水焯过
            
            
            
              白果冲洗几遍，用开水煮2分钟至熟
            
            
            
              锅入底油，下葱姜蒜末爆香，下香芹、木耳大火翻炒并加白糖、盐、五香粉、点入生抽
            
            
            
              下白果快速翻炒均匀，点几滴麻油即可出锅
            
          </steps><tips/><tags>
        快手菜
      </tags></item></page_detail></extraction>