<?xml version="1.0" encoding="UTF-8"?><extraction><clueid>99352586</clueid><fullpath><![CDATA[http://www.xiachufang.com/recipe/18746/]]></fullpath><realpath><![CDATA[http://www.xiachufang.com/recipe/18746/]]></realpath><theme>food_detail_page</theme><middle>规则_2</middle><createdate>2019-5-13 23:25:4</createdate><pageno>0</pageno><actionno></actionno><actionvalue></actionvalue><prestamp>DSEngine-+--+-0</prestamp><currentstamp>DSEngine-+-ds_browser_top-+-1557761104328</currentstamp><timestamp>1557761104328</timestamp><baseURI><bucketBaseURI><bucketName>page_detail</bucketName><uri><![CDATA[http://www.xiachufang.com/recipe/18746/]]></uri></bucketBaseURI></baseURI><customInfo><![CDATA[]]></customInfo><dsName>DSEngine</dsName><dsThread>datascraper_top</dsThread><version>80700</version>
<page_detail><item><foodname>
      青椒土豆丝
    </foodname><score>7.5</score><heat>3237</heat><author>睡眼惺忪may</author><materials><item><mate>
                  

    土豆

                </mate><quantity>
                    2粒
                </quantity></item><item><mate>
                  

    红辣椒

                </mate><quantity>
                    2粒
                </quantity></item><item><mate>
                  

    青辣椒

                </mate><quantity>
                    2粒
                </quantity></item><item><mate>
                  

    涪陵榨菜丝

                </mate><quantity>
                    10根
                </quantity></item><item><mate>
                  

    盐

                </mate><quantity>
                    1小勺半
                </quantity></item><item><mate>
                  

    味精

                </mate><quantity>
                    1/4勺
                </quantity></item></materials><steps>
            
            
              将土豆青红椒切丝
            
            
            
              锅中倒油，见热倒入土豆炒7分熟，加盐1小勺半。炒匀装起
            
            
            
              另起油锅，倒入加盐的青椒丝翻炒后，将土豆丝红椒丝榨菜丝倒入拌匀起锅前加1/4勺味精
            
          </steps><tips>
          1.土豆丝切得要粗细差不多，切好必须泡在水中以防氧化变黑。
2.炒土豆丝时边炒边放水，以防胡锅。
3.炒青椒时一定要快，再入锅前就加半小勺盐，增加青椒的脆感。
4.加上涪陵榨菜丝，土豆丝的香味就截然不同了。以显示你的与众不同。
5.喜欢辣味的还可以发挥，在土豆之前的油锅里加干辣椒。
6.喜欢醋溜的还可以在土豆下锅时就到几滴黑醋，这样的土豆炒出来是脆的，不糊锅。
        </tips><tags>
        家常菜
        快手菜
        清淡
        素菜
        单身食谱
        青椒土豆丝
        青椒炒土豆丝
        土豆丝
        青椒
        芹菜土豆丝
      </tags></item></page_detail></extraction>