<?xml version="1.0" encoding="UTF-8"?><extraction><clueid>99352949</clueid><fullpath><![CDATA[http://www.xiachufang.com/recipe/100106914/]]></fullpath><realpath><![CDATA[http://www.xiachufang.com/recipe/100106914/]]></realpath><theme>food_detail_page</theme><middle>规则_2</middle><createdate>2019-5-14 11:35:44</createdate><pageno>0</pageno><actionno></actionno><actionvalue></actionvalue><prestamp>DSEngine-+--+-0</prestamp><currentstamp>DSEngine-+-ds_browser_top-+-1557804944662</currentstamp><timestamp>1557804944662</timestamp><baseURI><bucketBaseURI><bucketName>page_detail</bucketName><uri><![CDATA[http://www.xiachufang.com/recipe/100106914/]]></uri></bucketBaseURI></baseURI><customInfo><![CDATA[]]></customInfo><dsName>DSEngine</dsName><dsThread>datascraper_top</dsThread><version>80700</version>
<page_detail><item><foodname>
      小清新蒸日本豆腐
      </foodname><score>8.0</score><heat>222</heat><author>楚佑佑</author><materials><item><mate>
                  

    香菜叶

                </mate><quantity>
                    少许
                </quantity></item><item><mate>
                  

    日本豆腐

                </mate><quantity>
                    2根（190g）一人份
                </quantity></item><item><mate>
                  

    酱油

                </mate><quantity>
                    适量
                </quantity></item></materials><steps>
            
            
              日本豆腐切块装盘
            
            
            
              大火蒸8-10分钟
            
            
            
              每一块豆腐浇一点点酱油（我用的是蒸鱼豉油，用味极鲜应该会更好吧）
            
            
            
              香菜叶洗净撕小朵放在豆腐上即可！
            
          </steps><tips>
          1.请确定你爱吃香菜
2.请确定你对香菜的味道非常着迷
3.确定完以上两条之后请尽情享受吧~≧▽≦)/~
        </tips><tags>
        快手菜
        减肥
        素菜
        小清新
        蒸
      </tags></item></page_detail></extraction>