<?xml version="1.0" encoding="UTF-8"?><extraction><clueid>99353642</clueid><fullpath><![CDATA[http://www.xiachufang.com/recipe/103016723/]]></fullpath><realpath><![CDATA[http://www.xiachufang.com/recipe/103016723/]]></realpath><theme>food_detail_page</theme><middle>规则_2</middle><createdate>2019-5-14 16:5:14</createdate><pageno>0</pageno><actionno></actionno><actionvalue></actionvalue><prestamp>DSEngine-+--+-0</prestamp><currentstamp>DSEngine-+-ds_browser_top-+-1557821114413</currentstamp><timestamp>1557821114413</timestamp><baseURI><bucketBaseURI><bucketName>page_detail</bucketName><uri><![CDATA[http://www.xiachufang.com/recipe/103016723/]]></uri></bucketBaseURI></baseURI><customInfo><![CDATA[]]></customInfo><dsName>DSEngine</dsName><dsThread>datascraper_top</dsThread><version>80700</version>
<page_detail><item><foodname>
      红豆花生粥 清热补血
    </foodname><score/><heat>1</heat><author>Echo0305</author><materials><item><mate>
                  

    红豆

                </mate><quantity>
                    克
                </quantity></item><item><mate>
                  

    花生

                </mate><quantity>
                    克
                </quantity></item><item><mate>
                  

    大米

                </mate><quantity>
                    杯
                </quantity></item><item><mate>
                  

    冰糖

                </mate><quantity>
                    
                </quantity></item></materials><steps>
            
            
              做法：红豆、花生仁洗净，用冷水浸泡回软；大米淘洗干净，用冷水浸泡半小时；锅中加入水，放入红豆、花生仁、大米，旺火煮沸后，再改用小火慢熬至成粥；出锅前加少许冰糖调味即可
            
          </steps><tips>
          功效：含有丰富的蛋白质及微量元素和B族维生素，有清热、养胃、补血的功效，特别适合儿童食用。
        </tips><tags>
        粥
        补血
      </tags></item></page_detail></extraction>