<?xml version="1.0" encoding="UTF-8"?><extraction><clueid>99352556</clueid><fullpath><![CDATA[http://www.xiachufang.com/recipe/100104991/]]></fullpath><realpath><![CDATA[http://www.xiachufang.com/recipe/100104991/]]></realpath><theme>food_detail_page</theme><middle>规则_2</middle><createdate>2019-5-13 23:16:51</createdate><pageno>0</pageno><actionno></actionno><actionvalue></actionvalue><prestamp>DSEngine-+--+-0</prestamp><currentstamp>DSEngine-+-ds_browser_top-+-1557760611988</currentstamp><timestamp>1557760611988</timestamp><baseURI><bucketBaseURI><bucketName>page_detail</bucketName><uri><![CDATA[http://www.xiachufang.com/recipe/100104991/]]></uri></bucketBaseURI></baseURI><customInfo><![CDATA[]]></customInfo><dsName>DSEngine</dsName><dsThread>datascraper_top</dsThread><version>80700</version>
<page_detail><item><foodname>
      鸡米花
      </foodname><score>8.0</score><heat>2720</heat><author>Sammy爱烘焙</author><materials><item><mate>
                  

    鸡胸肉

                </mate><quantity>
                    1块
                </quantity></item><item><mate>
                  

    玉米淀粉

                </mate><quantity>
                    若干（包鸡块用）
                </quantity></item><item><mate>
                  

    面包屑

                </mate><quantity>
                    若干（包鸡块用）
                </quantity></item><item><mate>
                  

    鸡蛋

                </mate><quantity>
                    2个
                </quantity></item><item><mate>
                  

    盐

                </mate><quantity>
                    适量
                </quantity></item><item><mate>
                  

    胡椒面

                </mate><quantity>
                    适量
                </quantity></item><item><mate>
                  

    油

                </mate><quantity>
                    适量
                </quantity></item></materials><steps>
            
            
              提前将鸡胸切成小块，撒上盐和胡椒面
              
            
            
            
              淋上蛋清液（1个鸡蛋的蛋清就够了）腌上一小会儿，目的是入味~
              
            
            
            
              将玉米淀粉倒入盘子里，这时把腌制好的鸡肉一块块的放进盘子，并均匀的裹上淀粉。
              
            
            
            
              把裹好淀粉的鸡肉在事先准备好的全蛋液（1个全蛋的量）里泡一下
              
            
            
            
              而后放入已经装好面包屑的塑料袋内，提着袋子轻轻一抖~鸡米花半成品就做好啦~
              
            
            
            
              将油锅做热，慢慢放进半成品的鸡米花，炸制表面金黄色就可以出锅啦~至此，一盘香脆可口的劲暴鸡米花就做成了~
              
            
          </steps><tips>
          Sammy叮嘱
材料的用量没有写的太明确，大家完全可以自行发挥，根据准备的鸡肉多少来搭配其他材料，没有固定的要求，制作起来也很简单，相信大家都能轻松制作成功滴~有问题欢迎在下方留言给sammy哈,我会尽力回复大家的！
        </tips><tags>
        零食
        快手菜
        小吃
        早餐
        鸡米花
        爆鸡米花
        自制鸡米花
        孜然鸡米花
        劲爆鸡米花
      </tags></item></page_detail></extraction>