<?xml version="1.0" encoding="UTF-8"?><extraction><clueid>99352547</clueid><fullpath><![CDATA[http://www.xiachufang.com/recipe/1094088/]]></fullpath><realpath><![CDATA[http://www.xiachufang.com/recipe/1094088/]]></realpath><theme>food_detail_page</theme><middle>规则_2</middle><createdate>2019-5-13 23:15:46</createdate><pageno>0</pageno><actionno></actionno><actionvalue></actionvalue><prestamp>DSEngine-+--+-0</prestamp><currentstamp>DSEngine-+-ds_browser_top-+-1557760546292</currentstamp><timestamp>1557760546292</timestamp><baseURI><bucketBaseURI><bucketName>page_detail</bucketName><uri><![CDATA[http://www.xiachufang.com/recipe/1094088/]]></uri></bucketBaseURI></baseURI><customInfo><![CDATA[]]></customInfo><dsName>DSEngine</dsName><dsThread>datascraper_top</dsThread><version>80700</version>
<page_detail><item><foodname>
      鲜味油淋芦笋
      </foodname><score>7.9</score><heat>4226</heat><author>王光光光光</author><materials><item><mate>
                  

    芦笋

                </mate><quantity>
                </quantity></item><item><mate>
                  

    姜末、蒜末

                </mate><quantity>
                </quantity></item><item><mate>
                  

    红椒丝

                </mate><quantity>
                </quantity></item><item><mate>
                  

    生抽

                </mate><quantity>
                </quantity></item><item><mate>
                  

    芝麻油

                </mate><quantity>
                </quantity></item><item><mate>
                  

    白糖

                </mate><quantity>
                </quantity></item><item><mate>
                  

    油

                </mate><quantity>
                </quantity></item><item><mate>
                  

    盐

                </mate><quantity>
                </quantity></item></materials><steps>
            
            
              芦笋根部去老皮 切去老梗 洗净切长段 放入沸水中煮熟 捞出沥干水份摆盘备用
            
            
            
              生抽、白糖、盐和稍许清水倒入锅中煮开 浇在芦笋上
            
            
            
              姜末、蒜末撒在芦笋上 食用油和芝麻油在锅内烧至七成热后淋在姜蒜末上 最后撒上红椒丝即可
            
          </steps><tips>
          1.食谱摘自美食堂 建议的酱油是金标生抽
        </tips><tags>
        素菜
        小清新
        快手菜
        家常菜
        单身食谱
      </tags></item></page_detail></extraction>