<?xml version="1.0" encoding="UTF-8"?><extraction><clueid>99353816</clueid><fullpath><![CDATA[http://www.xiachufang.com/recipe/102240023/]]></fullpath><realpath><![CDATA[http://www.xiachufang.com/recipe/102240023/]]></realpath><theme>food_detail_page</theme><middle>规则_2</middle><createdate>2019-5-14 18:57:21</createdate><pageno>0</pageno><actionno></actionno><actionvalue></actionvalue><prestamp>DSEngine-+--+-0</prestamp><currentstamp>DSEngine-+-ds_browser_top-+-1557831441822</currentstamp><timestamp>1557831441822</timestamp><baseURI><bucketBaseURI><bucketName>page_detail</bucketName><uri><![CDATA[http://www.xiachufang.com/recipe/102240023/]]></uri></bucketBaseURI></baseURI><customInfo><![CDATA[]]></customInfo><dsName>DSEngine</dsName><dsThread>datascraper_top</dsThread><version>80700</version>
<page_detail><item><foodname>
      手工熬制“蜂蜜枇杷膏”，润肺止咳！！
      </foodname><score>7.9</score><heat>46</heat><author>潮州山哥</author><materials><item><mate>
                  

    枇杷

                </mate><quantity>
                    10斤
                </quantity></item><item><mate>
                  

    蜂蜜

                </mate><quantity>
                    500g
                </quantity></item><item><mate>
                  

    冰糖

                </mate><quantity>
                    3斤
                </quantity></item><item><mate>
                  

    橙皮

                </mate><quantity>
                    一个
                </quantity></item></materials><steps>
            
            
              传统的枇杷膏，加白糖就可以熬制，而要枇杷膏口感好，甜而不腻，加点橙子皮调和一下味道，口感非常不错。
              
            
            
            
              枇杷洗净；
              
            
            
            
              去掉枝和枇杷核；
              
            
            
            
              橙子剥皮，切成小块；
              
            
            
            
              把枇杷肉放入锅中，加入冰糖；
              
            
            
            
              加入切好的橙皮；
              
            
            
            
              大火熬制1-2小时，具体时间根据枇杷的量而定；
              
            
            
            
              熬至水分快干时转小火慢熬；
              
            
            
            
              小火熬至水分熬干即可；
              
            
            
            
              待枇杷膏放凉后即可倒入蜂蜜搅拌均匀。
              
            
            
            
              装瓶，搞定！！！
              
            
            
            
              看着“小熊熊”，吃着枇杷膏，小家伙真会享受。。。。
              
            
          </steps><tips>
          枇杷可以去皮熬制，也可以和皮一起熬，加入蜂蜜需等枇杷放凉后再加，避免温度过高破坏蜂蜜的营养价值。装瓶也需要放凉后再装。感谢您对潮州山哥的支持！欢迎加入“山哥美食交流群”，山哥薇：vv023023
        </tips><tags>
        甜品
      </tags></item></page_detail></extraction>