<?xml version="1.0" encoding="UTF-8"?><extraction><clueid>99353037</clueid><fullpath><![CDATA[http://www.xiachufang.com/recipe/1071127/]]></fullpath><realpath><![CDATA[http://www.xiachufang.com/recipe/1071127/]]></realpath><theme>food_detail_page</theme><middle>规则_2</middle><createdate>2019-5-14 12:17:59</createdate><pageno>0</pageno><actionno></actionno><actionvalue></actionvalue><prestamp>DSEngine-+--+-0</prestamp><currentstamp>DSEngine-+-ds_browser_top-+-1557807479475</currentstamp><timestamp>1557807479475</timestamp><baseURI><bucketBaseURI><bucketName>page_detail</bucketName><uri><![CDATA[http://www.xiachufang.com/recipe/1071127/]]></uri></bucketBaseURI></baseURI><customInfo><![CDATA[]]></customInfo><dsName>DSEngine</dsName><dsThread>datascraper_top</dsThread><version>80700</version>
<page_detail><item><foodname>
      银耳汤
    </foodname><score>8.0</score><heat>3967</heat><author>味蕾工坊</author><materials><item><mate>
                  

    银耳

                </mate><quantity>
                    2朵
                </quantity></item><item><mate>
                  

    红枣

                </mate><quantity>
                    2两
                </quantity></item><item><mate>
                  

    枸杞

                </mate><quantity>
                    2两
                </quantity></item><item><mate>
                  

    冰糖

                </mate><quantity>
                    适量
                </quantity></item></materials><steps>
            
            
              将银耳用温水泡发，洗净去蒂撕成小朵
            
            
            
              银耳、红枣、枸杞、冰糖一同放入锅中，这里用的是电压力煲，也可以用其他锅子在明火上煮
            
            
            
              往锅中加入清水，设定20分钟即可。如果是明火煮的话，大火煮开捞去浮沫，时不时搅动一下防止粘锅。转小火煮1个小时至银耳黏糯
            
          </steps><tips/><tags>
        甜品
        味蕾工坊
        粥
        宿舍
        视频菜谱
        银耳汤
        木瓜银耳汤
        冰糖银耳汤
        枸杞银耳汤
        百合银耳汤
      </tags></item></page_detail></extraction>