<?xml version="1.0" encoding="UTF-8"?><extraction><clueid>99352848</clueid><fullpath><![CDATA[http://www.xiachufang.com/recipe/100393043/]]></fullpath><realpath><![CDATA[http://www.xiachufang.com/recipe/100393043/]]></realpath><theme>food_detail_page</theme><middle>规则_2</middle><createdate>2019-5-14 10:15:40</createdate><pageno>0</pageno><actionno></actionno><actionvalue></actionvalue><prestamp>DSEngine-+--+-0</prestamp><currentstamp>DSEngine-+-ds_browser_top-+-1557800140604</currentstamp><timestamp>1557800140604</timestamp><baseURI><bucketBaseURI><bucketName>page_detail</bucketName><uri><![CDATA[http://www.xiachufang.com/recipe/100393043/]]></uri></bucketBaseURI></baseURI><customInfo><![CDATA[]]></customInfo><dsName>DSEngine</dsName><dsThread>datascraper_top</dsThread><version>80700</version>
<page_detail><item><foodname>
      无油无糖 减肥蛋奶饼干
      </foodname><score>6.3</score><heat>549</heat><author>竹熊大虾</author><materials><item><mate>
                  

    低粉

                </mate><quantity>
                    60g
                </quantity></item><item><mate>
                  

    奶粉

                </mate><quantity>
                    40g
                </quantity></item><item><mate>
                  

    鸡蛋（带壳重量60-65g）

                </mate><quantity>
                    一个
                </quantity></item></materials><steps>
            
            
              材料混合揉团。一开始会觉得很干，到处是散粉，但坚持揉到最后就会变成润润的，不干不粘的状态。期间完全不需要加水。【修订版补充】太多厨友反应面粉量太少，面团很湿。我猜可能有两个原因：1.揉面团的方法和时间不同 2.鸡蛋大小的问题。我用的鸡蛋带壳在60-65g. 揉面的过程如下:把面粉以及奶粉堆在烤盘里，然后直接一个鸡蛋敲进面粉里，用刮板切切拌拌。过程当中，蛋液流出面粉堆了，就用刮板再聚拢回来，等到面粉跟蛋液都混在一起了没有散粉跟蛋液在外面了，就用刮板把面粉团按扁对折叠起来再按扁再叠，反复几次面团不粘手了，就直接用手像捏泥巴一样揉，揉到均匀润润的，就好了。
              
            
            
            
              面团放保鲜盒中静置20min
            
            
            
              擀成片，有一定厚度，太薄的话就没有那种鼓鼓的萌萌的感觉了。越是薄，成品越是脆。厚一点就会酥一点。
              
            
            
            
              模具造型。
              
            
            
            
              烤箱140度50分钟.如果烤箱取出发现饼干还是摁下去软软有弹性，就回炉适当加个几分钟。成品应该是捏上去就是硬硬的.【修订版补充】在同样的温度时间设置下烤焦的，说明你的烤箱温度比我的要高一些，请适当减少烤制时间。这里我们采用的是低温烤的方式，照理说是不太容易烤焦的。不要为了省时间把温度调高，例如170度，高温下时间更难掌控，即便只多个几分钟也会从正好变成焦过头。以及，如果饼干擀的比较薄，也请适当减少烤制时间。原因你懂的。
              
            
            
            
              做成细条状能让成品变得更脆，虽然没有小饼那么萌，但是更好吃些~
              
            
          </steps><tips/><tags>
        减肥
        饼干
      </tags></item></page_detail></extraction>