<?xml version="1.0" encoding="UTF-8"?><extraction><clueid>99352825</clueid><fullpath><![CDATA[http://www.xiachufang.com/recipe/100112/]]></fullpath><realpath><![CDATA[http://www.xiachufang.com/recipe/100112/]]></realpath><theme>food_detail_page</theme><middle>规则_2</middle><createdate>2019-5-14 10:1:44</createdate><pageno>0</pageno><actionno></actionno><actionvalue></actionvalue><prestamp>DSEngine-+--+-0</prestamp><currentstamp>DSEngine-+-ds_browser_top-+-1557799304079</currentstamp><timestamp>1557799304079</timestamp><baseURI><bucketBaseURI><bucketName>page_detail</bucketName><uri><![CDATA[http://www.xiachufang.com/recipe/100112/]]></uri></bucketBaseURI></baseURI><customInfo><![CDATA[]]></customInfo><dsName>DSEngine</dsName><dsThread>datascraper_top</dsThread><version>80700</version>
<page_detail><item><foodname>
      苹果醋
    </foodname><score>8.3</score><heat>772</heat><author>木棉</author><materials><item><mate>
                  

    苹果

                </mate><quantity>
                    500克
                </quantity></item><item><mate>
                  

    白醋

                </mate><quantity>
                    500克
                </quantity></item><item><mate>
                  

    冰糖

                </mate><quantity>
                    100克
                </quantity></item></materials><steps>
            
            
              将苹果洗净，切成约1公分薄厚的片状
            
            
            
              将苹果片依次去核，接着备好一瓶白醋
            
            
            
              把处理好的苹果片码进玻璃瓶中
            
            
            
              接着放入100克的冰糖
            
            
            
              再倒入一瓶白醋
            
            
            
              在瓶口封上一层保鲜膜后，将盖子拧紧
            
            
            
              放置在阴凉处，静置浸泡3个月即可
            
            
            
              苹果醋开封后，用干净的筷子将苹果片夹出，放入保鲜袋储存在冷冻室
            
            
            
              接着用细纱布过滤一下苹果醋，然后分装倒入消过毒的玻璃瓶中密封
            
            
            
              饮用苹果醋时，要用8-10倍的饮用水稀释一下后再喝
            
          </steps><tips>
          1.尽量选用纯粮酿造的，不含防腐剂和醋酸的白醋（包装上会写明是否纯粮酿造，或是否含有防腐剂或醋酸）
2.白醋的量一定要没过苹果片，否则最上面的苹果有可能会变质
3.苹果和白醋的比例为1:1，冰糖的量可根据自己的口味酌情增减
4.饮用时，温开水和苹果醋的比例为8:1或10:1
        </tips><tags>
        饮品
        减肥
        苹果醋
        自制苹果醋
      </tags></item></page_detail></extraction>