<?xml version="1.0" encoding="UTF-8"?><extraction><clueid>99353630</clueid><fullpath><![CDATA[http://www.xiachufang.com/recipe/102116476/]]></fullpath><realpath><![CDATA[http://www.xiachufang.com/recipe/102116476/]]></realpath><theme>food_detail_page</theme><middle>规则_2</middle><createdate>2019-5-14 16:2:13</createdate><pageno>0</pageno><actionno></actionno><actionvalue></actionvalue><prestamp>DSEngine-+--+-0</prestamp><currentstamp>DSEngine-+-ds_browser_top-+-1557820933724</currentstamp><timestamp>1557820933724</timestamp><baseURI><bucketBaseURI><bucketName>page_detail</bucketName><uri><![CDATA[http://www.xiachufang.com/recipe/102116476/]]></uri></bucketBaseURI></baseURI><customInfo><![CDATA[]]></customInfo><dsName>DSEngine</dsName><dsThread>datascraper_top</dsThread><version>80700</version>
<page_detail><item><foodname>
      江西家常 百合搂菜 清火清火！
    </foodname><score/><heat>0</heat><author>舞饭</author><materials><item><mate>
                  

    百合

                </mate><quantity>
                    
                </quantity></item><item><mate>
                  

    搂菜

                </mate><quantity>
                    水菜或雪菜也行
                </quantity></item><item><mate>
                  

    姜蒜

                </mate><quantity>
                    
                </quantity></item><item><mate>
                  

    生抽

                </mate><quantity>
                    
                </quantity></item><item><mate>
                  

    甜米酒

                </mate><quantity>
                    
                </quantity></item></materials><steps>
            
            
              百合剥开洗净，姜蒜切碎，搂菜切碎
            
            
            
              热锅热油，入姜蒜炒香，下搂菜爆炒出香气，再下百合爆炒，炒变色下入生抽炒几下，倒入小半碗水，加入一点甜米酒，撒入一点盐，烧个一两分钟起锅
            
          </steps><tips>
          看搂菜咸度也可以不加盐不喜欢百合的微苦可以先用水泡一个小时
        </tips><tags/></item></page_detail></extraction>