<?xml version="1.0" encoding="UTF-8"?><extraction><clueid>99353909</clueid><fullpath><![CDATA[http://www.xiachufang.com/recipe/255596/]]></fullpath><realpath><![CDATA[http://www.xiachufang.com/recipe/255596/]]></realpath><theme>food_detail_page</theme><middle>规则_2</middle><createdate>2019-5-14 20:5:17</createdate><pageno>0</pageno><actionno></actionno><actionvalue></actionvalue><prestamp>DSEngine-+--+-0</prestamp><currentstamp>DSEngine-+-ds_browser_top-+-1557835517762</currentstamp><timestamp>1557835517762</timestamp><baseURI><bucketBaseURI><bucketName>page_detail</bucketName><uri><![CDATA[http://www.xiachufang.com/recipe/255596/]]></uri></bucketBaseURI></baseURI><customInfo><![CDATA[]]></customInfo><dsName>DSEngine</dsName><dsThread>datascraper_top</dsThread><version>80700</version>
<page_detail><item><foodname>
      冰糖雪梨
    </foodname><score/><heat>20</heat><author>方方球</author><materials><item><mate>
                  

    雪梨

                </mate><quantity>
                </quantity></item><item><mate>
                  

    冰糖

                </mate><quantity>
                </quantity></item><item><mate>
                  

    陈皮

                </mate><quantity>
                </quantity></item><item><mate>
                  

    川贝

                </mate><quantity>
                </quantity></item></materials><steps>
            
            
              川贝和陈皮用水泡一下去掉表面的苦味
              
            
            
            
              雪梨用水洗净，去皮，切瓣，去核、去蒂。将陈皮、川贝、冰糖和雪梨放入2000克沸水中，用中火煮沸转小火煮四十分钟
              
            
          </steps><tips>
          按古方熬制而成的冰糖雪梨，清甜润泽，生津止咳，可以缓解咽喉不适的症状，放入冰箱冰镇后更加美味。炎热的夏天来一杯冰镇后的冰糖雪梨，保你身心惬意非凡，哈哈。
        </tips><tags>
        全部菜单
      </tags></item></page_detail></extraction>