<?xml version="1.0" encoding="UTF-8"?><extraction><clueid>99353386</clueid><fullpath><![CDATA[http://www.xiachufang.com/recipe/1000632/]]></fullpath><realpath><![CDATA[http://www.xiachufang.com/recipe/1000632/]]></realpath><theme>food_detail_page</theme><middle>规则_2</middle><createdate>2019-5-14 15:24:28</createdate><pageno>0</pageno><actionno></actionno><actionvalue></actionvalue><prestamp>DSEngine-+--+-0</prestamp><currentstamp>DSEngine-+-ds_browser_top-+-1557818668260</currentstamp><timestamp>1557818668260</timestamp><baseURI><bucketBaseURI><bucketName>page_detail</bucketName><uri><![CDATA[http://www.xiachufang.com/recipe/1000632/]]></uri></bucketBaseURI></baseURI><customInfo><![CDATA[]]></customInfo><dsName>DSEngine</dsName><dsThread>datascraper_top</dsThread><version>80700</version>
<page_detail><item><foodname>
      凉拌莴笋丝
    </foodname><score>7.7</score><heat>1216</heat><author>无色系</author><materials><item><mate>
                  

    莴笋

                </mate><quantity>
                    1根
                </quantity></item><item><mate>
                  

    麻油

                </mate><quantity>
                    1汤勺
                </quantity></item><item><mate>
                  

    大蒜

                </mate><quantity>
                    1瓣
                </quantity></item><item><mate>
                  

    胡萝卜/红椒

                </mate><quantity>
                    少许
                </quantity></item><item><mate>
                  

    盐

                </mate><quantity>
                    少许
                </quantity></item><item><mate>
                  

    白糖

                </mate><quantity>
                    少许
                </quantity></item><item><mate>
                  

    醋（最好白米醋）

                </mate><quantity>
                    少许
                </quantity></item><item><mate>
                  

    鸡精

                </mate><quantity>
                    少许
                </quantity></item></materials><steps>
            
            
              将莴笋皮刨掉，切掉老根和头部
            
            
            
              莴笋切丝、蒜切碎
            
            
            
              用开水焯半分钟（防止生吃不卫生）放冷水泡1分钟，沥干水分
            
            
            
              将盐、鸡精、白糖、醋等调料放小碗中
            
            
            
              小火加热少许麻油，将蒜末爆香
            
            
            
              将热油倒入调料碗中搅拌
            
            
            
              将调料汁倒入莴笋丝容器搅拌
            
            
            
              装到容器中，加胡萝卜碎/红椒丝点缀；密西吧：）
            
          </steps><tips>
          焯水时在水里加一点盐，会让蔬菜更漂亮；记得过冷水，才会清脆奥：）
        </tips><tags>
        清淡
        宿舍
        凉拌莴笋丝
        莴笋丝
        莴笋丝炒肉
        醋溜莴笋丝
        清炒莴笋丝
      </tags></item></page_detail></extraction>