<?xml version="1.0" encoding="UTF-8"?><extraction><clueid>99353825</clueid><fullpath><![CDATA[http://www.xiachufang.com/recipe/178253/]]></fullpath><realpath><![CDATA[http://www.xiachufang.com/recipe/178253/]]></realpath><theme>food_detail_page</theme><middle>规则_2</middle><createdate>2019-5-14 19:15:2</createdate><pageno>0</pageno><actionno></actionno><actionvalue></actionvalue><prestamp>DSEngine-+--+-0</prestamp><currentstamp>DSEngine-+-ds_browser_top-+-1557832502127</currentstamp><timestamp>1557832502127</timestamp><baseURI><bucketBaseURI><bucketName>page_detail</bucketName><uri><![CDATA[http://www.xiachufang.com/recipe/178253/]]></uri></bucketBaseURI></baseURI><customInfo><![CDATA[]]></customInfo><dsName>DSEngine</dsName><dsThread>datascraper_top</dsThread><version>80700</version>
<page_detail><item><foodname>
      雪蛤银耳红枣汤
    </foodname><score>7.7</score><heat>65</heat><author>简单</author><materials><item><mate>
                  

    雪蛤

                </mate><quantity>
                </quantity></item><item><mate>
                  

    银耳

                </mate><quantity>
                </quantity></item><item><mate>
                  

    红枣

                </mate><quantity>
                </quantity></item><item><mate>
                  

    枸杞

                </mate><quantity>
                </quantity></item><item><mate>
                  

    冰糖

                </mate><quantity>
                </quantity></item></materials><steps>
            
            
              雪蛤浸发
            
            
            
              银耳,红枣浸发
            
            
            
              将所有材料放在一起煮二十分钟左右即可
            
          </steps><tips/><tags>
        全部菜单
      </tags></item></page_detail></extraction>