<?xml version="1.0" encoding="UTF-8"?><extraction><clueid>99353127</clueid><fullpath><![CDATA[http://www.xiachufang.com/recipe/262706/]]></fullpath><realpath><![CDATA[http://www.xiachufang.com/recipe/262706/]]></realpath><theme>food_detail_page</theme><middle>规则_2</middle><createdate>2019-5-14 13:26:24</createdate><pageno>0</pageno><actionno></actionno><actionvalue></actionvalue><prestamp>DSEngine-+--+-0</prestamp><currentstamp>DSEngine-+-ds_browser_top-+-1557811584289</currentstamp><timestamp>1557811584289</timestamp><baseURI><bucketBaseURI><bucketName>page_detail</bucketName><uri><![CDATA[http://www.xiachufang.com/recipe/262706/]]></uri></bucketBaseURI></baseURI><customInfo><![CDATA[]]></customInfo><dsName>DSEngine</dsName><dsThread>datascraper_top</dsThread><version>80700</version>
<page_detail><item><foodname>
      银耳紫薯汤
    </foodname><score>8.5</score><heat>148</heat><author>阳阳灿烂</author><materials><item><mate>
                  

    银耳

                </mate><quantity>
                </quantity></item><item><mate>
                  

    紫薯

                </mate><quantity>
                </quantity></item><item><mate>
                  

    冰糖

                </mate><quantity>
                </quantity></item></materials><steps>
            
            
              准备好食材
              
            
            
            
              银耳提前泡发，洗净
              
            
            
            
              紫薯去皮切小丁
              
            
            
            
              银耳紫薯冰糖放在锅中
              
            
            
            
              大火煮开，转小火再炖煮半小时
              
            
            
            
              装碗
              
            
          </steps><tips/><tags>
        甜品
        银耳紫薯汤
        紫薯银耳甜汤
        紫薯银耳
        紫薯银耳红枣甜汤
        紫薯银耳粥
      </tags></item></page_detail></extraction>