<?xml version="1.0" encoding="UTF-8"?><extraction><clueid>99353352</clueid><fullpath><![CDATA[http://www.xiachufang.com/recipe/100023831/]]></fullpath><realpath><![CDATA[http://www.xiachufang.com/recipe/100023831/]]></realpath><theme>food_detail_page</theme><middle>规则_2</middle><createdate>2019-5-14 15:17:8</createdate><pageno>0</pageno><actionno></actionno><actionvalue></actionvalue><prestamp>DSEngine-+--+-0</prestamp><currentstamp>DSEngine-+-ds_browser_top-+-1557818228705</currentstamp><timestamp>1557818228705</timestamp><baseURI><bucketBaseURI><bucketName>page_detail</bucketName><uri><![CDATA[http://www.xiachufang.com/recipe/100023831/]]></uri></bucketBaseURI></baseURI><customInfo><![CDATA[]]></customInfo><dsName>DSEngine</dsName><dsThread>datascraper_top</dsThread><version>80700</version>
<page_detail><item><foodname>
      可以清热去火的——笋干老鸭汤
    </foodname><score/><heat>4</heat><author>玉池桃红</author><materials><item><mate>
                  

    1/4只鸭肉，笋干，料酒，生姜，盐，葱。

                </mate><quantity>
                </quantity></item></materials><steps>
            
            
              笋干提前泡发一夜洗干净，姜切片，葱切断儿，鸭子斩块。
            
            
            
              锅中把水煮开后放入鸭肉焯水。
            
            
            
              把鸭肉冲洗干净。
            
            
            
              砂锅中放适量水，把洗干净的鸭块、葱断、姜片和料酒放锅内，大火煮开后转小火煲两小时，关火前放适量盐调味即可。
            
          </steps><tips/><tags>
        全部菜单
      </tags></item></page_detail></extraction>