<?xml version="1.0" encoding="UTF-8"?><extraction><clueid>99352630</clueid><fullpath><![CDATA[http://www.xiachufang.com/recipe/39115/]]></fullpath><realpath><![CDATA[http://www.xiachufang.com/recipe/39115/]]></realpath><theme>food_detail_page</theme><middle>规则_2</middle><createdate>2019-5-13 23:45:2</createdate><pageno>0</pageno><actionno></actionno><actionvalue></actionvalue><prestamp>DSEngine-+--+-0</prestamp><currentstamp>DSEngine-+-ds_browser_top-+-1557762302639</currentstamp><timestamp>1557762302639</timestamp><baseURI><bucketBaseURI><bucketName>page_detail</bucketName><uri><![CDATA[http://www.xiachufang.com/recipe/39115/]]></uri></bucketBaseURI></baseURI><customInfo><![CDATA[]]></customInfo><dsName>DSEngine</dsName><dsThread>datascraper_top</dsThread><version>80700</version>
<page_detail><item><foodname>
      孜然羊肉片
    </foodname><score>8.4</score><heat>1784</heat><author>风中彩虹</author><materials><item><mate>
                  

    羊肉片

                </mate><quantity>
                </quantity></item><item><mate>
                  

    香菜

                </mate><quantity>
                </quantity></item><item><mate>
                  

    花椒

                </mate><quantity>
                </quantity></item><item><mate>
                  

    葱

                </mate><quantity>
                </quantity></item><item><mate>
                  

    姜

                </mate><quantity>
                </quantity></item><item><mate>
                  

    糖

                </mate><quantity>
                </quantity></item><item><mate>
                  

    料酒

                </mate><quantity>
                </quantity></item><item><mate>
                  

    生抽

                </mate><quantity>
                </quantity></item><item><mate>
                  

    孜然粒

                </mate><quantity>
                </quantity></item><item><mate>
                  

    孜然粉

                </mate><quantity>
                </quantity></item><item><mate>
                  

    盐

                </mate><quantity>
                </quantity></item><item><mate>
                  

    辣椒面

                </mate><quantity>
                </quantity></item></materials><steps>
            
            
              羊肉片提前化冻，香菜洗净沥干水分切段
            
            
            
              锅烧热倒油，下几粒花椒，出香味后，将花椒捞出不用
            
            
            
              随后下葱、姜
            
            
            
              倒入羊肉片翻炒至变色
            
            
            
              调入少许糖、料酒、生抽，继续翻炒至水收干
            
            
            
              下孜然粒、孜然粉、盐
            
            
            
              最后倒入辣椒面，放入香菜段炒匀即出锅
            
          </steps><tips>
          1、调料中孜然粒、孜然粉都要放，比单放一种的味道能提升很多。
2、炒的过程中有可能会出汤，大火不断翻炒一会汤基本就会收干了，一定要把汤炒干，否则很影响味道的。
3、香菜的量也要多些，而且要最后放，放入香菜即关火，利用余温炒匀即可。
        </tips><tags>
        家常菜
        快手菜
        孜然
        孜然羊肉片
        羊肉片
        羊肉片汤
        葱爆羊肉片
        炒羊肉片
      </tags></item></page_detail></extraction>