<?xml version="1.0" encoding="UTF-8"?><extraction><clueid>99353886</clueid><fullpath><![CDATA[http://www.xiachufang.com/recipe/259611/]]></fullpath><realpath><![CDATA[http://www.xiachufang.com/recipe/259611/]]></realpath><theme>food_detail_page</theme><middle>规则_2</middle><createdate>2019-5-14 19:51:35</createdate><pageno>0</pageno><actionno></actionno><actionvalue></actionvalue><prestamp>DSEngine-+--+-0</prestamp><currentstamp>DSEngine-+-ds_browser_top-+-1557834695062</currentstamp><timestamp>1557834695062</timestamp><baseURI><bucketBaseURI><bucketName>page_detail</bucketName><uri><![CDATA[http://www.xiachufang.com/recipe/259611/]]></uri></bucketBaseURI></baseURI><customInfo><![CDATA[]]></customInfo><dsName>DSEngine</dsName><dsThread>datascraper_top</dsThread><version>80700</version>
<page_detail><item><foodname>
      秋日美白养颜汤
    </foodname><score/><heat>2</heat><author>Nicole的生活书</author><materials><item><mate>
                  

    大红枣

                </mate><quantity>
                    3颗
                </quantity></item><item><mate>
                  

    薏米

                </mate><quantity>
                    30g
                </quantity></item><item><mate>
                  

    西洋参

                </mate><quantity>
                    10g
                </quantity></item><item><mate>
                  

    燕麦片

                </mate><quantity>
                    适量
                </quantity></item><item><mate>
                  

    蜂蜜

                </mate><quantity>
                    适量
                </quantity></item></materials><steps>
            
            
              薏米洗净、用温水浸泡30分钟，燕麦用清水泡软，大枣洗净
              
            
            
            
              将薏米、西洋参片、大枣放入汤煲，加入足量清水
              
            
            
            
              大火烧开，转成文火煲20分钟，加入燕麦片
              
            
            
            
              继续煮5分钟，降温后调入适量蜂蜜即可
              
            
          </steps><tips>
          1.薏米比较硬，不宜熟，最好提前浸泡；
2.燕麦片随自己添加，可省略，泡软后再用；
3.燕麦片易熟，最后再放入即可，以免煮的太烂；
4.蜂蜜要在汤降温后调入，以免损失营养。
        </tips><tags>
        甜品
      </tags></item></page_detail></extraction>