<?xml version="1.0" encoding="UTF-8"?><extraction><clueid>99353444</clueid><fullpath><![CDATA[http://www.xiachufang.com/recipe/100032485/]]></fullpath><realpath><![CDATA[http://www.xiachufang.com/recipe/100032485/]]></realpath><theme>food_detail_page</theme><middle>规则_2</middle><createdate>2019-5-14 15:32:40</createdate><pageno>0</pageno><actionno></actionno><actionvalue></actionvalue><prestamp>DSEngine-+--+-0</prestamp><currentstamp>DSEngine-+-ds_browser_top-+-1557819160624</currentstamp><timestamp>1557819160624</timestamp><baseURI><bucketBaseURI><bucketName>page_detail</bucketName><uri><![CDATA[http://www.xiachufang.com/recipe/100032485/]]></uri></bucketBaseURI></baseURI><customInfo><![CDATA[]]></customInfo><dsName>DSEngine</dsName><dsThread>datascraper_top</dsThread><version>80700</version>
<page_detail><item><foodname>
      柚子糖（减糖版）
    </foodname><score>7.5</score><heat>276</heat><author>柒7的小厨房</author><materials><item><mate>
                  

    柚子皮

                </mate><quantity>
                    半个
                </quantity></item><item><mate>
                  

    冰糖

                </mate><quantity>
                    125g
                </quantity></item><item><mate>
                  

    水

                </mate><quantity>
                    
                </quantity></item><item><mate>
                  

    盐

                </mate><quantity>
                    
                </quantity></item></materials><steps>
            
            
              前两步和一般方法一样
把柚皮切片 越薄越好；
然后泡一遍 挤干水
            
            
            
              （这步不同！）
挤干的柚子皮再放锅中用水煮一下  
撒一小撮盐（注意别煮太久  水稍一开就关火）
再挤干水
（这一步为了充分去除苦味 并且能更好的吸收之后的糖水 并能提色）
              
            
            
            
              锅中加少量水 把糖溶化
放入柚子皮
搅拌啊搅拌 直到糖水干了 柚皮片片分明
（我是用电压锅= =）
放凉吃就好了 我喜欢嚼着有韧劲儿的  嘿嘿
              
            
          </steps><tips>
          注意啊 用冰糖和用白砂糖是两种不同的味道！！
冰糖做好后会有一种淡淡的焦糖香 并且不上嗓子

如果喜欢奶味的  可以在糖水中加奶粉（我试过一次加牛奶的 哈哈）
        </tips><tags>
        零食
        甜品
        下午茶
        宿舍
        柚子糖
        柚子
        糖
        蒸柚子
        蜂蜜柚子
      </tags></item></page_detail></extraction>