<?xml version="1.0" encoding="UTF-8"?><extraction><clueid>99353632</clueid><fullpath><![CDATA[http://www.xiachufang.com/recipe/103673918/]]></fullpath><realpath><![CDATA[http://www.xiachufang.com/recipe/103673918/]]></realpath><theme>food_detail_page</theme><middle>规则_2</middle><createdate>2019-5-14 16:2:44</createdate><pageno>0</pageno><actionno></actionno><actionvalue></actionvalue><prestamp>DSEngine-+--+-0</prestamp><currentstamp>DSEngine-+-ds_browser_top-+-1557820964478</currentstamp><timestamp>1557820964478</timestamp><baseURI><bucketBaseURI><bucketName>page_detail</bucketName><uri><![CDATA[http://www.xiachufang.com/recipe/103673918/]]></uri></bucketBaseURI></baseURI><customInfo><![CDATA[]]></customInfo><dsName>DSEngine</dsName><dsThread>datascraper_top</dsThread><version>80700</version>
<page_detail><item><foodname>
      山药鸭汤（四季清火补汤）
      </foodname><score/><heat>2</heat><author>kellycats</author><materials><item><mate>
                  

    鸭

                </mate><quantity>
                    半只
                </quantity></item><item><mate>
                  

    姜

                </mate><quantity>
                    5片
                </quantity></item><item><mate>
                  

    盐

                </mate><quantity>
                    2克
                </quantity></item><item><mate>
                  

    山药

                </mate><quantity>
                    1根
                </quantity></item><item><mate>
                  

    黄芪

                </mate><quantity>
                    10g
                </quantity></item><item><mate>
                  

    枸杞

                </mate><quantity>
                    10g
                </quantity></item></materials><steps>
            
            
              下油锅煎出油
              
            
            
            
              去油，鸭块放入炖盅加入各种配料，隔水炖3小时
              
            
            
            
              开吃
              
            
          </steps><tips/><tags/></item></page_detail></extraction>