<?xml version="1.0" encoding="UTF-8"?><extraction><clueid>99352315</clueid><fullpath><![CDATA[http://www.xiachufang.com/recipe/1071031/]]></fullpath><realpath><![CDATA[http://www.xiachufang.com/recipe/1071031/]]></realpath><theme>food_detail_page</theme><middle>规则_2</middle><createdate>2019-5-13 22:35:34</createdate><pageno>0</pageno><actionno></actionno><actionvalue></actionvalue><prestamp>DSEngine-+--+-0</prestamp><currentstamp>DSEngine-+-ds_browser_top-+-1557758134183</currentstamp><timestamp>1557758134183</timestamp><baseURI><bucketBaseURI><bucketName>page_detail</bucketName><uri><![CDATA[http://www.xiachufang.com/recipe/1071031/]]></uri></bucketBaseURI></baseURI><customInfo><![CDATA[]]></customInfo><dsName>DSEngine</dsName><dsThread>datascraper_top</dsThread><version>80700</version>
<page_detail><item><foodname>
      清蒸鱼
    </foodname><score>8.5</score><heat>5086</heat><author>味蕾工坊</author><materials><item><mate>
                  

    鱼

                </mate><quantity>
                    鲈鱼鳊鱼等等都可以
                </quantity></item><item><mate>
                  

    蒸鱼豉油

                </mate><quantity>
                    
                </quantity></item><item><mate>
                  

    植物油

                </mate><quantity>
                    
                </quantity></item><item><mate>
                  

    料酒

                </mate><quantity>
                    
                </quantity></item><item><mate>
                  

    盐

                </mate><quantity>
                    
                </quantity></item><item><mate>
                  

    葱

                </mate><quantity>
                    部分切片部分切丝
                </quantity></item><item><mate>
                  

    姜

                </mate><quantity>
                    部分切片部分切丝
                </quantity></item></materials><steps>
            
            
              在鱼身两面都切上几刀，均匀抹上盐和料酒，放些姜片，腌制10分钟
            
            
            
              腌制好的鱼，摆在盘子上，放入蒸锅，蒸15分钟
            
            
            
              蒸好的鱼取出后铺上葱丝、姜丝，淋上蒸鱼豉油
            
            
            
              烧热一勺油，浇在鱼身上即可
            
          </steps><tips/><tags>
        家常菜
        蒸
        味蕾工坊
        清淡
        宴客
        视频菜谱
        清蒸鱼
        孔雀开屏清蒸鱼
        微波炉清蒸鱼
      </tags></item></page_detail></extraction>