<?xml version="1.0" encoding="UTF-8"?><extraction><clueid>99353074</clueid><fullpath><![CDATA[http://www.xiachufang.com/recipe/1010930/]]></fullpath><realpath><![CDATA[http://www.xiachufang.com/recipe/1010930/]]></realpath><theme>food_detail_page</theme><middle>规则_2</middle><createdate>2019-5-14 12:51:6</createdate><pageno>0</pageno><actionno></actionno><actionvalue></actionvalue><prestamp>DSEngine-+--+-0</prestamp><currentstamp>DSEngine-+-ds_browser_top-+-1557809466911</currentstamp><timestamp>1557809466911</timestamp><baseURI><bucketBaseURI><bucketName>page_detail</bucketName><uri><![CDATA[http://www.xiachufang.com/recipe/1010930/]]></uri></bucketBaseURI></baseURI><customInfo><![CDATA[]]></customInfo><dsName>DSEngine</dsName><dsThread>datascraper_top</dsThread><version>80700</version>
<page_detail><item><foodname>
      健脾除湿的马来西亚肉骨茶
      </foodname><score>7.5</score><heat>194</heat><author>小羽私厨</author><materials><item><mate>
                  

    黑枣

                </mate><quantity>
                    
                </quantity></item><item><mate>
                  

    排骨

                </mate><quantity>
                    1000克
                </quantity></item><item><mate>
                  

    龙骨或猪蹄

                </mate><quantity>
                    500克
                </quantity></item><item><mate>
                  

    蒜

                </mate><quantity>
                    1头
                </quantity></item><item><mate>
                  

    盐

                </mate><quantity>
                    适量
                </quantity></item><item><mate>
                  

    料酒

                </mate><quantity>
                    50ml
                </quantity></item><item><mate>
                  

    玉竹

                </mate><quantity>
                    
                </quantity></item><item><mate>
                  

    川芎

                </mate><quantity>
                    
                </quantity></item><item><mate>
                  

    党参

                </mate><quantity>
                    
                </quantity></item><item><mate>
                  

    当归

                </mate><quantity>
                    
                </quantity></item><item><mate>
                  

    枸杞

                </mate><quantity>
                    
                </quantity></item><item><mate>
                  

    桂皮

                </mate><quantity>
                    
                </quantity></item><item><mate>
                  

    八角

                </mate><quantity>
                    
                </quantity></item><item><mate>
                  

    甘草

                </mate><quantity>
                    
                </quantity></item></materials><steps>
            
            
              将排骨、龙骨入冷水，水要全部没过，大火将水烧开后，再煮3分钟，然后捞出冲净浮末。
            
            
            
              炖汤煲中添水，放入炖汤的所有的调味料，大火将水烧开，然后转小火煮半个小时，然后放入之前汆烫好的骨头，小火煮60分钟。
            
            
            
              根据自己的口味加盐调味，再煮30分钟即可。建议盐不必放太多，可以出锅后再根据自己的口味加盐。另外，排骨吃时需要搭配蘸料，建议用生抽、陈醋、辣椒油、蒜蓉，根据自己的口味调成蘸料即可。
            
          </steps><tips>
          1、这次做的汤是纯骨头汤，其实还可以加油豆腐、蘑菇、青菜等，看你自己发挥吧。2、据说老饕们都是配油条吃的，可惜现在的油条不敢买，自己又不会做，自己会做的同学们自己动手吧。
        </tips><tags>
        宴客
      </tags></item></page_detail></extraction>