<?xml version="1.0" encoding="UTF-8"?><extraction><clueid>99352443</clueid><fullpath><![CDATA[http://www.xiachufang.com/recipe/100042423/]]></fullpath><realpath><![CDATA[http://www.xiachufang.com/recipe/100042423/]]></realpath><theme>food_detail_page</theme><middle>规则_2</middle><createdate>2019-5-13 22:59:10</createdate><pageno>0</pageno><actionno></actionno><actionvalue></actionvalue><prestamp>DSEngine-+--+-0</prestamp><currentstamp>DSEngine-+-ds_browser_top-+-1557759550543</currentstamp><timestamp>1557759550543</timestamp><baseURI><bucketBaseURI><bucketName>page_detail</bucketName><uri><![CDATA[http://www.xiachufang.com/recipe/100042423/]]></uri></bucketBaseURI></baseURI><customInfo><![CDATA[]]></customInfo><dsName>DSEngine</dsName><dsThread>datascraper_top</dsThread><version>80700</version>
<page_detail><item><foodname>
      芹菜牛肉末「下饭神器」
      </foodname><score>8.1</score><heat>2509</heat><author>吃货喵330</author><materials><item><mate>
                  

    牛肉

                </mate><quantity>
                    500g
                </quantity></item><item><mate>
                  

    芹菜

                </mate><quantity>
                    300g
                </quantity></item><item><mate>
                  

    干辣椒

                </mate><quantity>
                    4个
                </quantity></item><item><mate>
                  

    大蒜

                </mate><quantity>
                    2瓣
                </quantity></item><item><mate>
                  

    小米椒

                </mate><quantity>
                    2个
                </quantity></item><item><mate>
                  

    盐

                </mate><quantity>
                    
                </quantity></item><item><mate>
                  

    味精（可不加）

                </mate><quantity>
                    
                </quantity></item><item><mate>
                  

    酱油

                </mate><quantity>
                    
                </quantity></item></materials><steps>
            
            
              牛肉洗净，用水稍稍浸泡去掉血水，沥干水后剁成牛肉末，剁好的牛肉末放碗中沥干备用。
            
            
            
              芹菜去掉叶子，洗净，也切成碎末。大蒜切片，干辣椒去籽切段，小米椒切碎。
            
            
            
              开中火，炒锅中放入少许油，倒入切好的牛肉末，加一小点酱油迅速翻炒。炒至断生再接着翻炒片刻后盛出备用。
            
            
            
              锅中剩油放入大蒜、干辣椒煸出香味，然后放入芹菜末和小米椒碎，转中高火，翻炒2-3分钟。
            
            
            
              再放入炒好的牛肉末翻炒2分钟，出锅前加入适量盐、味精和酱油，搅拌均匀后出锅即可。
            
          </steps><tips>
          牛肉末一定要尽量沥干水，不然炒出来汤汁太多。
这个菜配上米饭拌着吃简直就是人生一大享受！
        </tips><tags>
        家常菜
        下饭菜
        宴客
        宿舍
        单身食谱
        芹菜牛肉末
        牛肉末炒芹菜
        牛肉末
        芹菜
        羊肉芹菜
      </tags></item></page_detail></extraction>