<?xml version="1.0" encoding="UTF-8"?><extraction><clueid>99353366</clueid><fullpath><![CDATA[http://www.xiachufang.com/recipe/103816465/]]></fullpath><realpath><![CDATA[http://www.xiachufang.com/recipe/103816465/]]></realpath><theme>food_detail_page</theme><middle>规则_2</middle><createdate>2019-5-14 15:20:43</createdate><pageno>0</pageno><actionno></actionno><actionvalue></actionvalue><prestamp>DSEngine-+--+-0</prestamp><currentstamp>DSEngine-+-ds_browser_top-+-1557818443177</currentstamp><timestamp>1557818443177</timestamp><baseURI><bucketBaseURI><bucketName>page_detail</bucketName><uri><![CDATA[http://www.xiachufang.com/recipe/103816465/]]></uri></bucketBaseURI></baseURI><customInfo><![CDATA[]]></customInfo><dsName>DSEngine</dsName><dsThread>datascraper_top</dsThread><version>80700</version>
<page_detail><item><foodname>
      清热祛湿也需兼顾开胃健脾、固本培元—糖冬瓜柑橘薏米饮
    </foodname><score/><heat>0</heat><author>陈小猪的小厨房</author><materials><item><mate>
                  

    糖冬瓜

                </mate><quantity>
                    2根
                </quantity></item><item><mate>
                  

    薏米

                </mate><quantity>
                    10克
                </quantity></item><item><mate>
                  

    云苓

                </mate><quantity>
                    10克
                </quantity></item><item><mate>
                  

    麦冬

                </mate><quantity>
                    10克
                </quantity></item><item><mate>
                  

    南北杏

                </mate><quantity>
                    10克（南杏分量是北杏的两倍）
                </quantity></item><item><mate>
                  

    柑橘干

                </mate><quantity>
                    10克
                </quantity></item><item><mate>
                  

    雪梨干

                </mate><quantity>
                    15克
                </quantity></item><item><mate>
                  

    陈皮

                </mate><quantity>
                    一小片
                </quantity></item><item><mate>
                  

    清水

                </mate><quantity>
                    2升
                </quantity></item></materials><steps>
            
            
              备好材料。加入清水，冷水煮开转小火煮20分钟。
              
            
            
            
              味道清清甜甜，喝完肚子和咽喉都感到很舒服。试试吧😊
              
            
          </steps><tips/><tags/></item></page_detail></extraction>