<?xml version="1.0" encoding="UTF-8"?><extraction><clueid>99353361</clueid><fullpath><![CDATA[http://www.xiachufang.com/recipe/102751792/]]></fullpath><realpath><![CDATA[http://www.xiachufang.com/recipe/102751792/]]></realpath><theme>food_detail_page</theme><middle>规则_2</middle><createdate>2019-5-14 15:19:26</createdate><pageno>0</pageno><actionno></actionno><actionvalue></actionvalue><prestamp>DSEngine-+--+-0</prestamp><currentstamp>DSEngine-+-ds_browser_top-+-1557818366441</currentstamp><timestamp>1557818366441</timestamp><baseURI><bucketBaseURI><bucketName>page_detail</bucketName><uri><![CDATA[http://www.xiachufang.com/recipe/102751792/]]></uri></bucketBaseURI></baseURI><customInfo><![CDATA[]]></customInfo><dsName>DSEngine</dsName><dsThread>datascraper_top</dsThread><version>80700</version>
<page_detail><item><foodname>
      夏天清火营养汤
      </foodname><score/><heat>8</heat><author>飘云-</author><materials><item><mate>
                  

    冬瓜

                </mate><quantity>
                    500克
                </quantity></item><item><mate>
                  

    草菇

                </mate><quantity>
                    八个
                </quantity></item><item><mate>
                  

    各类菌菇

                </mate><quantity>
                    少量
                </quantity></item><item><mate>
                  

    玉米棒

                </mate><quantity>
                    2个
                </quantity></item><item><mate>
                  

    小肉丸（或咸肉）

                </mate><quantity>
                    10个
                </quantity></item><item><mate>
                  

    咸笋（扁尖）

                </mate><quantity>
                    适量
                </quantity></item><item><mate>
                  

    黑木耳

                </mate><quantity>
                    适量
                </quantity></item></materials><steps>
            
            
              各类食材洗净。
            
            
            
              除了冬瓜其他食材全放入砂锅，加入清水，火开后关小火慢慢炖，直至汤色泛白。
            
            
            
              最后倒入冬瓜烧开关火👌
            
          </steps><tips/><tags/></item></page_detail></extraction>