<?xml version="1.0" encoding="UTF-8"?><extraction><clueid>99352715</clueid><fullpath><![CDATA[http://www.xiachufang.com/recipe/100000410/]]></fullpath><realpath><![CDATA[http://www.xiachufang.com/recipe/100000410/]]></realpath><theme>food_detail_page</theme><middle>规则_2</middle><createdate>2019-5-13 23:59:50</createdate><pageno>0</pageno><actionno></actionno><actionvalue></actionvalue><prestamp>DSEngine-+--+-0</prestamp><currentstamp>DSEngine-+-ds_browser_top-+-1557763190001</currentstamp><timestamp>1557763190001</timestamp><baseURI><bucketBaseURI><bucketName>page_detail</bucketName><uri><![CDATA[http://www.xiachufang.com/recipe/100000410/]]></uri></bucketBaseURI></baseURI><customInfo><![CDATA[]]></customInfo><dsName>DSEngine</dsName><dsThread>datascraper_top</dsThread><version>80700</version>
<page_detail><item><foodname>
      肉末金针菇
    </foodname><score>7.4</score><heat>1242</heat><author>蝦子</author><materials><item><mate>
                  

    六月鲜特级酱油

                </mate><quantity>
                </quantity></item><item><mate>
                  

    肉末

                </mate><quantity>
                </quantity></item><item><mate>
                  

    金针菇

                </mate><quantity>
                </quantity></item><item><mate>
                  

    姜

                </mate><quantity>
                </quantity></item><item><mate>
                  

    油

                </mate><quantity>
                </quantity></item><item><mate>
                  

    盐

                </mate><quantity>
                </quantity></item></materials><steps>
            
            
              金针菇去根洗净控水
            
            
            
              肉末中加少许油搅拌均匀（也可以再加一点料酒或胡椒面）
            
            
            
              开火做炒锅不加油，加热后把金针菇放入一直翻炒，把金针菇的汁水炒干些，变蔫吧啦就盛出待用
            
            
            
              锅中放适量油，油热放姜末煸香将肉末放入捣碎翻炒，至肉末变色后加酱油继续翻炒出肉香
            
            
            
              放入变蔫吧的金针菇，翻炒均匀即可出锅。至于放不放盐就看您的口味啦.....
            
          </steps><tips>
          1.锅中不放油把金针菇先翻炒...这样做出来的菜就不会出很多汤水啦....
2.不过喜欢汤汤水水的童鞋就省去第3步骤吧~~~~
3.2014.1.15加说明：到现在为止已经有381位朋友捧场做过这道小菜了！大家普遍反映卖相不怎样味道还可以、还有很多朋友加入了辣味调剂自己的口味（如鲜青椒、小辣椒、干辣椒、辣椒面），反正爱吃辣味的朋友您就酌情处理吧！
        </tips><tags>
        快手菜
        家常菜
      </tags></item></page_detail></extraction>