<?xml version="1.0" encoding="UTF-8"?><extraction><clueid>99352766</clueid><fullpath><![CDATA[http://www.xiachufang.com/recipe/100499831/]]></fullpath><realpath><![CDATA[http://www.xiachufang.com/recipe/100499831/]]></realpath><theme>food_detail_page</theme><middle>规则_2</middle><createdate>2019-5-14 1:25:59</createdate><pageno>0</pageno><actionno></actionno><actionvalue></actionvalue><prestamp>DSEngine-+--+-0</prestamp><currentstamp>DSEngine-+-ds_browser_top-+-1557768359229</currentstamp><timestamp>1557768359229</timestamp><baseURI><bucketBaseURI><bucketName>page_detail</bucketName><uri><![CDATA[http://www.xiachufang.com/recipe/100499831/]]></uri></bucketBaseURI></baseURI><customInfo><![CDATA[]]></customInfo><dsName>DSEngine</dsName><dsThread>datascraper_top</dsThread><version>80700</version>
<page_detail><item><foodname>
      无油低脂烤鸡胸肉（减肥版）
    </foodname><score>7.3</score><heat>1085</heat><author>凯蒂肉</author><materials><item><mate>
                  

    鸡胸肉

                </mate><quantity>
                    半个
                </quantity></item><item><mate>
                  

    盐

                </mate><quantity>
                    适量（根据个人口味放）
                </quantity></item><item><mate>
                  

    黑胡椒碎

                </mate><quantity>
                    适量（根据个人口味放）
                </quantity></item><item><mate>
                  

    生抽

                </mate><quantity>
                    适量（根据个人口味放）
                </quantity></item></materials><steps>
            
            
              把鸡胸肉横向切三片
            
            
            
              双面涂抹上黑胡椒碎跟盐抓匀
            
            
            
              放入容器中包含保鲜膜放冰箱腌制！半小时以上！最好隔夜
              
            
            
            
              放入烤箱220度15分钟出炉
              
            
          </steps><tips>
          减肥期间不易吃太咸的东西！作料放的时候注意
        </tips><tags>
        烤箱
        减肥
        烤鸡胸肉
        鸡胸肉
        炒鸡胸肉
        叉烧鸡胸肉
        鸡胸肉饺子
      </tags></item></page_detail></extraction>