<?xml version="1.0" encoding="UTF-8"?><extraction><clueid>99352540</clueid><fullpath><![CDATA[http://www.xiachufang.com/recipe/100304552/]]></fullpath><realpath><![CDATA[http://www.xiachufang.com/recipe/100304552/]]></realpath><theme>food_detail_page</theme><middle>规则_2</middle><createdate>2019-5-13 23:13:46</createdate><pageno>0</pageno><actionno></actionno><actionvalue></actionvalue><prestamp>DSEngine-+--+-0</prestamp><currentstamp>DSEngine-+-ds_browser_top-+-1557760426702</currentstamp><timestamp>1557760426702</timestamp><baseURI><bucketBaseURI><bucketName>page_detail</bucketName><uri><![CDATA[http://www.xiachufang.com/recipe/100304552/]]></uri></bucketBaseURI></baseURI><customInfo><![CDATA[]]></customInfo><dsName>DSEngine</dsName><dsThread>datascraper_top</dsThread><version>80700</version>
<page_detail><item><foodname>
      只需要五分钟就可以的美味蒜蓉蒸丝瓜
    </foodname><score>7.7</score><heat>4123</heat><author>莫莉花花</author><materials><item><mate>
                  

    丝瓜

                </mate><quantity>
                    1-2根
                </quantity></item><item><mate>
                  

    大蒜

                </mate><quantity>
                    10瓣左右
                </quantity></item><item><mate>
                  

    花生油

                </mate><quantity>
                    一个汤勺
                </quantity></item><item><mate>
                  

    生抽王

                </mate><quantity>
                    三个汤勺
                </quantity></item></materials><steps>
            
            
              将丝瓜刨皮，然后切成一段段的（要切多长可以看你用的碟子有多大），然后一块块地码在碟子上。将大蒜掰开蒜皮，剁成蒜蓉。
            
            
            
              起一个蒸锅，把放着丝瓜的碟子放进蒸锅里面，大概蒸3-5分钟就可以了。千万别蒸久了，丝瓜很容易蒸锅的，只要蒸得颜色碧绿就可以了，再蒸丝瓜就要缩水了。把蒸好的丝瓜碟子拿出来，先放到一边。
            
            
            
              热锅，放一勺花生油下去，等到油热，有点冒烟之后，把蒜蓉放进去，用小火慢慢地爆，等蒜蓉变黄以后把准备好的生抽王倒下去（友情提示，离远一点）~。
            
            
            
              把蒜蓉生抽王淋在丝瓜上就大功告成了！很简单吧，简单得不能再简单了。炎热的夏天，只要五分钟就有色香味俱全的一道菜可以吃了~
            
          </steps><tips>
          1、丝瓜的数量是不定的，因为有的丝瓜大，有的丝瓜小，要看吃多少来做~2、丝瓜不要蒸过了，不然口感和外貌都会受影响3、酱油的量也是不一定的，因为有的重口味，有的不是重口味。怎么我的tips全是废话？哈哈哈哈~
        </tips><tags>
        快手菜
        蒸
        宴客
        单身食谱
        蒜蓉蒸丝瓜
        蒜蓉粉丝蒸丝瓜
        蒜蓉丝瓜
        蒸丝瓜
        蒜蓉炒丝瓜
      </tags></item></page_detail></extraction>