<?xml version="1.0" encoding="UTF-8"?><extraction><clueid>99353345</clueid><fullpath><![CDATA[http://www.xiachufang.com/recipe/100027197/]]></fullpath><realpath><![CDATA[http://www.xiachufang.com/recipe/100027197/]]></realpath><theme>food_detail_page</theme><middle>规则_2</middle><createdate>2019-5-14 15:15:17</createdate><pageno>0</pageno><actionno></actionno><actionvalue></actionvalue><prestamp>DSEngine-+--+-0</prestamp><currentstamp>DSEngine-+-ds_browser_top-+-1557818117904</currentstamp><timestamp>1557818117904</timestamp><baseURI><bucketBaseURI><bucketName>page_detail</bucketName><uri><![CDATA[http://www.xiachufang.com/recipe/100027197/]]></uri></bucketBaseURI></baseURI><customInfo><![CDATA[]]></customInfo><dsName>DSEngine</dsName><dsThread>datascraper_top</dsThread><version>80700</version>
<page_detail><item><foodname>
      美人豆浆---清热祛火
    </foodname><score/><heat>0</heat><author>不啃萝卜的兔子</author><materials><item><mate>
                  

    绿豆

                </mate><quantity>
                </quantity></item><item><mate>
                  

    黄豆

                </mate><quantity>
                </quantity></item><item><mate>
                  

    冬瓜

                </mate><quantity>
                </quantity></item><item><mate>
                  

    黄瓜

                </mate><quantity>
                </quantity></item></materials><steps>
            
            
              黄豆,绿豆隔水泡发
            
            
            
              加入所有食材放入豆浆机,五谷豆浆键
            
          </steps><tips/><tags>
        早餐
        豆浆
      </tags></item></page_detail></extraction>