<?xml version="1.0" encoding="UTF-8"?><extraction><clueid>99353264</clueid><fullpath><![CDATA[http://www.xiachufang.com/recipe/101765809/]]></fullpath><realpath><![CDATA[http://www.xiachufang.com/recipe/101765809/]]></realpath><theme>food_detail_page</theme><middle>规则_2</middle><createdate>2019-5-14 15:2:20</createdate><pageno>0</pageno><actionno></actionno><actionvalue></actionvalue><prestamp>DSEngine-+--+-0</prestamp><currentstamp>DSEngine-+-ds_browser_top-+-1557817340170</currentstamp><timestamp>1557817340170</timestamp><baseURI><bucketBaseURI><bucketName>page_detail</bucketName><uri><![CDATA[http://www.xiachufang.com/recipe/101765809/]]></uri></bucketBaseURI></baseURI><customInfo><![CDATA[]]></customInfo><dsName>DSEngine</dsName><dsThread>datascraper_top</dsThread><version>80700</version>
<page_detail><item><foodname>
      每天一杯DIY综合蔬果汁，营养又瘦身
    </foodname><score/><heat>0</heat><author>ECHOLIFE一口生活</author><materials><item><mate>
                  

    各种蔬菜水果

                </mate><quantity>
                    详情见下文
                </quantity></item></materials><steps>
            
            
              红色周一：2个橙子+半个葡萄柚+若干草莓，健康的一周从满满的维C开始。
              
            
            
            
              橙色周二：若干胡萝卜+半个木瓜+适量蜂蜜+适量柠檬调味，美容美白美肤美眼还美胸，你懂的~
              
            
            
            
              绿色周三：一个青苹果+一捆羽衣甘蓝+一根黄瓜+适量蜂蜜调味，绿绿的看起来就知道很健康。
              
            
            
            
              紫色周四：一盒蓝莓+一盒黑莓+一个红富士+适量柠檬调味，花青素抗氧化又抗衰老！
              
            
            
            
              白色周五：一杯坚果（用水泡半天后滤干）+适量牛奶（豆奶）+一根香蕉+适量肉桂/生姜/蜂蜜调味，快到周末了，给身体补充足够的蛋白质和钙质，养精蓄锐为下一周的美好生活做准备！
              
            
          </steps><tips>
          每个月抽出3-5天的时间，用蔬果汁代替正餐来减肥排毒的方法还蛮流行的，但是Echo并不是很推荐这样极端的方法，不如每天在正餐之间，来一瓶这样健康的DIY饮料，慢慢的，也会看到身体的变化呢~
        </tips><tags>
        果汁
        减肥
        早餐
        小清新
        下午茶
        儿童
        孕产妇
        老人
        甜品
        饮品
      </tags></item></page_detail></extraction>