<?xml version="1.0" encoding="UTF-8"?><extraction><clueid>99352975</clueid><fullpath><![CDATA[http://www.xiachufang.com/recipe/100451309/]]></fullpath><realpath><![CDATA[http://www.xiachufang.com/recipe/100451309/]]></realpath><theme>food_detail_page</theme><middle>规则_2</middle><createdate>2019-5-14 11:45:13</createdate><pageno>0</pageno><actionno></actionno><actionvalue></actionvalue><prestamp>DSEngine-+--+-0</prestamp><currentstamp>DSEngine-+-ds_browser_top-+-1557805513906</currentstamp><timestamp>1557805513906</timestamp><baseURI><bucketBaseURI><bucketName>page_detail</bucketName><uri><![CDATA[http://www.xiachufang.com/recipe/100451309/]]></uri></bucketBaseURI></baseURI><customInfo><![CDATA[]]></customInfo><dsName>DSEngine</dsName><dsThread>datascraper_top</dsThread><version>80700</version>
<page_detail><item><foodname>
      老丁的私房菜-素炸萝卜丸子
      </foodname><score>7.4</score><heat>171</heat><author>老丁的私房菜</author><materials><item><mate>
                  

    萝卜

                </mate><quantity>
                    1个
                </quantity></item><item><mate>
                  

    老豆腐

                </mate><quantity>
                    1块
                </quantity></item><item><mate>
                  

    面粉

                </mate><quantity>
                    少许
                </quantity></item></materials><steps>
            
            
              萝卜洗净，擦丝备用。萝卜最好选用北方的青萝卜，没有用白萝卜也可以。
              
            
            
            
              豆腐用手捏碎，加入萝卜中。
              
            
            
            
              拌匀
              
            
            
            
              加入一些十三香、盐和味精。
              
            
            
            
              加入一些面粉。
              
            
            
            
              加入一些香油。
              
            
            
            
              拌匀
              
            
            
            
              拌匀和好。
              
            
            
            
              坐一锅油，4~5成热，将原料团成丸子，一个个下入油锅
              
            
            
            
              中火炸丸子至金黄色，捞出控油即可。
              
            
            
            
              装盘。
              
            
          </steps><tips/><tags>
        年夜饭
        家常菜
        快手菜
        宴客
        深夜食堂
        减肥
      </tags></item></page_detail></extraction>