<?xml version="1.0" encoding="UTF-8"?><extraction><clueid>99352924</clueid><fullpath><![CDATA[http://www.xiachufang.com/recipe/90749/]]></fullpath><realpath><![CDATA[http://www.xiachufang.com/recipe/90749/]]></realpath><theme>food_detail_page</theme><middle>规则_2</middle><createdate>2019-5-14 11:19:58</createdate><pageno>0</pageno><actionno></actionno><actionvalue></actionvalue><prestamp>DSEngine-+--+-0</prestamp><currentstamp>DSEngine-+-ds_browser_top-+-1557803998100</currentstamp><timestamp>1557803998100</timestamp><baseURI><bucketBaseURI><bucketName>page_detail</bucketName><uri><![CDATA[http://www.xiachufang.com/recipe/90749/]]></uri></bucketBaseURI></baseURI><customInfo><![CDATA[]]></customInfo><dsName>DSEngine</dsName><dsThread>datascraper_top</dsThread><version>80700</version>
<page_detail><item><foodname>
      红豆薏米水
    </foodname><score>8.0</score><heat>299</heat><author>小辞xiaoci</author><materials><item><mate>
                  

    薏米

                </mate><quantity>
                    适量
                </quantity></item><item><mate>
                  

    红豆

                </mate><quantity>
                    适量
                </quantity></item></materials><steps>
            
            
              薏米，红豆洗净，浸泡24小时，或过夜，放入煮锅中，倒入足够水（和平时做粥时的水量相当）
            
            
            
              开火煮至锅中水沸开后，关火焖一小时
            
            
            
              再开火，煮至锅中水再沸后，关火，将汤滤出当水喝，红豆和薏米当饭或粥吃
            
            
            
              这里再介绍另一个更简单的方法：浸泡一夜的红豆和薏米，加足够清水煮开，中小火煲30-50分钟后关火，晾凉即可饮用。
            
          </steps><tips>
          *注意：在熬薏米红豆粥的时候，千万不能加大米进去！因为大米长在水里，含有湿气，湿性黏稠，所以大米一熬就稠了。红豆和薏米都是祛湿的，本身不含湿，所以它们怎么熬都不稠，汤很清。中医恰恰是利用了它这种清的性质，来把人体的湿给除掉，一旦加进去大米，就等于加进去了湿气，所以整个粥就稠了。虽然味道可能更好了，但对于养生来说并非好事，就因为那一把大米，所有的红豆、薏米就都白费了，功效全无。＂
        </tips><tags>
        饮品
        减肥
        红豆薏米水
        薏米水
        红豆薏米
        柠檬薏米水
        红豆薏米糊
      </tags></item></page_detail></extraction>