<?xml version="1.0" encoding="UTF-8"?><extraction><clueid>99353656</clueid><fullpath><![CDATA[http://www.xiachufang.com/recipe/102865858/]]></fullpath><realpath><![CDATA[http://www.xiachufang.com/recipe/102865858/]]></realpath><theme>food_detail_page</theme><middle>规则_2</middle><createdate>2019-5-14 16:5:59</createdate><pageno>0</pageno><actionno></actionno><actionvalue></actionvalue><prestamp>DSEngine-+--+-0</prestamp><currentstamp>DSEngine-+-ds_browser_top-+-1557821159455</currentstamp><timestamp>1557821159455</timestamp><baseURI><bucketBaseURI><bucketName>page_detail</bucketName><uri><![CDATA[http://www.xiachufang.com/recipe/102865858/]]></uri></bucketBaseURI></baseURI><customInfo><![CDATA[]]></customInfo><dsName>DSEngine</dsName><dsThread>datascraper_top</dsThread><version>80700</version>
<page_detail><item><foodname>
      清热雪梨菊花饮
      </foodname><score/><heat>0</heat><author>熙_windy</author><materials><item><mate>
                  

    梨

                </mate><quantity>
                    1个
                </quantity></item><item><mate>
                  

    冰糖

                </mate><quantity>
                    200克
                </quantity></item><item><mate>
                  

    枇杷叶

                </mate><quantity>
                    10克
                </quantity></item><item><mate>
                  

    罗汉果

                </mate><quantity>
                    1个
                </quantity></item><item><mate>
                  

    金丝皇菊

                </mate><quantity>
                    5朵
                </quantity></item><item><mate>
                  

    水

                </mate><quantity>
                    3升
                </quantity></item></materials><steps>
            
            
              材料一览图，枇杷叶和罗汉果在药店都能买到。
              
            
            
            
              枇杷叶放进隔渣袋里，洗掉灰尘。
              
            
            
            
              罗汉果洗干净，掰成小块，一起放进隔渣袋里。
              
            
            
            
              雪梨洗干净，不用削皮，直接切成小块。
              
            
            
            
              我用这种冰糖，200克就够了，因为罗汉果很甜，不需要太多的糖。
              
            
            
            
              加水3升，煮40分钟。
              
            
            
            
              煮好后，梨肉变得透明，我不爱吃渣，而且渣不好保存，容易变质，所以这一步，隔渣，要压一下梨肉，里面超多水分。
              
            
            
            
              准备好玻璃罐，里面放上金丝黄菊，一般我在1升里放两朵。
              
            
            
            
              趁热把煮好的甜汤灌进去，盖盖，闷出菊花的味道，就可以饮用了。夏天可以放一夜，然后冰箱保存3天。
              
            
          </steps><tips/><tags/></item></page_detail></extraction>