<?xml version="1.0" encoding="UTF-8"?><extraction><clueid>99352542</clueid><fullpath><![CDATA[http://www.xiachufang.com/recipe/100395978/]]></fullpath><realpath><![CDATA[http://www.xiachufang.com/recipe/100395978/]]></realpath><theme>food_detail_page</theme><middle>规则_2</middle><createdate>2019-5-13 23:14:22</createdate><pageno>0</pageno><actionno></actionno><actionvalue></actionvalue><prestamp>DSEngine-+--+-0</prestamp><currentstamp>DSEngine-+-ds_browser_top-+-1557760462145</currentstamp><timestamp>1557760462145</timestamp><baseURI><bucketBaseURI><bucketName>page_detail</bucketName><uri><![CDATA[http://www.xiachufang.com/recipe/100395978/]]></uri></bucketBaseURI></baseURI><customInfo><![CDATA[]]></customInfo><dsName>DSEngine</dsName><dsThread>datascraper_top</dsThread><version>80700</version>
<page_detail><item><foodname>
      酱油炒饭(超级简单)
      </foodname><score>7.8</score><heat>4857</heat><author>陈哈哈Carrie</author><materials><item><mate>
                  

    剩米饭

                </mate><quantity>
                    适量
                </quantity></item><item><mate>
                  

    葱

                </mate><quantity>
                    适量
                </quantity></item><item><mate>
                  

    鸡蛋

                </mate><quantity>
                    一个
                </quantity></item><item><mate>
                  

    酱油（老抽）

                </mate><quantity>
                    适量
                </quantity></item><item><mate>
                  

    料酒

                </mate><quantity>
                    少量
                </quantity></item><item><mate>
                  

    耗油

                </mate><quantity>
                    少量
                </quantity></item><item><mate>
                  

    糖

                </mate><quantity>
                    少量
                </quantity></item></materials><steps>
            
            
              一大碗剩米饭的量，用两三勺酱油，一点料酒，一点糖，再加一点油拌匀。拌匀后依据本菜谱封面观察颜色，根据颜色决定要不要多加酱汁或米饭。
            
            
            
              打散鸡蛋备用。热锅，倒少许油，将鸡蛋倒入，快速炒碎，盛出备用。
            
            
            
              再倒少许油，加葱末炒香，倒入拌好的米饭翻炒均匀。
            
            
            
              把鸡蛋倒入锅中拌匀，尝一尝味道，最后加少许蚝油出锅。
            
          </steps><tips>
          做炒饭时，剩米饭要比新鲜米饭更好吃。
        </tips><tags>
        炒饭
        快手菜
        酱油炒饭
        菇香酱油炒饭
        酱油
        懒人酱油炒饭
        炒饭
      </tags></item></page_detail></extraction>