<?xml version="1.0" encoding="UTF-8"?><extraction><clueid>99353755</clueid><fullpath><![CDATA[http://www.xiachufang.com/recipe/178690/]]></fullpath><realpath><![CDATA[http://www.xiachufang.com/recipe/178690/]]></realpath><theme>food_detail_page</theme><middle>规则_2</middle><createdate>2019-5-14 17:6:47</createdate><pageno>0</pageno><actionno></actionno><actionvalue></actionvalue><prestamp>DSEngine-+--+-0</prestamp><currentstamp>DSEngine-+-ds_browser_top-+-1557824807177</currentstamp><timestamp>1557824807177</timestamp><baseURI><bucketBaseURI><bucketName>page_detail</bucketName><uri><![CDATA[http://www.xiachufang.com/recipe/178690/]]></uri></bucketBaseURI></baseURI><customInfo><![CDATA[]]></customInfo><dsName>DSEngine</dsName><dsThread>datascraper_top</dsThread><version>80700</version>
<page_detail><item><foodname>
      竹蔗茅根糖水
    </foodname><score>7.6</score><heat>140</heat><author>飘的灶下书</author><materials><item><mate>
                  

    竹蔗

                </mate><quantity>
                </quantity></item><item><mate>
                  

    茅根

                </mate><quantity>
                </quantity></item><item><mate>
                  

    马蹄（荸荠）

                </mate><quantity>
                </quantity></item><item><mate>
                  

    胡萝卜

                </mate><quantity>
                </quantity></item></materials><steps>
            
            
              将竹蔗表面的黑黑及外皮刮干净
            
            
            
              剁成段后再一剖四
            
            
            
              茅根细净切段，马蹄和胡萝卜也切块。然后把所有材料放进锅里加大半锅水煮（开后中火）四十分钟到一小时就可以了
            
          </steps><tips/><tags>
        甜品
        竹蔗茅根糖水
        竹蔗茅根马蹄胡萝卜
        竹蔗茅根马蹄汤
        竹蔗茅根水
        茅根
      </tags></item></page_detail></extraction>