<?xml version="1.0" encoding="UTF-8"?><extraction><clueid>99353193</clueid><fullpath><![CDATA[http://www.xiachufang.com/recipe/100387783/]]></fullpath><realpath><![CDATA[http://www.xiachufang.com/recipe/100387783/]]></realpath><theme>food_detail_page</theme><middle>规则_2</middle><createdate>2019-5-14 14:48:52</createdate><pageno>0</pageno><actionno></actionno><actionvalue></actionvalue><prestamp>DSEngine-+--+-0</prestamp><currentstamp>DSEngine-+-ds_browser_top-+-1557816532171</currentstamp><timestamp>1557816532171</timestamp><baseURI><bucketBaseURI><bucketName>page_detail</bucketName><uri><![CDATA[http://www.xiachufang.com/recipe/100387783/]]></uri></bucketBaseURI></baseURI><customInfo><![CDATA[]]></customInfo><dsName>DSEngine</dsName><dsThread>datascraper_top</dsThread><version>80700</version>
<page_detail><item><foodname>
      火龙果养乐多——不加糖不加水
      </foodname><score>8.2</score><heat>46</heat><author>白川四两</author><materials><item><mate>
                  

    火龙果

                </mate><quantity>
                    一个
                </quantity></item><item><mate>
                  

    养乐多/益力多

                </mate><quantity>
                    300ml
                </quantity></item></materials><steps>
            
            
              火龙果和养乐多最好是冰的。从冷藏室拿出来，火龙果挖出果肉丢进榨汁机，养乐多/益力多我买的是那种一排五瓶那种小小的，300ml正好三小瓶，也倒进去。
            
            
            
              榨！不用加糖不用加水！！！
            
          </steps><tips>
          放置太久就会分层，喝前搅拌一下，不影响的。冰的最好喝！！
        </tips><tags>
        果汁
        甜品
        饮品
        减肥
      </tags></item></page_detail></extraction>