<?xml version="1.0" encoding="UTF-8"?><extraction><clueid>99353982</clueid><fullpath><![CDATA[http://www.xiachufang.com/recipe/22509/]]></fullpath><realpath><![CDATA[http://www.xiachufang.com/recipe/22509/]]></realpath><theme>food_detail_page</theme><middle>规则_2</middle><createdate>2019-5-14 21:8:10</createdate><pageno>0</pageno><actionno></actionno><actionvalue></actionvalue><prestamp>DSEngine-+--+-0</prestamp><currentstamp>DSEngine-+-ds_browser_top-+-1557839290517</currentstamp><timestamp>1557839290517</timestamp><baseURI><bucketBaseURI><bucketName>page_detail</bucketName><uri><![CDATA[http://www.xiachufang.com/recipe/22509/]]></uri></bucketBaseURI></baseURI><customInfo><![CDATA[]]></customInfo><dsName>DSEngine</dsName><dsThread>datascraper_top</dsThread><version>80700</version>
<page_detail><item><foodname>
      秋梨汁
    </foodname><score/><heat>4</heat><author>杨猫</author><materials><item><mate>
                  

    干红枣

                </mate><quantity>
                    80克
                </quantity></item><item><mate>
                  

    川贝粉

                </mate><quantity>
                    2克
                </quantity></item><item><mate>
                  

    鸭梨

                </mate><quantity>
                    4只或雪梨
                </quantity></item><item><mate>
                  

    蜂蜜

                </mate><quantity>
                    150克（要原味的）
                </quantity></item><item><mate>
                  

    鲜百合

                </mate><quantity>
                    80克
                </quantity></item><item><mate>
                  

    冰糖

                </mate><quantity>
                    80克
                </quantity></item></materials><steps>
            
            
              梨去皮，用擦板擦出梨蓉与梨汁（下面放一容器啊）
              
            
            
            
              红枣揪开，百合去枯皮
              
            
            
            
              将干红枣、百合、冰糖放入炖锅（不锈钢为好）
              
            
            
            
              倒入梨汁梨蓉，大火烧开后，改小火熬40分钟
              
            
            
            
              关火，分勺将混合物倒入细密的漏勺（下面放一个容器啊），用小勺将汁与细蓉按压出
              
            
            
            
              将按压出来的细蓉重新放回锅里，加入川贝粉再熬20分钟，关火
              
            
            
            
              放凉后，加入蜂蜜，充分拌匀，放入无油无水的密封罐里，冰箱冷藏保存。吃时用干净小勺取出，加入60度以下的水和匀即可
              
            
          </steps><tips/><tags>
        果汁
        饮品
      </tags></item></page_detail></extraction>