<?xml version="1.0" encoding="UTF-8"?><extraction><clueid>99352546</clueid><fullpath><![CDATA[http://www.xiachufang.com/recipe/100517726/]]></fullpath><realpath><![CDATA[http://www.xiachufang.com/recipe/100517726/]]></realpath><theme>food_detail_page</theme><middle>规则_2</middle><createdate>2019-5-13 23:15:31</createdate><pageno>0</pageno><actionno></actionno><actionvalue></actionvalue><prestamp>DSEngine-+--+-0</prestamp><currentstamp>DSEngine-+-ds_browser_top-+-1557760531437</currentstamp><timestamp>1557760531437</timestamp><baseURI><bucketBaseURI><bucketName>page_detail</bucketName><uri><![CDATA[http://www.xiachufang.com/recipe/100517726/]]></uri></bucketBaseURI></baseURI><customInfo><![CDATA[]]></customInfo><dsName>DSEngine</dsName><dsThread>datascraper_top</dsThread><version>80700</version>
<page_detail><item><foodname>
      葱油拌面——5分钟早餐
      </foodname><score>7.7</score><heat>2134</heat><author>小土堆er</author><materials><item><mate>
                  

    挂面或手擀面

                </mate><quantity>
                    两人份
                </quantity></item><item><mate>
                  

    酱油

                </mate><quantity>
                    三勺
                </quantity></item><item><mate>
                  

    糖

                </mate><quantity>
                    一勺半
                </quantity></item><item><mate>
                  

    葱花

                </mate><quantity>
                    适量
                </quantity></item><item><mate>
                  

    油

                </mate><quantity>
                    适量
                </quantity></item></materials><steps>
            
            
              .葱花切碎分两半
              
            
            
            
              锅中倒适量油。油热时放入一半葱花，也可以放入全部葱花 翻炒出香味  就可以关火了 这里注意不要让葱花边糊
              
            
            
            
              之前食谱上没有拍勺子 很多人说做出来比较甜我这次做的两人份的量用这个比较常见的勺子来做三勺酱油
              
            
            
            
              一勺半白糖 喜欢特别特别甜的 可以两勺白糖口重的可以加一丢丢盐
              
            
            
            
              把面煮好
              
            
            
            
              把锅中调好的汁浇上去就好啦 总共下来5分钟拌一拌就可以吃啦非常快手的一道早餐
              
            
            
            
              手擀面和挂面都可以
              
            
          </steps><tips/><tags>
        早餐
        快手菜
        面条
        葱油拌面
        上海葱油拌面
        本帮葱油拌面
        海米葱油拌面
        开洋葱油拌面
      </tags></item></page_detail></extraction>