<?xml version="1.0" encoding="UTF-8"?><extraction><clueid>99353768</clueid><fullpath><![CDATA[http://www.xiachufang.com/recipe/127347/]]></fullpath><realpath><![CDATA[http://www.xiachufang.com/recipe/127347/]]></realpath><theme>food_detail_page</theme><middle>规则_2</middle><createdate>2019-5-14 17:38:14</createdate><pageno>0</pageno><actionno></actionno><actionvalue></actionvalue><prestamp>DSEngine-+--+-0</prestamp><currentstamp>DSEngine-+-ds_browser_top-+-1557826694366</currentstamp><timestamp>1557826694366</timestamp><baseURI><bucketBaseURI><bucketName>page_detail</bucketName><uri><![CDATA[http://www.xiachufang.com/recipe/127347/]]></uri></bucketBaseURI></baseURI><customInfo><![CDATA[]]></customInfo><dsName>DSEngine</dsName><dsThread>datascraper_top</dsThread><version>80700</version>
<page_detail><item><foodname>
      止咳川贝水梨粥
    </foodname><score/><heat>21</heat><author>梓晴</author><materials><item><mate>
                  

    圆糯米

                </mate><quantity>
                    60克
                </quantity></item><item><mate>
                  

    川贝

                </mate><quantity>
                    5克
                </quantity></item><item><mate>
                  

    雪梨

                </mate><quantity>
                    一个
                </quantity></item><item><mate>
                  

    冰糖

                </mate><quantity>
                    适量
                </quantity></item></materials><steps>
            
            
              川贝用冷水浸泡1个小时后取出；圆糯米用冷水浸泡一个小时后沥干水备用
              
            
            
            
              雪梨洗净，削去外皮剖开去芯，切片备用
              
            
            
            
              砂锅中加入适量水，大火煮开后放入糯米和川贝，再次煮开转小火，煮至米粒开花汤汁浓稠，加入雪梨片继续煮10分钟，用冰糖调味即可
              
            
          </steps><tips>
          1、用大米代替糯米煮粥，口感会比较软，没有QQ的感觉，但是对消化功能不好的人而言，还是选择大米好了。
2、梨味甘，性寒，入肺经，有清热、化痰、止咳的作用。
3、川贝是一味中药，味苦、甘，有化痰止咳，清热散结的作用。
4、冰糖，它的功效主要是用来调味，因为川贝是很苦的。
5、此款粥有良好的润肺止咳疗效，如果觉得川贝苦，可以适当多加入些冰糖调味。
        </tips><tags>
        粥
        宿舍
      </tags></item></page_detail></extraction>