<?xml version="1.0" encoding="UTF-8"?><extraction><clueid>99353708</clueid><fullpath><![CDATA[http://www.xiachufang.com/recipe/100395222/]]></fullpath><realpath><![CDATA[http://www.xiachufang.com/recipe/100395222/]]></realpath><theme>food_detail_page</theme><middle>规则_2</middle><createdate>2019-5-14 16:16:0</createdate><pageno>0</pageno><actionno></actionno><actionvalue></actionvalue><prestamp>DSEngine-+--+-0</prestamp><currentstamp>DSEngine-+-ds_browser_top-+-1557821760384</currentstamp><timestamp>1557821760384</timestamp><baseURI><bucketBaseURI><bucketName>page_detail</bucketName><uri><![CDATA[http://www.xiachufang.com/recipe/100395222/]]></uri></bucketBaseURI></baseURI><customInfo><![CDATA[]]></customInfo><dsName>DSEngine</dsName><dsThread>datascraper_top</dsThread><version>80700</version>
<page_detail><item><foodname>
      10张图教你如何煎制一碗冰糖银耳
    </foodname><score>8.3</score><heat>357</heat><author>周小邪</author><materials><item><mate>
                  

    银耳一朵

                </mate><quantity>
                    约23克
                </quantity></item><item><mate>
                  

    冰糖

                </mate><quantity>
                    适量
                </quantity></item></materials><steps>
            
            
              第一张。银耳一个，在银耳球中，这一个算中等大。23克，长得难看不要紧，质底好才是，哪我们再来看看浸发程度吧
              
            
            
            
              第二张。银耳要在水中全浸到，银耳轻，开始会浮在水上面，用手按到底部，加满水，盖到银耳上，就不要理它了。可以看看电视，斗斗地主，爱做啥做啥去。。
              
            
            
            
              第三张。泡了三四个小时，具体时间我不记得了，银耳涨成两倍左右。
              
            
            
            
              第四张，银耳拿出来，摸一摸底部的蒂，如果不硬，就证明泡好了，我这个图片中的还是稍微有点硬，但是为了省时，就不等了，切去硬蒂部分。
              
            
            
            
              第五张。切小，银耳切得小块，更利于煎制出胶，节省时间和火力。以前我把煮的时候跟大家分享，时会收到说按我的时候还是脆的说法，问了多，有些亲们说是手撕的，手撕能撕这么小么？反正一句话，能小尽量小吧。手指大小哦。每块。
              
            
            
            
              第六张。放锅里，水要用新的干净的水，以前也有遇到亲们说煮完银耳是酸的说话，说了很久，才知道是把浸泡银耳的水一起煮了，咳，这个水，绝对得浪费，要不然真的会酸，所以，要重新加水哦。按这个23克的银耳，我是加了5碗水。吃饭的碗，5碗哦。。。
              
            
            
            
              第七张图，加好水的样子，差不多8分满，这样的小锅，要多注意看火候，不要开的时候冒出来很多汤汁。。大火煮开后转小火。
              
            
            
            
              第八张图。大火烧开，转中小火啦，为了避免冒出来，我经常是在第一次煮开的时候不盖盖子，收拾灶头很麻烦的啊。。。
              
            
            
            
              第九张。小火煮了15分钟，因为有事要外出。我就盖上盖子熄火，因为这种砂质的锅会有很强的余温，所以即便熄了火里面还是会煮一段时间。等我回来再打开盖子，银耳已经初步出胶。
              
            
            
            
              第十张。同样大火煮开，转慢火，这时因为银耳较粘了，需要时不时搅拌一下，免得烧锅底。大火开后转中小火，盖子可以半盖或是盖3/4，一定要注意冒出来，如果锅像我的一样小的话。
              
            
            
            
              第十一张。差不多煮多40-45分左右，胶质很好，银耳完全透明软糯，汤水浓度合适。这个时候，就可以熄火了哦，记得哦，这里有个小技巧，关了火，盖子上盖上，不要理它，还是自己一边玩去，这个回闷的过程很重要。锅的温度降到用手摸锅边稍稍微温，就可打开盖了，我们会发现，这个时候银耳比熄火的时候更粘，更稠。已经不是汤是汤，银耳是银耳了，汤汁成胶状了。
              
            
            
            
              第十二张。罗唆还有，就是挑银耳也要挑对，不要挑哪种白白耳瓣的，哪个煮了半天也还是脆的，品种有一定关系，江湖传说打硫磺之类的也有一定影响。好啦，罗唆完，教程上完，冰糖银耳，走起。。。。
              
            
          </steps><tips>
          冰糖要多少?冰糖啊,根据自己喜欢甜度加呀.....
        </tips><tags>
        甜品
      </tags></item></page_detail></extraction>