<?xml version="1.0" encoding="UTF-8"?><extraction><clueid>99353826</clueid><fullpath><![CDATA[http://www.xiachufang.com/recipe/189049/]]></fullpath><realpath><![CDATA[http://www.xiachufang.com/recipe/189049/]]></realpath><theme>food_detail_page</theme><middle>规则_2</middle><createdate>2019-5-14 19:16:31</createdate><pageno>0</pageno><actionno></actionno><actionvalue></actionvalue><prestamp>DSEngine-+--+-0</prestamp><currentstamp>DSEngine-+-ds_browser_top-+-1557832591981</currentstamp><timestamp>1557832591981</timestamp><baseURI><bucketBaseURI><bucketName>page_detail</bucketName><uri><![CDATA[http://www.xiachufang.com/recipe/189049/]]></uri></bucketBaseURI></baseURI><customInfo><![CDATA[]]></customInfo><dsName>DSEngine</dsName><dsThread>datascraper_top</dsThread><version>80700</version>
<page_detail><item><foodname>
      雪梨银耳甜汤
    </foodname><score>7.4</score><heat>38</heat><author>锦食堂</author><materials><item><mate>
                  

    雪梨

                </mate><quantity>
                    两个
                </quantity></item><item><mate>
                  

    银耳

                </mate><quantity>
                    一朵
                </quantity></item><item><mate>
                  

    红枣

                </mate><quantity>
                    若干
                </quantity></item><item><mate>
                  

    枸杞

                </mate><quantity>
                    若干
                </quantity></item><item><mate>
                  

    冰糖

                </mate><quantity>
                    适量
                </quantity></item></materials><steps>
            
            
              银耳、枸杞泡发，雪梨去皮去核切块，银耳去硬蒂撕成小朵，红枣洗净
            
            
            
              以上材料放入汤锅中，加水，水量为材料的二至三倍
            
            
            
              大火煮沸后改用小火，煮四十到五十分钟
            
            
            
              加冰糖，晾凉
            
          </steps><tips>
          银耳最好熬至稍粘稠的程度，这样能将银耳的胶质熬出来。因雪梨糖分很高，放太过冰糖会掩盖其清甜味道，不放也可。
        </tips><tags>
        下午茶
        甜品
        雪梨银耳甜汤
        银耳甜汤
        紫薯银耳甜汤
        红枣银耳雪梨汤
        银耳雪梨汤
      </tags></item></page_detail></extraction>