<?xml version="1.0" encoding="UTF-8"?><extraction><clueid>99352437</clueid><fullpath><![CDATA[http://www.xiachufang.com/recipe/100454319/]]></fullpath><realpath><![CDATA[http://www.xiachufang.com/recipe/100454319/]]></realpath><theme>food_detail_page</theme><middle>规则_2</middle><createdate>2019-5-13 22:57:29</createdate><pageno>0</pageno><actionno></actionno><actionvalue></actionvalue><prestamp>DSEngine-+--+-0</prestamp><currentstamp>DSEngine-+-ds_browser_top-+-1557759449555</currentstamp><timestamp>1557759449555</timestamp><baseURI><bucketBaseURI><bucketName>page_detail</bucketName><uri><![CDATA[http://www.xiachufang.com/recipe/100454319/]]></uri></bucketBaseURI></baseURI><customInfo><![CDATA[]]></customInfo><dsName>DSEngine</dsName><dsThread>datascraper_top</dsThread><version>80700</version>
<page_detail><item><foodname>
      五花肉干锅茶树菇
      </foodname><score>8.2</score><heat>1537</heat><author>小美的美食</author><materials><item><mate/><quantity>
                </quantity></item><item><mate>
                  

    五花肉

                </mate><quantity>
                </quantity></item><item><mate>
                  

    茶树菇

                </mate><quantity>
                </quantity></item><item><mate/><quantity>
                </quantity></item><item><mate>
                  

    青椒

                </mate><quantity>
                </quantity></item><item><mate/><quantity>
                </quantity></item><item><mate>
                  

    姜

                </mate><quantity>
                </quantity></item><item><mate>
                  

    蒜

                </mate><quantity>
                </quantity></item><item><mate>
                  

    干辣椒

                </mate><quantity>
                </quantity></item><item><mate>
                  

    生抽

                </mate><quantity>
                </quantity></item><item><mate>
                  

    盐

                </mate><quantity>
                </quantity></item><item><mate>
                  

    鸡精

                </mate><quantity>
                </quantity></item><item><mate>
                  

    油

                </mate><quantity>
                </quantity></item></materials><steps>
            
            
              五花肉切片，姜蒜切细，青椒切丝，茶树菇提前用水泡发。
              
            
            
            
              热锅热油，放入五花肉翻炒至微焦，加生抽翻炒，然后留油把五花肉捞出备用。
              
            
            
            
              再倒一部分油在锅中，油热后放入姜蒜、干辣椒炒香。
              
            
            
            
              然后放入茶树菇、盐翻炒，茶树菇是泡发的，把表面水分炒干，看上去像干锅的样子就行。
              
            
            
            
              茶树菇炒差不多时，加入五花肉、青椒丝、鸡精翻炒2分钟左右，即可出锅啦。
              
            
            
            
              成品图
              
            
            
            
              成品图
              
            
            
            
              成品图
              
            
            
            
              成品图
              
            
          </steps><tips>
          1、  干的茶树菇要提前泡发，最好是提前一晚上泡发，不然吃起来有些硬。如果还是没有泡好，可以直接在锅中煮软，再捞出挤干水分翻炒。2、  翻炒的全程一定要大火。3、  小美是为了有一点辣味，所以放了干辣椒，不吃辣的就不用放。4、 留言很多说五花肉不熟的，这个肉不是前面已经炒熟捞出的肉吗？为什么还会不熟？五花肉建议些小薄片，煸炒的时候煸出猪油。5、新鲜的茶树菇，可先过油或者先过水煮熟，若过水的需要挤干水分，再翻炒哦。新鲜的茶树菇也特别好吃呢，口感脆脆的，像吃肉。
        </tips><tags>
        干锅
        下饭菜
        家常菜
      </tags></item></page_detail></extraction>