<?xml version="1.0" encoding="UTF-8"?><extraction><clueid>99353739</clueid><fullpath><![CDATA[http://www.xiachufang.com/recipe/35567/]]></fullpath><realpath><![CDATA[http://www.xiachufang.com/recipe/35567/]]></realpath><theme>food_detail_page</theme><middle>规则_2</middle><createdate>2019-5-14 17:2:32</createdate><pageno>0</pageno><actionno></actionno><actionvalue></actionvalue><prestamp>DSEngine-+--+-0</prestamp><currentstamp>DSEngine-+-ds_browser_top-+-1557824552431</currentstamp><timestamp>1557824552431</timestamp><baseURI><bucketBaseURI><bucketName>page_detail</bucketName><uri><![CDATA[http://www.xiachufang.com/recipe/35567/]]></uri></bucketBaseURI></baseURI><customInfo><![CDATA[]]></customInfo><dsName>DSEngine</dsName><dsThread>datascraper_top</dsThread><version>80700</version>
<page_detail><item><foodname>
      白萝卜炖蜂蜜
    </foodname><score>7.0</score><heat>142</heat><author>玉池桃红</author><materials><item><mate>
                  

    白萝卜

                </mate><quantity>
                    一个
                </quantity></item><item><mate>
                  

    枸杞

                </mate><quantity>
                    几粒
                </quantity></item><item><mate>
                  

    蜂蜜

                </mate><quantity>
                    适量
                </quantity></item></materials><steps>
            
            
              白萝卜去头尾，刨去外皮，切成段。枸杞用清水浸泡至变软
              
            
            
            
              先在每段白萝卜上，切0.5厘米的厚片作盖子，再用勺子在白萝卜中间挖一个洞，做成萝卜盅（我用的萝卜有点粗了，细点的更好看些哦）
              
            
            
            
              将萝卜盅摆放至盘中，往萝卜洞里注入蜂蜜，倒至八分满。放入枸杞。（装萝卜盅的盘子要深一点，因为清蒸过程中，白萝卜会大量出水，变成清香甜美的汤汁）
              
            
            
            
              给白萝卜盅分别盖上盖子，放入锅内加盖大火上汽后转中火隔水清蒸一小时
              
            
          </steps><tips/><tags>
        全部菜单
      </tags></item></page_detail></extraction>