<?xml version="1.0" encoding="UTF-8"?><extraction><clueid>99352979</clueid><fullpath><![CDATA[http://www.xiachufang.com/recipe/102386915/]]></fullpath><realpath><![CDATA[http://www.xiachufang.com/recipe/102386915/]]></realpath><theme>food_detail_page</theme><middle>规则_2</middle><createdate>2019-5-14 11:49:47</createdate><pageno>0</pageno><actionno></actionno><actionvalue></actionvalue><prestamp>DSEngine-+--+-0</prestamp><currentstamp>DSEngine-+-ds_browser_top-+-1557805787330</currentstamp><timestamp>1557805787330</timestamp><baseURI><bucketBaseURI><bucketName>page_detail</bucketName><uri><![CDATA[http://www.xiachufang.com/recipe/102386915/]]></uri></bucketBaseURI></baseURI><customInfo><![CDATA[]]></customInfo><dsName>DSEngine</dsName><dsThread>datascraper_top</dsThread><version>80700</version>
<page_detail><item><foodname>
      燕麦花生酥丨健康·零食&lt;好好吃饭6&gt;
      </foodname><score>8.7</score><heat>302</heat><author>Sunny_Kreglo</author><materials><item><mate/><quantity>
                </quantity></item><item><mate>
                  

    无糖无盐花生酱（或芝麻酱、杏仁酱）

                </mate><quantity>
                    65克
                </quantity></item><item><mate>
                  

    蜂蜜或生蜂蜜（raw honey）

                </mate><quantity>
                    20克
                </quantity></item><item><mate>
                  

    香草精或香草粉

                </mate><quantity>
                    1/2小勺
                </quantity></item><item><mate>
                  

    肉桂粉

                </mate><quantity>
                    1/4小勺
                </quantity></item><item><mate/><quantity>
                </quantity></item><item><mate>
                  

    快熟燕麦片（old-fashioned oats）

                </mate><quantity>
                    40克
                </quantity></item><item><mate>
                  

    葡萄干

                </mate><quantity>
                    10克
                </quantity></item><item><mate>
                  

    海盐或食盐

                </mate><quantity>
                    1/8小勺+表面装饰用一小撮
                </quantity></item></materials><steps>
            
            
              【准备工作】烤箱预热350华氏度/175摄氏度。烤盘铺烘焙纸备用。
            
            
            
              【搅拌】在中碗里放入所有材料A，拌匀后，放入所有材料B，拌匀即可。这时可以尝尝味道，做微调。
            
            
            
              【整形】用勺子挖出一份，直接放到烤盘上，略用湿手拢成圆形（形状很随意，不用太仔细），不要过度揉搓成球状，否则口感太结实。
              
            
            
            
              在码放好的面团表面上撒几粒略粗的海盐，轻轻用手略压实。
            
            
            
              烤9-10分钟左右，到表面微微金黄，不要等太金黄，那样就太干了，口感发硬。
            
            
            
              刚烤完后很软，拿出烤箱后，在烤盘里放凉5分钟定型，再放到烤架上放凉。密封保存1周左右。
            
          </steps><tips>
          小贴士1，不同大小的面团烤制时间略有区别，标准为上色到微微金黄即可。2，我用的快熟燕麦片old-fashioned rolled oats（需要煮5分钟的整片燕麦），吃起来纤维感较强，有嚼头，适合减脂或控制血糖的人。喜欢软甜的口感的人可能会觉得有些发干，因为只有花生酱一人担当了油的角色。如果，喜欢更酥脆口感的话，适当增加油。如果肠胃功能较弱，用即食燕麦片，就是那种泡热水就能吃的碎燕麦片，相比上一种燕麦好消化。如果更喜欢细腻一些的口感，可以用燕麦粉。3，注意看花生酱配表，如果里面已经有糖，适当减少葡萄干用量。有盐同理。
        </tips><tags>
        零食
        烤箱
        减肥
        甜品
      </tags></item></page_detail></extraction>