<?xml version="1.0" encoding="UTF-8"?><extraction><clueid>99352988</clueid><fullpath><![CDATA[http://www.xiachufang.com/recipe/1045108/]]></fullpath><realpath><![CDATA[http://www.xiachufang.com/recipe/1045108/]]></realpath><theme>food_detail_page</theme><middle>规则_2</middle><createdate>2019-5-14 11:55:14</createdate><pageno>0</pageno><actionno></actionno><actionvalue></actionvalue><prestamp>DSEngine-+--+-0</prestamp><currentstamp>DSEngine-+-ds_browser_top-+-1557806114004</currentstamp><timestamp>1557806114004</timestamp><baseURI><bucketBaseURI><bucketName>page_detail</bucketName><uri><![CDATA[http://www.xiachufang.com/recipe/1045108/]]></uri></bucketBaseURI></baseURI><customInfo><![CDATA[]]></customInfo><dsName>DSEngine</dsName><dsThread>datascraper_top</dsThread><version>80700</version>
<page_detail><item><foodname>
      黄瓜龙
    </foodname><score>8.7</score><heat>228</heat><author>偏离.于墨尔本.</author><materials><item><mate>
                  

    黄瓜

                </mate><quantity>
                    2根
                </quantity></item><item><mate>
                  

    糖

                </mate><quantity>
                    
                </quantity></item><item><mate>
                  

    盐

                </mate><quantity>
                    
                </quantity></item><item><mate>
                  

    米醋

                </mate><quantity>
                    
                </quantity></item><item><mate>
                  

    干辣椒

                </mate><quantity>
                    
                </quantity></item><item><mate>
                  

    姜

                </mate><quantity>
                    
                </quantity></item><item><mate>
                  

    花椒粒

                </mate><quantity>
                    
                </quantity></item><item><mate>
                  

    食用油

                </mate><quantity>
                    
                </quantity></item></materials><steps>
            
            
              选择体型比较直,长的黄瓜两只,洗净.
              
            
            
            
              刀工好的同学,直接开切,刀工不好的同学,像这样,在黄瓜的两侧都垫上筷子.
              
            
            
            
              一边按照与筷子45度的夹角切至底(因为有筷子在,所以不会切断),刀工好的同学掌握好角度和力度,不切到底就可以了.
              
            
            
            
              将黄瓜转180度角.
              
            
            
            
              然后按照与筷子90度直角下刀.
              
            
            
            
              看,切好了,真的不会断哦.
              
            
            
            
              码在盘子里.
              
            
            
            
              撒上盐和糖,然后用手轻轻的摩挲,以便调料更好的入味.
              
            
            
            
              腌半小时之后,表面的盐和糖溶化,黄瓜的水分已经逼出来了.看看,现在扯开就更加容易了.
              
            
            
            
              挤出水分,码在盘子里.
              
            
            
            
              干辣椒切段,姜切丝.
              
            
            
            
              锅内放适量油,油热,放入花椒粒爆香.
              
            
            
            
              将花椒粒拣出来,然后加入干辣椒和姜丝爆香.
              
            
            
            
              倒入米醋.
              
            
            
            
              和炼好的椒油,搅拌均匀即可.
              
            
          </steps><tips/><tags>
        素菜
        减肥
      </tags></item></page_detail></extraction>