<?xml version="1.0" encoding="UTF-8"?><extraction><clueid>99353911</clueid><fullpath><![CDATA[http://www.xiachufang.com/recipe/103726000/]]></fullpath><realpath><![CDATA[http://www.xiachufang.com/recipe/103726000/]]></realpath><theme>food_detail_page</theme><middle>规则_2</middle><createdate>2019-5-14 20:5:47</createdate><pageno>0</pageno><actionno></actionno><actionvalue></actionvalue><prestamp>DSEngine-+--+-0</prestamp><currentstamp>DSEngine-+-ds_browser_top-+-1557835547192</currentstamp><timestamp>1557835547192</timestamp><baseURI><bucketBaseURI><bucketName>page_detail</bucketName><uri><![CDATA[http://www.xiachufang.com/recipe/103726000/]]></uri></bucketBaseURI></baseURI><customInfo><![CDATA[]]></customInfo><dsName>DSEngine</dsName><dsThread>datascraper_top</dsThread><version>80700</version>
<page_detail><item><foodname>
      银耳红枣汤
    </foodname><score>7.0</score><heat>17</heat><author>你温暖我心</author><materials><item><mate>
                  

    银耳

                </mate><quantity>
                    2朵
                </quantity></item><item><mate>
                  

    枸杞

                </mate><quantity>
                    粒
                </quantity></item><item><mate>
                  

    红枣

                </mate><quantity>
                    颗
                </quantity></item><item><mate>
                  

    葡萄干

                </mate><quantity>
                    
                </quantity></item><item><mate>
                  

    百合5片

                </mate><quantity>
                    
                </quantity></item><item><mate>
                  

    冰糖

                </mate><quantity>
                    克
                </quantity></item></materials><steps>
            
            
              银耳在煮之前，一定要泡发过才会出胶。冷水泡2小时，温水1小时以上，出胶就容易很多了。
              
            
            
            
              银耳炖煮时建议尽量撕碎或者剪碎，越碎越容易出胶。因为胶质是从剪碎的边缘出来的，剪的越碎，接触面积越大，越容易出胶。
              
            
            
            
              食材放到砂锅里，加清水，中火炖开。炖的过程中要经常拿勺子翻动一下，免得粘锅。炖开以后小火慢炖20分钟，关火。然后盖上盖子，让它再焖5-10分钟。
              
            
          </steps><tips/><tags>
        甜品
        银耳红枣汤
        百合银耳红枣汤
        银耳百合红枣汤
        银耳莲子红枣汤
        冰糖银耳红枣汤
      </tags></item></page_detail></extraction>