<?xml version="1.0" encoding="UTF-8"?><extraction><clueid>99353972</clueid><fullpath><![CDATA[http://www.xiachufang.com/recipe/105500/]]></fullpath><realpath><![CDATA[http://www.xiachufang.com/recipe/105500/]]></realpath><theme>food_detail_page</theme><middle>规则_2</middle><createdate>2019-5-14 20:58:26</createdate><pageno>0</pageno><actionno></actionno><actionvalue></actionvalue><prestamp>DSEngine-+--+-0</prestamp><currentstamp>DSEngine-+-ds_browser_top-+-1557838706774</currentstamp><timestamp>1557838706774</timestamp><baseURI><bucketBaseURI><bucketName>page_detail</bucketName><uri><![CDATA[http://www.xiachufang.com/recipe/105500/]]></uri></bucketBaseURI></baseURI><customInfo><![CDATA[]]></customInfo><dsName>DSEngine</dsName><dsThread>datascraper_top</dsThread><version>80700</version>
<page_detail><item><foodname>
      银耳花生汤
    </foodname><score/><heat>17</heat><author>chunchun-梅子</author><materials><item><mate>
                  

    花生

                </mate><quantity>
                </quantity></item><item><mate>
                  

    银耳

                </mate><quantity>
                </quantity></item><item><mate>
                  

    冰糖

                </mate><quantity>
                </quantity></item><item><mate>
                  

    米粉

                </mate><quantity>
                </quantity></item><item><mate>
                  

    白芝麻

                </mate><quantity>
                </quantity></item></materials><steps>
            
            
              花生大半碗倒入刚开锅的水中盖好捂十五分钟后搓掉外皮(花生衣是好东西.我下次试下不去衣的).再和银耳加入已烧开水的锅中小火熬煮到花生软软的加入冰糖和炒香打碎的米粉(大米炒香打成粉)和一大勺炒炒香打碎的白芝麻粉
            
          </steps><tips>
          如果你喜欢甜品这道甜汤不会让你失望的.黄则和的花生汤颜色跟我这做出来一样.但里面没有银耳.我用电子瓦锅煲了差不多一天.自我感觉比原版的更香.
花生对心血管很有好处,含钙量也极高.早上喝上一碗.吃上一个自制的面包或馒头.营养也不比喝牛奶差.
        </tips><tags>
        全部菜单
      </tags></item></page_detail></extraction>