<?xml version="1.0" encoding="UTF-8"?><extraction><clueid>99353951</clueid><fullpath><![CDATA[http://www.xiachufang.com/recipe/152892/]]></fullpath><realpath><![CDATA[http://www.xiachufang.com/recipe/152892/]]></realpath><theme>food_detail_page</theme><middle>规则_2</middle><createdate>2019-5-14 20:47:51</createdate><pageno>0</pageno><actionno></actionno><actionvalue></actionvalue><prestamp>DSEngine-+--+-0</prestamp><currentstamp>DSEngine-+-ds_browser_top-+-1557838071243</currentstamp><timestamp>1557838071243</timestamp><baseURI><bucketBaseURI><bucketName>page_detail</bucketName><uri><![CDATA[http://www.xiachufang.com/recipe/152892/]]></uri></bucketBaseURI></baseURI><customInfo><![CDATA[]]></customInfo><dsName>DSEngine</dsName><dsThread>datascraper_top</dsThread><version>80700</version>
<page_detail><item><foodname>
      冰糖芦荟
    </foodname><score/><heat>13</heat><author>姝岑-LCHF饮食法</author><materials><item><mate>
                  

    芦荟

                </mate><quantity>
                    
                </quantity></item><item><mate>
                  

    蜂岩蜜

                </mate><quantity>
                    或冰糖
                </quantity></item><item><mate>
                  

    银耳

                </mate><quantity>
                    
                </quantity></item><item><mate>
                  

    鲜果

                </mate><quantity>
                    或水果罐头
                </quantity></item></materials><steps>
            
            
              芦荟去皮取肉，放入淡盐水中浸泡30-60分钟。取出切小块
            
            
            
              银耳提前泡发好，去根蒂，用手撕成小块备用
            
            
            
              锅内放足够的水，放入大块蜂岩蜜熬至完全溶化，滤渣取汁水
            
            
            
              将滤好的汁水放入电砂锅中，放入银耳煲2个小时左右
            
            
            
              加入芦荟丁再煲30-60分钟，即可
            
          </steps><tips>
          1、什么芦荟都能吃吗？不是所有的芦荟都能食用，购买时一定要询问清楚，一般可以食用的芦荟株型较大，叶片较厚。
2、怎样才能取出较完成的芦荟肉？正确的方法是先用小刀将两边带有尖刺的部位消掉，再用刀将芦荟皮平片掉。
3、为什么要将芦荟先用盐水浸泡？新鲜的芦荟有点淡淡的苦味，用来煲甜品比较影响口感，所以要先泡一下。
4、每次做的时候多做一些，这样不仅划算，冰镇以后的冰糖芦荟也更好吃。你还可以根据自己的喜好，添加一些水果进去，但一定要添加到个人的碗里，以免影响整锅的保存。
        </tips><tags>
        甜品
        冰糖芦荟
        芦荟
        新鲜芦荟
        芦荟茶
        冰糖
      </tags></item></page_detail></extraction>