<?xml version="1.0" encoding="UTF-8"?><extraction><clueid>99353325</clueid><fullpath><![CDATA[http://www.xiachufang.com/recipe/100401548/]]></fullpath><realpath><![CDATA[http://www.xiachufang.com/recipe/100401548/]]></realpath><theme>food_detail_page</theme><middle>规则_2</middle><createdate>2019-5-14 15:13:19</createdate><pageno>0</pageno><actionno></actionno><actionvalue></actionvalue><prestamp>DSEngine-+--+-0</prestamp><currentstamp>DSEngine-+-ds_browser_top-+-1557817999226</currentstamp><timestamp>1557817999226</timestamp><baseURI><bucketBaseURI><bucketName>page_detail</bucketName><uri><![CDATA[http://www.xiachufang.com/recipe/100401548/]]></uri></bucketBaseURI></baseURI><customInfo><![CDATA[]]></customInfo><dsName>DSEngine</dsName><dsThread>datascraper_top</dsThread><version>80700</version>
<page_detail><item><foodname>
      天麻炖羊脑
      </foodname><score/><heat>16</heat><author>Alone 、</author><materials><item><mate>
                  

    羊脑

                </mate><quantity>
                    一副
                </quantity></item><item><mate>
                  

    瘦肉

                </mate><quantity>
                    150克
                </quantity></item><item><mate>
                  

    天麻

                </mate><quantity>
                    20克
                </quantity></item><item><mate>
                  

    圆肉

                </mate><quantity>
                    5克
                </quantity></item><item><mate>
                  

    红枣

                </mate><quantity>
                    5克
                </quantity></item><item><mate>
                  

    党参

                </mate><quantity>
                    5克
                </quantity></item><item><mate>
                  

    枸杞

                </mate><quantity>
                    5克
                </quantity></item></materials><steps>
            
            
              天麻 、圆肉 、枸杞 、党参 、红枣洗净放进炖盅内 。
              
            
            
            
              羊脑和瘦肉一起放进炖盅 ，加适量的凉水 。炖三个小时即可 。
              
            
            
            
              噔噔噔 ，好啦 ，我要开动了 。
              
            
          </steps><tips>
          炖出来的汤水非常鲜甜喔 。如果买不到羊脑的也可以用猪脑代替 ，猪脑也是非常补脑的食材。   怕腥的可以加几片生姜 ，我没加 ，一般我炖汤都不加生姜的 。   葱花 、香菜喜欢的炖好了放 。
        </tips><tags>
        补血
        孕产妇
        清淡
      </tags></item></page_detail></extraction>