<?xml version="1.0" encoding="UTF-8"?><extraction><clueid>99353727</clueid><fullpath><![CDATA[http://www.xiachufang.com/recipe/77929/]]></fullpath><realpath><![CDATA[http://www.xiachufang.com/recipe/77929/]]></realpath><theme>food_detail_page</theme><middle>规则_2</middle><createdate>2019-5-14 16:25:56</createdate><pageno>0</pageno><actionno></actionno><actionvalue></actionvalue><prestamp>DSEngine-+--+-0</prestamp><currentstamp>DSEngine-+-ds_browser_top-+-1557822356696</currentstamp><timestamp>1557822356696</timestamp><baseURI><bucketBaseURI><bucketName>page_detail</bucketName><uri><![CDATA[http://www.xiachufang.com/recipe/77929/]]></uri></bucketBaseURI></baseURI><customInfo><![CDATA[]]></customInfo><dsName>DSEngine</dsName><dsThread>datascraper_top</dsThread><version>80700</version>
<page_detail><item><foodname>
      清炒菜花
    </foodname><score>7.8</score><heat>395</heat><author>塞北主妇</author><materials><item><mate>
                  

    菜花

                </mate><quantity>
                </quantity></item><item><mate>
                  

    红尖椒

                </mate><quantity>
                </quantity></item><item><mate>
                  

    橄榄油

                </mate><quantity>
                </quantity></item><item><mate>
                  

    盐

                </mate><quantity>
                </quantity></item><item><mate>
                  

    葱

                </mate><quantity>
                </quantity></item><item><mate>
                  

    蒜

                </mate><quantity>
                </quantity></item></materials><steps>
            
            
              将菜花洗净，去蒂掰成小朵，葱切末，蒜切片
            
            
            
              菜花用开水焯一下，捞出，浸入凉水中过凉
            
            
            
              锅中放入橄榄油烧热，放入葱蒜爆香
            
            
            
              放入菜花翻炒，加盐和红尖椒，翻炒均匀即可
            
          </steps><tips/><tags>
        家常菜
        素菜
        清炒菜花
        清炒有机菜花
        菜花
        炒菜花
        番茄酱炒菜花
      </tags></item></page_detail></extraction>