<?xml version="1.0" encoding="UTF-8"?><extraction><clueid>99353788</clueid><fullpath><![CDATA[http://www.xiachufang.com/recipe/267652/]]></fullpath><realpath><![CDATA[http://www.xiachufang.com/recipe/267652/]]></realpath><theme>food_detail_page</theme><middle>规则_2</middle><createdate>2019-5-14 17:56:19</createdate><pageno>0</pageno><actionno></actionno><actionvalue></actionvalue><prestamp>DSEngine-+--+-0</prestamp><currentstamp>DSEngine-+-ds_browser_top-+-1557827779267</currentstamp><timestamp>1557827779267</timestamp><baseURI><bucketBaseURI><bucketName>page_detail</bucketName><uri><![CDATA[http://www.xiachufang.com/recipe/267652/]]></uri></bucketBaseURI></baseURI><customInfo><![CDATA[]]></customInfo><dsName>DSEngine</dsName><dsThread>datascraper_top</dsThread><version>80700</version>
<page_detail><item><foodname>
      百合银耳雪梨润肺汤
    </foodname><score/><heat>48</heat><author>食尚小米</author><materials><item><mate>
                  

    莲子

                </mate><quantity>
                </quantity></item><item><mate>
                  

    百合

                </mate><quantity>
                </quantity></item><item><mate>
                  

    雪梨

                </mate><quantity>
                </quantity></item><item><mate>
                  

    茉莉花

                </mate><quantity>
                </quantity></item></materials><steps>
            
            
              雪梨洗净，我们熬这个梨汤不去皮，所以一定把梨洗干净
              
            
            
            
              用挖核器将梨核挖出，这个得使点劲儿啊
              
            
            
            
              没有也无所谓，直接把梨切小丁，去梨核就行
              
            
            
            
              莲子洗净泡水
              
            
            
            
              莲子泡到比原先的干莲子大了很多跟喝足了水似的就可以了
              
            
            
            
              银耳洗净泡水
              
            
            
            
              取小锅将莲子、梨丁、银耳百合倒入，倒入矿泉水
              
            
            
            
              开锅转小火，熬制微微粘稠即可，出锅撒茉莉花瓣
              
            
          </steps><tips>
          1、莲子微微有点苦是祛火的，里面的莲子芯取出就不苦了，如果怕苦的童鞋可以取出
2、熬这个尽量选择矿泉水，我试过用家里的自来水和矿泉水比，说实话矿泉水还是喝着新鲜舒服
3、熬的量够一天喝就行，别剩下来回来去的热，反而破坏营养
4、喜欢多喝水的，味道清新淡雅的可以熬的稀一点，喜欢浓稠的可以多熬会儿，但也不建议时间过长，别超过25分钟，出锅晾凉后加点蜂蜜，味道也不错
        </tips><tags>
        甜品
        饮品
        百合银耳雪梨润肺汤
        百合银耳雪梨汤
        冰糖百合银耳雪梨汤
        百合银耳雪梨羹
        红枣银耳雪梨汤
      </tags></item></page_detail></extraction>