<?xml version="1.0" encoding="UTF-8"?><extraction><clueid>99353329</clueid><fullpath><![CDATA[http://www.xiachufang.com/recipe/100593146/]]></fullpath><realpath><![CDATA[http://www.xiachufang.com/recipe/100593146/]]></realpath><theme>food_detail_page</theme><middle>规则_2</middle><createdate>2019-5-14 15:14:23</createdate><pageno>0</pageno><actionno></actionno><actionvalue></actionvalue><prestamp>DSEngine-+--+-0</prestamp><currentstamp>DSEngine-+-ds_browser_top-+-1557818063657</currentstamp><timestamp>1557818063657</timestamp><baseURI><bucketBaseURI><bucketName>page_detail</bucketName><uri><![CDATA[http://www.xiachufang.com/recipe/100593146/]]></uri></bucketBaseURI></baseURI><customInfo><![CDATA[]]></customInfo><dsName>DSEngine</dsName><dsThread>datascraper_top</dsThread><version>80700</version>
<page_detail><item><foodname>
      排骨面
      </foodname><score/><heat>21</heat><author>度度度的私房菜</author><materials><item><mate>
                  

    排骨

                </mate><quantity>
                    半斤
                </quantity></item><item><mate>
                  

    姜

                </mate><quantity>
                    一块
                </quantity></item><item><mate>
                  

    葱

                </mate><quantity>
                    两棵
                </quantity></item><item><mate>
                  

    菜心

                </mate><quantity>
                    一棵
                </quantity></item><item><mate>
                  

    龙须面

                </mate><quantity>
                    半斤
                </quantity></item><item><mate>
                  

    盐

                </mate><quantity>
                    三勺
                </quantity></item></materials><steps>
            
            
              排骨切段，焯水。备用。
              
            
            
            
              汤锅或者砂锅放姜片，葱段，排骨。加水至半锅。大火烧开，转小火煮一个半小时。
              
            
            
            
              另起一锅，烧开水煮面，同时把菜心洗净。
              
            
            
            
              碗里盛入排骨汤，放盐。调好味道。
              
            
            
            
              面捞起，盛入浇了排骨汤碗的里。用煮面的余温烫熟菜心。盛入。
              
            
            
            
              撒葱花。
              
            
          </steps><tips>
          排骨面呢，就是要做得清淡中又有香味。
        </tips><tags>
        快手菜
        家常菜
        面
        下饭菜
        减肥
        主食
        排骨面
        酸菜排骨面
        红烧排骨面
        葱烧排骨面
      </tags></item></page_detail></extraction>