<?xml version="1.0" encoding="UTF-8"?><extraction><clueid>99352942</clueid><fullpath><![CDATA[http://www.xiachufang.com/recipe/1073590/]]></fullpath><realpath><![CDATA[http://www.xiachufang.com/recipe/1073590/]]></realpath><theme>food_detail_page</theme><middle>规则_2</middle><createdate>2019-5-14 11:29:2</createdate><pageno>0</pageno><actionno></actionno><actionvalue></actionvalue><prestamp>DSEngine-+--+-0</prestamp><currentstamp>DSEngine-+-ds_browser_top-+-1557804542208</currentstamp><timestamp>1557804542208</timestamp><baseURI><bucketBaseURI><bucketName>page_detail</bucketName><uri><![CDATA[http://www.xiachufang.com/recipe/1073590/]]></uri></bucketBaseURI></baseURI><customInfo><![CDATA[]]></customInfo><dsName>DSEngine</dsName><dsThread>datascraper_top</dsThread><version>80700</version>
<page_detail><item><foodname>
      蔓越莓天使蛋糕
      </foodname><score>7.1</score><heat>444</heat><author>王光光光光</author><materials><item><mate>
                  

    低粉

                </mate><quantity>
                    40g
                </quantity></item><item><mate>
                  

    蛋白（中等偏大）

                </mate><quantity>
                    4个
                </quantity></item><item><mate>
                  

    白糖

                </mate><quantity>
                    35g
                </quantity></item><item><mate>
                  

    柠檬汁

                </mate><quantity>
                    少许
                </quantity></item><item><mate>
                  

    蔓越莓干

                </mate><quantity>
                    适量
                </quantity></item><item><mate>
                  

    酸奶（浓稠些的）

                </mate><quantity>
                    
                </quantity></item><item><mate>
                  

    黑巧克力碎

                </mate><quantity>
                    
                </quantity></item><item><mate>
                  

    草莓

                </mate><quantity>
                    
                </quantity></item></materials><steps>
            
            
              蛋白加少许柠檬汁打发至起大泡泡后分别把白糖分三色加入打发至干性发泡
            
            
            
              将低粉过筛分两次加入蛋白糊中搅拌均匀再加入蔓越莓干拌均匀
            
            
            
              面糊倒入模具 震几下再抹平表面
            
            
            
              烤箱预热170度中层烤25分钟左右 晾凉脱模
            
            
            
              做好的蛋糕表层淋上酸奶 放入冰箱冷藏二十分钟后取出 撒上巧克力碎 摆上草莓即可
            
          </steps><tips>
          1.蛋糕在烤时看到表面微微上色就加盖锡纸免得颜色太深
        </tips><tags>
        蛋糕
        减肥
        蔓越莓天使蛋糕
        天使蛋糕
        蔓越莓蛋糕
        蔓越莓
        蔓越莓芝士蛋糕
      </tags></item></page_detail></extraction>