<?xml version="1.0" encoding="UTF-8"?><extraction><clueid>99352597</clueid><fullpath><![CDATA[http://www.xiachufang.com/recipe/100028106/]]></fullpath><realpath><![CDATA[http://www.xiachufang.com/recipe/100028106/]]></realpath><theme>food_detail_page</theme><middle>规则_2</middle><createdate>2019-5-13 23:37:36</createdate><pageno>0</pageno><actionno></actionno><actionvalue></actionvalue><prestamp>DSEngine-+--+-0</prestamp><currentstamp>DSEngine-+-ds_browser_top-+-1557761856792</currentstamp><timestamp>1557761856792</timestamp><baseURI><bucketBaseURI><bucketName>page_detail</bucketName><uri><![CDATA[http://www.xiachufang.com/recipe/100028106/]]></uri></bucketBaseURI></baseURI><customInfo><![CDATA[]]></customInfo><dsName>DSEngine</dsName><dsThread>datascraper_top</dsThread><version>80700</version>
<page_detail><item><foodname>
      牛奶鸡蛋燕麦
    </foodname><score>7.3</score><heat>1953</heat><author>依汾</author><materials><item><mate>
                  

    牛奶

                </mate><quantity>
                </quantity></item><item><mate>
                  

    燕麦

                </mate><quantity>
                </quantity></item><item><mate>
                  

    鸡蛋

                </mate><quantity>
                </quantity></item></materials><steps>
            
            
              鸡蛋均匀打散备用。
            
            
            
              牛奶在锅中煮开，倒入鸡蛋液，适当搅拌，加入适量冰糖。
            
            
            
              最后加入燕麦片焖1分钟即可（即食麦片焖1分钟，生麦片煮3分钟）。
            
          </steps><tips>
          早上来一碗，元气满满！
        </tips><tags>
        快手菜
        甜品
        小吃
        早餐
        粥
      </tags></item></page_detail></extraction>