<?xml version="1.0" encoding="UTF-8"?><extraction><clueid>99352575</clueid><fullpath><![CDATA[http://www.xiachufang.com/recipe/102426239/]]></fullpath><realpath><![CDATA[http://www.xiachufang.com/recipe/102426239/]]></realpath><theme>food_detail_page</theme><middle>规则_2</middle><createdate>2019-5-13 23:21:13</createdate><pageno>0</pageno><actionno></actionno><actionvalue></actionvalue><prestamp>DSEngine-+--+-0</prestamp><currentstamp>DSEngine-+-ds_browser_top-+-1557760873248</currentstamp><timestamp>1557760873248</timestamp><baseURI><bucketBaseURI><bucketName>page_detail</bucketName><uri><![CDATA[http://www.xiachufang.com/recipe/102426239/]]></uri></bucketBaseURI></baseURI><customInfo><![CDATA[]]></customInfo><dsName>DSEngine</dsName><dsThread>datascraper_top</dsThread><version>80700</version>
<page_detail><item><foodname>
      【中餐厅】亮大厨教做宫保鸡丁『多图详解』
    </foodname><score>8.0</score><heat>2541</heat><author>阿喵_Jessie高三</author><materials><item><mate>
                  

    主料

                </mate><quantity>
                    
                </quantity></item><item><mate>
                  

    鸡胸肉

                </mate><quantity>
                    适量切丁
                </quantity></item><item><mate>
                  

    黄瓜

                </mate><quantity>
                    适量切丁
                </quantity></item><item><mate>
                  

    花生米（炸过的）

                </mate><quantity>
                    适量
                </quantity></item><item><mate>
                  

    辅料

                </mate><quantity>
                    
                </quantity></item><item><mate>
                  

    豆瓣酱

                </mate><quantity>
                    一勺
                </quantity></item><item><mate>
                  

    辣椒

                </mate><quantity>
                    两段
                </quantity></item><item><mate>
                  

    花椒

                </mate><quantity>
                    少许
                </quantity></item><item><mate>
                  

    蒜

                </mate><quantity>
                    一瓣剥好
                </quantity></item><item><mate>
                  

    姜

                </mate><quantity>
                    适量切沫
                </quantity></item><item><mate>
                  

    葱

                </mate><quantity>
                    适量切段
                </quantity></item><item><mate>
                  

    张亮微博官方酱汁

                </mate><quantity>
                    没找见的，在这！
                </quantity></item><item><mate>
                  

    生抽酱油

                </mate><quantity>
                    一勺
                </quantity></item><item><mate>
                  

    白糖

                </mate><quantity>
                    两勺
                </quantity></item><item><mate>
                  

    米醋

                </mate><quantity>
                    两勺
                </quantity></item><item><mate>
                  

    勺子是平时吃饭用的

                </mate><quantity>
                    
                </quantity></item></materials><steps>
            
            
              鸡肉切块拿适量料酒，白胡椒，生粉进行腌制。（十到十五分钟）材料合集，亮大厨开始教做啦ps.蒜要切成蒜片，辣椒两段
              
            
            
            
              在锅内倒适量油，摇晃锅子使油摊平防止糊锅。待油稍微热一点下鸡胸肉。
              
            
            
            
              放入鸡胸肉，翻炒，盛出。锅内留点油，下来炒辅料要用。
              
            
            
            
              加一勺豆瓣酱混合辅料搅拌均匀。
              
            
            
            
              👆👆👆
              
            
            
            
              倒入过油了的鸡胸肉再倒入酱汁，酱汁配方已给出。👉👉👉生抽酱油  一勺  白糖  两勺  米醋  两勺
              
            
            
            
              👆👆👆
              
            
            
            
              水淀粉勾芡ps.水淀粉＝水＋淀粉混合均匀
              
            
            
            
              装盘盛出🎉
              
            
          </steps><tips>
          应该已经很详细了吧👉找不见酱汁的小伙伴们，我会在菜谱里写三遍，你再找不见，我也爱莫能助了。。。真心不想在看见留言里满篇的酱汁是什么，答应我，认真看菜谱，好吗？个别小伙伴也别把自己特殊化了:)
        </tips><tags>
        快手菜
        家常菜
        影视综艺
        下饭菜
        宫保鸡丁
        川味宫保鸡丁
        家常宫保鸡丁
        不辣的宫保鸡丁
        川菜宫保鸡丁
      </tags></item></page_detail></extraction>