<?xml version="1.0" encoding="UTF-8"?><extraction><clueid>99352894</clueid><fullpath><![CDATA[http://www.xiachufang.com/recipe/100504662/]]></fullpath><realpath><![CDATA[http://www.xiachufang.com/recipe/100504662/]]></realpath><theme>food_detail_page</theme><middle>规则_2</middle><createdate>2019-5-14 10:59:8</createdate><pageno>0</pageno><actionno></actionno><actionvalue></actionvalue><prestamp>DSEngine-+--+-0</prestamp><currentstamp>DSEngine-+-ds_browser_top-+-1557802748714</currentstamp><timestamp>1557802748714</timestamp><baseURI><bucketBaseURI><bucketName>page_detail</bucketName><uri><![CDATA[http://www.xiachufang.com/recipe/100504662/]]></uri></bucketBaseURI></baseURI><customInfo><![CDATA[]]></customInfo><dsName>DSEngine</dsName><dsThread>datascraper_top</dsThread><version>80700</version>
<page_detail><item><foodname>
      凉拌洋葱
      </foodname><score>8.1</score><heat>450</heat><author>E路拾缘</author><materials><item><mate>
                  

    洋葱

                </mate><quantity>
                    1粒（200g）
                </quantity></item><item><mate>
                  

    柠檬

                </mate><quantity>
                    半粒（取汁约10g）
                </quantity></item><item><mate>
                  

    盐

                </mate><quantity>
                    5g
                </quantity></item><item><mate>
                  

    糖

                </mate><quantity>
                    10g左右
                </quantity></item><item><mate>
                  

    柠檬皮屑

                </mate><quantity>
                    2g左右（增香）
                </quantity></item><item><mate>
                  

    食品袋

                </mate><quantity>
                    1个
                </quantity></item></materials><steps>
            
            
              洋葱，紫色的会比较好看，但会比较辛辣，白色的会比较甜。依自己的喜好选择。
            
            
            
              洋葱要逆纹路切成细丝（洋葱圈就属于逆纹路，将洋葱对半切开，再将切面扣在砧板上顶刀切就是逆纹路），尽量切细一些，吃起来会脆口。
            
            
            
              切好的洋葱丝直接放入干净的食品袋，加入5g盐，让食品袋里保留一些空气，再用手攥紧封口处，转两圈后开始摇晃，很快会发现有汁液渗出，大概摇个1分钟，盐份和洋葱丝混合均匀后就可以了。此时将洋葱丝取出放在滤网中，用清水冲洗一遍。然后再投入冰水中侵泡1-2分钟。洋葱丝遇到冰水后会快会吸收一些冰水也会变得很脆，呈半透明状，十分漂亮。将冰水沥干，加入糖，柠檬汁，磨一些柠檬皮屑，再加一点点盐，拌均匀就完成了。（加盐的动作，视洋葱的冲水和泡水时间决定，如盐分去除较干净则需要加盐，反之则不用）
            
          </steps><tips>
          洋葱丝经过盐的渗透压的作用将部分呛辣汁液去除，同时吸收冰水，使得洋葱丝内部充满汁水，再加上新鲜柠檬的果酸和糖的中和，洋葱丝变得格外爽脆，清甜，微酸，很是开胃，是夏季餐桌的良伴~日式做法，再此基础之上添加柴鱼酱油或柴鱼精，再撒上木鱼花，就是一道典型的日式料理开胃菜了~
        </tips><tags>
        素菜
        减肥
        家常菜
        快手菜
        小清新
        凉拌洋葱
        凉拌洋葱木耳
        凉拌洋葱黄瓜
        洋葱
        洋葱红酒
      </tags></item></page_detail></extraction>