<?xml version="1.0" encoding="UTF-8"?><extraction><clueid>99353536</clueid><fullpath><![CDATA[http://www.xiachufang.com/recipe/102932872/]]></fullpath><realpath><![CDATA[http://www.xiachufang.com/recipe/102932872/]]></realpath><theme>food_detail_page</theme><middle>规则_2</middle><createdate>2019-5-14 15:47:18</createdate><pageno>0</pageno><actionno></actionno><actionvalue></actionvalue><prestamp>DSEngine-+--+-0</prestamp><currentstamp>DSEngine-+-ds_browser_top-+-1557820038255</currentstamp><timestamp>1557820038255</timestamp><baseURI><bucketBaseURI><bucketName>page_detail</bucketName><uri><![CDATA[http://www.xiachufang.com/recipe/102932872/]]></uri></bucketBaseURI></baseURI><customInfo><![CDATA[]]></customInfo><dsName>DSEngine</dsName><dsThread>datascraper_top</dsThread><version>80700</version>
<page_detail><item><foodname>
      石橄榄煲汤（清热，润肺，止咳）
    </foodname><score/><heat>1</heat><author>小厨蔡蔡</author><materials><item><mate>
                  

    石橄榄

                </mate><quantity>
                    适量
                </quantity></item><item><mate>
                  

    扇骨（鸡肉，排骨都可以）

                </mate><quantity>
                    适量
                </quantity></item><item><mate>
                  

    红枣

                </mate><quantity>
                    10几颗
                </quantity></item><item><mate>
                  

    枸杞

                </mate><quantity>
                    一小把
                </quantity></item><item><mate>
                  

    清水

                </mate><quantity>
                    适量
                </quantity></item></materials><steps>
            
            
              这个就是石橄榄，大家可以百度一下，功效非常好。记得多用水冲洗几次，洗掉脏的。
              
            
            
            
              本来是打算用鸡肉来煲的，因为石橄榄煲鸡比煲骨头或者排骨要更为鲜美，但是小孩偶尔有一两声的咳嗽就不煲鸡汤了，感冒或者咳嗽的时候最好不要老是吃鸡肉或者煲鸡汤。今天用的是扇骨，锅里放水，先焯掉血水
              
            
            
            
              焯水之后的扇骨放进砂锅里石橄榄是可以制药的，像煲一些中药材或者一些滋补汤，最好用砂锅，因为中药不见铁会比较好
              
            
            
            
              砂锅里放上扇骨，石橄榄，红枣和枸杞，还可以切一截玉米下去，放上适量的清水，这些食材量都根据家人的食用量而定。大火煮开之后转中小火煲一个小时左右，时间自己参考，用电的砂锅也一样
              
            
            
            
              这是煲汤之后的石橄榄，可以捞掉
              
            
            
            
              非常鲜美的汤，对身体很好，感冒或者小孩喉咙上火咳嗽都可以喝！煲好的汤是不放任何佐料的，连盐都不放哦。
              
            
          </steps><tips>
          石橄榄的多重功效可以百度。因为有红枣枸杞所以汤很鲜美，不放任何佐料，尽量不要放盐喽，如果吃不习惯就少放一点点吧
        </tips><tags/></item></page_detail></extraction>