<?xml version="1.0" encoding="UTF-8"?><extraction><clueid>99352508</clueid><fullpath><![CDATA[http://www.xiachufang.com/recipe/103823549/]]></fullpath><realpath><![CDATA[http://www.xiachufang.com/recipe/103823549/]]></realpath><theme>food_detail_page</theme><middle>规则_2</middle><createdate>2019-5-13 23:10:34</createdate><pageno>0</pageno><actionno></actionno><actionvalue></actionvalue><prestamp>DSEngine-+--+-0</prestamp><currentstamp>DSEngine-+-ds_browser_top-+-1557760234138</currentstamp><timestamp>1557760234138</timestamp><baseURI><bucketBaseURI><bucketName>page_detail</bucketName><uri><![CDATA[http://www.xiachufang.com/recipe/103823549/]]></uri></bucketBaseURI></baseURI><customInfo><![CDATA[]]></customInfo><dsName>DSEngine</dsName><dsThread>datascraper_top</dsThread><version>80700</version>
<page_detail><item><foodname>
      超下饭的麻辣萝卜干
    </foodname><score/><heat>0</heat><author>六六的皇额娘</author><materials><item><mate>
                  

    萝卜干

                </mate><quantity>
                    100克
                </quantity></item><item><mate>
                  

    红油

                </mate><quantity>
                    5大勺
                </quantity></item><item><mate>
                  

    花椒粉

                </mate><quantity>
                    2克
                </quantity></item><item><mate>
                  

    白糖

                </mate><quantity>
                    5克
                </quantity></item><item><mate>
                  

    盐

                </mate><quantity>
                    2克
                </quantity></item></materials><steps>
            
            
              萝卜干100克，这个是之前自己晒的，长长的那种萝卜切丝，凉几天干透了就可以了。存储起来放冰箱，吃的时候直接开水泡发就可以了。下班回家赶时间，其实直接煮了几分钟，加快泡发时间。
              
            
            
            
              萝卜干泡发好后，挤干水份，切成下切。一定要挤干水份哦。加入花椒面、鸡精、白糖、盐。
              
            
            
            
              熟油辣椒，多放一些，怕辣的辣椒面少一些油多一些。
              
            
            
            
              拌匀后即可，早餐就稀饭吃也不错哦！
              
            
          </steps><tips>
          萝卜干一定要挤干水份后才拌，利于口感和保存。
        </tips><tags>
        辣
        快手菜
        家常菜
        宴客菜
      </tags></item></page_detail></extraction>