<?xml version="1.0" encoding="UTF-8"?><extraction><clueid>99353283</clueid><fullpath><![CDATA[http://www.xiachufang.com/recipe/101697245/]]></fullpath><realpath><![CDATA[http://www.xiachufang.com/recipe/101697245/]]></realpath><theme>food_detail_page</theme><middle>规则_2</middle><createdate>2019-5-14 15:4:45</createdate><pageno>0</pageno><actionno></actionno><actionvalue></actionvalue><prestamp>DSEngine-+--+-0</prestamp><currentstamp>DSEngine-+-ds_browser_top-+-1557817485896</currentstamp><timestamp>1557817485896</timestamp><baseURI><bucketBaseURI><bucketName>page_detail</bucketName><uri><![CDATA[http://www.xiachufang.com/recipe/101697245/]]></uri></bucketBaseURI></baseURI><customInfo><![CDATA[]]></customInfo><dsName>DSEngine</dsName><dsThread>datascraper_top</dsThread><version>80700</version>
<page_detail><item><foodname>
      一颗柚子茶/霸王葡萄柚
      </foodname><score/><heat>16</heat><author>喵字牌Wasabi</author><materials><item><mate>
                  

    葡萄柚

                </mate><quantity>
                    1颗
                </quantity></item><item><mate>
                  

    茶包（绿茶和柠檬红茶包都挺好喝）

                </mate><quantity>
                    1包
                </quantity></item><item><mate>
                  

    枫糖浆（没有可用蜂蜜代替）

                </mate><quantity>
                    约30g
                </quantity></item><item><mate>
                  

    话梅

                </mate><quantity>
                    2-3颗
                </quantity></item><item><mate>
                  

    冰糖

                </mate><quantity>
                    5-10颗（按个人嗜甜程度）
                </quantity></item><item><mate>
                  

    盐

                </mate><quantity>
                    少许
                </quantity></item></materials><steps>
            
            
              准备好主要食材，葡萄柚洗净备用。
              
            
            
            
              葡萄柚两端切开备用。
              
            
            
            
              茶包放入冷水壶，加入开水300ml左右。把话梅，冰糖放进水中浸泡。
              
            
            
            
              盛放至水温不烫口的时候，加入适量枫糖浆或蜂蜜。（试了几次还是觉得枫糖浆比蜂蜜好喝一些！）
              
            
            
            
              葡萄柚放入碗中，用尖刀戳果肉，使果粒破裂，汁液和部分果肉流入碗里。
              
            
            
            
              如图挤汁，尽量把整颗柚子的汁液挤干。
              
            
            
            
              大概可以挤半碗以上。
              
            
            
            
              把柚子放入冷水壶中，加入约200ml凉开水（夏天可以加冰块代替凉开水）。再撒少许盐搅拌均匀即可。
              
            
            
            
              放冰箱冷藏约3小时，即可取出饮用。
              
            
          </steps><tips>
          如果有盆友觉得稍微有点苦的话就这样做就好：只取果瓤！千万不能要一点儿果皮（特别是白色的那层果皮）！而且每一瓣果瓤的薄皮也要去掉！就不苦了！蜂蜜会有稍稍的味道，枫糖浆风味更好。冷藏了喝会比较爽～～～
        </tips><tags>
        饮品
      </tags></item></page_detail></extraction>