<?xml version="1.0" encoding="UTF-8"?><extraction><clueid>99353849</clueid><fullpath><![CDATA[http://www.xiachufang.com/recipe/246022/]]></fullpath><realpath><![CDATA[http://www.xiachufang.com/recipe/246022/]]></realpath><theme>food_detail_page</theme><middle>规则_2</middle><createdate>2019-5-14 19:34:38</createdate><pageno>0</pageno><actionno></actionno><actionvalue></actionvalue><prestamp>DSEngine-+--+-0</prestamp><currentstamp>DSEngine-+-ds_browser_top-+-1557833678844</currentstamp><timestamp>1557833678844</timestamp><baseURI><bucketBaseURI><bucketName>page_detail</bucketName><uri><![CDATA[http://www.xiachufang.com/recipe/246022/]]></uri></bucketBaseURI></baseURI><customInfo><![CDATA[]]></customInfo><dsName>DSEngine</dsName><dsThread>datascraper_top</dsThread><version>80700</version>
<page_detail><item><foodname>
      核桃虫草花骨头汤
    </foodname><score/><heat>23</heat><author>烩烩小厨</author><materials><item><mate>
                  

    虫草花

                </mate><quantity>
                    50克
                </quantity></item><item><mate>
                  

    猪骨头

                </mate><quantity>
                    500克
                </quantity></item><item><mate>
                  

    蜜枣

                </mate><quantity>
                    2个
                </quantity></item><item><mate>
                  

    生姜

                </mate><quantity>
                    2片
                </quantity></item><item><mate>
                  

    核桃仁

                </mate><quantity>
                    80克
                </quantity></item></materials><steps>
            
            
              将所有材料洗净
              
            
            
            
              汤锅内加入10碗水，将猪骨头和其它材料一起放到锅里
              
            
            
            
              开大火煮开，再转小火煮1.5-2小时
              
            
            
            
              加入1小匙盐、关火即可
              
            
          </steps><tips/><tags>
        全部菜单
      </tags></item></page_detail></extraction>