<?xml version="1.0" encoding="UTF-8"?><extraction><clueid>99353353</clueid><fullpath><![CDATA[http://www.xiachufang.com/recipe/100482200/]]></fullpath><realpath><![CDATA[http://www.xiachufang.com/recipe/100482200/]]></realpath><theme>food_detail_page</theme><middle>规则_2</middle><createdate>2019-5-14 15:17:24</createdate><pageno>0</pageno><actionno></actionno><actionvalue></actionvalue><prestamp>DSEngine-+--+-0</prestamp><currentstamp>DSEngine-+-ds_browser_top-+-1557818244168</currentstamp><timestamp>1557818244168</timestamp><baseURI><bucketBaseURI><bucketName>page_detail</bucketName><uri><![CDATA[http://www.xiachufang.com/recipe/100482200/]]></uri></bucketBaseURI></baseURI><customInfo><![CDATA[]]></customInfo><dsName>DSEngine</dsName><dsThread>datascraper_top</dsThread><version>80700</version>
<page_detail><item><foodname>
      清火金桔
    </foodname><score/><heat>5</heat><author>咪喜咪囍</author><materials><item><mate>
                  

    金桔

                </mate><quantity>
                    看个人喜好
                </quantity></item><item><mate>
                  

    黄冰糖\或冰糖

                </mate><quantity>
                    喜欢甜的就多放点咯
                </quantity></item></materials><steps>
            
            
              小锅或者用小罐把水煮开，放入冰糖，用量按个人喜好。
              
            
            
            
              金桔切开，待糖融化以后放入金桔
              
            
            
            
              煮啊煮，煮到水果变软就OK啦
              
            
            
            
              尝尝吧
              
            
          </steps><tips/><tags>
        全部菜单
      </tags></item></page_detail></extraction>