<?xml version="1.0" encoding="UTF-8"?><extraction><clueid>99352462</clueid><fullpath><![CDATA[http://www.xiachufang.com/recipe/12453/]]></fullpath><realpath><![CDATA[http://www.xiachufang.com/recipe/12453/]]></realpath><theme>food_detail_page</theme><middle>规则_2</middle><createdate>2019-5-13 23:1:23</createdate><pageno>0</pageno><actionno></actionno><actionvalue></actionvalue><prestamp>DSEngine-+--+-0</prestamp><currentstamp>DSEngine-+-ds_browser_top-+-1557759683801</currentstamp><timestamp>1557759683801</timestamp><baseURI><bucketBaseURI><bucketName>page_detail</bucketName><uri><![CDATA[http://www.xiachufang.com/recipe/12453/]]></uri></bucketBaseURI></baseURI><customInfo><![CDATA[]]></customInfo><dsName>DSEngine</dsName><dsThread>datascraper_top</dsThread><version>80700</version>
<page_detail><item><foodname>
      糖醋排骨
    </foodname><score>8.5</score><heat>3294</heat><author>美食情书</author><materials><item><mate>
                  

    小肋排

                </mate><quantity>
                    适量
                </quantity></item><item><mate>
                  

    料酒

                </mate><quantity>
                    1大匙
                </quantity></item><item><mate>
                  

    酱油

                </mate><quantity>
                    2大匙
                </quantity></item><item><mate>
                  

    白糖

                </mate><quantity>
                    3大匙
                </quantity></item><item><mate>
                  

    醋

                </mate><quantity>
                    4大匙
                </quantity></item><item><mate>
                  

    清水

                </mate><quantity>
                    5大匙
                </quantity></item><item><mate>
                  

    大料

                </mate><quantity>
                    2个
                </quantity></item><item><mate>
                  

    葱段

                </mate><quantity>
                    适量
                </quantity></item><item><mate>
                  

    姜片

                </mate><quantity>
                    适量
                </quantity></item><item><mate>
                  

    盐

                </mate><quantity>
                    1小匙
                </quantity></item></materials><steps>
            
            
              糖醋排骨的做法有很多，有的步骤多些，有的调料有所不同，我家这样做，先将买来的小排洗净，一般超市卖的包装好的肋排都比较长，买回来最好剁一下，剁成一半就可以了，也可以买那种还没切的，让超市的工作人员帮你剁得块小点，总觉得吃糖醋排骨块小了好，这是我的喜好，你都随意：）
              
            
            
            
              取来汤锅，注入清水，小排骨冷水下入锅中，开锅后撇去浮沫、血沫，放入葱段，姜片，大料，转小火炖制30-60分钟，看你的时间了，只焯一下也行，这样炖一下还可以顺便喝到排骨汤~
              
            
            
            
              排骨煮好后捞出，放在一边控控水分。这时我们做一碗调味汁，1勺料酒、两勺酱油、三勺糖、四勺醋、5勺清水，按照这个比例做好味汁就可以了，调味汁的多少要根据你的排骨多少来调整。喜欢不同口味的也要根据自己的需要增减调料
              
            
            
            
              取来炒锅，倒入适量的油，如果你的炒锅不是不粘锅，那丢两三片姜下去，用锅铲压着姜片在锅内擦一擦，这样一会倒入排骨煸炒得时候就不会粘锅了
              
            
            
            
              油热后倒入排骨，用小火慢慢煸炒，待排骨表面呈淡淡的金黄色即可。有的做法在这时要油炸，有的开始炒糖色，我嫌油炸麻烦不炸了，因为我们自己另做了酸甜调味汁，所以也不炒糖色了
              
            
            
            
              排骨煸炒好后，倒入刚才调好的味汁，味汁应该可以刚刚好没过排骨，大火煮开后转小火慢慢让它炖至入味，随后也可根据自己的需要加入少许的盐，待汤汁快收干时，开大火收干，临出锅前可再烹入一些醋，炒匀后就可以盛出了
              
            
          </steps><tips/><tags>
        家常菜
        酸甜
        糖醋
        糖醋排骨
        东北糖醋排骨
        红烧糖醋排骨
        素糖醋排骨
        无锡糖醋排骨
      </tags></item></page_detail></extraction>