<?xml version="1.0" encoding="UTF-8"?><extraction><clueid>99353412</clueid><fullpath><![CDATA[http://www.xiachufang.com/recipe/101833363/]]></fullpath><realpath><![CDATA[http://www.xiachufang.com/recipe/101833363/]]></realpath><theme>food_detail_page</theme><middle>规则_2</middle><createdate>2019-5-14 15:28:5</createdate><pageno>0</pageno><actionno></actionno><actionvalue></actionvalue><prestamp>DSEngine-+--+-0</prestamp><currentstamp>DSEngine-+-ds_browser_top-+-1557818885013</currentstamp><timestamp>1557818885013</timestamp><baseURI><bucketBaseURI><bucketName>page_detail</bucketName><uri><![CDATA[http://www.xiachufang.com/recipe/101833363/]]></uri></bucketBaseURI></baseURI><customInfo><![CDATA[]]></customInfo><dsName>DSEngine</dsName><dsThread>datascraper_top</dsThread><version>80700</version>
<page_detail><item><foodname>
      清热解毒牛蒡汤
      </foodname><score/><heat>11</heat><author>nicolay</author><materials><item><mate>
                  

    牛蒡

                </mate><quantity>
                    一根（约400克）
                </quantity></item><item><mate>
                  

    骨头

                </mate><quantity>
                    500克
                </quantity></item><item><mate>
                  

    生姜

                </mate><quantity>
                    两片
                </quantity></item><item><mate>
                  

    红枣

                </mate><quantity>
                    10粒
                </quantity></item><item><mate>
                  

    枸杞

                </mate><quantity>
                    适量
                </quantity></item><item><mate>
                  

    粗盐

                </mate><quantity>
                    适量
                </quantity></item><item><mate>
                  

    清水

                </mate><quantity>
                    适量
                </quantity></item><item><mate>
                  

    食盐

                </mate><quantity>
                    适量（泡牛蒡用）
                </quantity></item><item><mate>
                  

    白醋

                </mate><quantity>
                    适量（泡牛蒡用）
                </quantity></item></materials><steps>
            
            
              准备所有材料
              
            
            
            
              买回来的骨头斩块，冲洗干净，冷水入锅煮去血水，再用流动的水冲净浮末，入锅备用；
              
            
            
            
              牛蒡要挑选新鲜的，这样煲出来的汤水会更清甜，汤色更清。
              
            
            
            
              牛蒡折断，切掉头尾，准备刨丝；
              
            
            
            
              刨完一截，就放入滴了白醋和食盐的清水中浸泡着，以免氧化；
              
            
            
            
              全部刨完皮后，准备切片，为了防止氧化，仍然是切完一截后放醋水里泡着，再切下一截；我这里为了有个对比，右上部是切好了没及时放入醋水中，就那么一小会，已经能看出一点黑黑的；所以，还是切好一截就马上放入醋水中；
              
            
            
            
              防止氧化，是汤水清润至关重要的一步；切好全部放醋水中后，用双手揉搓一下；
              
            
            
            
              揉搓后的水是有点黄浊的，捞出牛蒡放入锅中备用，水倒掉；
              
            
            
            
              枸杞红枣洗净后，也投入高压锅；牛蒡不是什么滋补药材，用不用沙锅煮没关系；我这里用的是高压锅，所以枸杞一起放进锅中；也可以出锅后再和粗盐一起加进汤中；
              
            
            
            
              加入适量清水，盖好锅盖；
              
            
            
            
              大火煮上气后，转小火煮20分钟，闭气后开盖（注意蒸汽烫伤）加入粗盐调味即可装盘喝啦。
              
            
          </steps><tips>
          注意牛蒡不要被氧化，氧化后煲出来的汤水没这么清甜。你当然可以用沙锅来煲，煮开后用汤勺撇去浮沫，如果想吃肉喝汤煮开后转小火煮1个小时；如果不吃肉光喝汤，煮开后转小火煮1个半小时。还可以加胡萝卜或玉米和牛蒡一起煮，这个汤尽量不要太杂，太杂吃不出牛蒡的味道。
        </tips><tags>
        全部菜单
      </tags></item></page_detail></extraction>