<?xml version="1.0" encoding="UTF-8"?><extraction><clueid>99353097</clueid><fullpath><![CDATA[http://www.xiachufang.com/recipe/260834/]]></fullpath><realpath><![CDATA[http://www.xiachufang.com/recipe/260834/]]></realpath><theme>food_detail_page</theme><middle>规则_2</middle><createdate>2019-5-14 13:2:17</createdate><pageno>0</pageno><actionno></actionno><actionvalue></actionvalue><prestamp>DSEngine-+--+-0</prestamp><currentstamp>DSEngine-+-ds_browser_top-+-1557810137211</currentstamp><timestamp>1557810137211</timestamp><baseURI><bucketBaseURI><bucketName>page_detail</bucketName><uri><![CDATA[http://www.xiachufang.com/recipe/260834/]]></uri></bucketBaseURI></baseURI><customInfo><![CDATA[]]></customInfo><dsName>DSEngine</dsName><dsThread>datascraper_top</dsThread><version>80700</version>
<page_detail><item><foodname>
      养颜粥
    </foodname><score>8.2</score><heat>39</heat><author>食尚先生王森</author><materials><item><mate>
                  

    大米

                </mate><quantity>
                    50g
                </quantity></item><item><mate>
                  

    红枣

                </mate><quantity>
                    20g
                </quantity></item><item><mate>
                  

    黑米

                </mate><quantity>
                    20g
                </quantity></item><item><mate>
                  

    花生仁

                </mate><quantity>
                    20g
                </quantity></item><item><mate>
                  

    红糖

                </mate><quantity>
                    适量
                </quantity></item></materials><steps>
            
            
              ．将所有材料洗净
              
            
            
            
              ．放入电饭煲中，加入适量水，调到煮粥档
              
            
            
            
              ．粥煮好后，加入适量红糖即可
              
            
          </steps><tips/><tags>
        粥
        养颜粥
        补血养颜粥
        养颜
        排毒养颜粥
        养颜肉皮冻
      </tags></item></page_detail></extraction>