<?xml version="1.0" encoding="UTF-8"?><extraction><clueid>99352427</clueid><fullpath><![CDATA[http://www.xiachufang.com/recipe/100284397/]]></fullpath><realpath><![CDATA[http://www.xiachufang.com/recipe/100284397/]]></realpath><theme>food_detail_page</theme><middle>规则_2</middle><createdate>2019-5-13 22:54:38</createdate><pageno>0</pageno><actionno></actionno><actionvalue></actionvalue><prestamp>DSEngine-+--+-0</prestamp><currentstamp>DSEngine-+-ds_browser_top-+-1557759278233</currentstamp><timestamp>1557759278233</timestamp><baseURI><bucketBaseURI><bucketName>page_detail</bucketName><uri><![CDATA[http://www.xiachufang.com/recipe/100284397/]]></uri></bucketBaseURI></baseURI><customInfo><![CDATA[]]></customInfo><dsName>DSEngine</dsName><dsThread>datascraper_top</dsThread><version>80700</version>
<page_detail><item><foodname>
      红烧鸡腿（好吃到没有朋友
      </foodname><score>8.2</score><heat>2378</heat><author>菀菀菀菀菀子酱</author><materials><item><mate>
                  

    鸡腿

                </mate><quantity>
                    吃多少买多少
                </quantity></item><item><mate>
                  

    柠檬

                </mate><quantity>
                    可选
                </quantity></item><item><mate>
                  

    姜

                </mate><quantity>
                    一小块
                </quantity></item><item><mate>
                  

    葱

                </mate><quantity>
                    一小把
                </quantity></item><item><mate>
                  

    生抽

                </mate><quantity>
                    适量
                </quantity></item><item><mate>
                  

    老抽

                </mate><quantity>
                    少许
                </quantity></item><item><mate>
                  

    料酒

                </mate><quantity>
                    比生抽少比老抽多
                </quantity></item><item><mate>
                  

    冰糖

                </mate><quantity>
                    少许
                </quantity></item><item><mate>
                  

    食用油

                </mate><quantity>
                    少许
                </quantity></item></materials><steps>
            
            
              取一两片鲜柠檬，挤汁淋在鸡腿上，腌制15分钟。（可以去腥软化肉质，不过千万不要多，柠檬可是很酸的啊亲！如果没有柠檬又懒得买这一步也可以省略）
            
            
            
              姜切片，葱切段，鸡腿冷水下锅，焯完捞出，将血沫洗净待用。另起油锅，放入葱姜和鸡腿，中小火翻炒至鸡腿略变色。
            
            
            
              倒入料酒、生抽和老抽，翻炒均匀，再加水没过鸡腿。（我用的是琵琶腿，锅又略大所以只加到腿的三分之二的样子，如果是鸡槌或者无骨鸡腿肉块的话要没过）
            
            
            
              大火烧开，转小火慢炖，期间翻炒两三次，让鸡肉均匀入味。
            
            
            
              汤汁收干一半时加入适量冰糖，期间再翻炒两三次，入味之余防止鸡腿粘锅。
            
            
            
              继续小火炖20分钟左右即可。（若汤汁较多就大火收干，但是要防止粘锅，不过我想用汤汁拌饭就没有收干）
            
          </steps><tips>
          有生抽老抽就不用再另外加盐了，咸味已经足够。怕鸡腿不够入味可以事先用叉子在肉上戳几下，不在意卖相的话可以用刀在鸡腿肉多的地方划个一两刀。如果赶时间的话用中小火炖也是可以哒。如果家里有八角可以扔一个进去。
        </tips><tags>
        红烧
        家常菜
        红烧鸡腿
        红烧鸡腿炖土豆
        红烧鸡腿土豆
        鸡腿
        酱油鸡腿
      </tags></item></page_detail></extraction>