<?xml version="1.0" encoding="UTF-8"?><extraction><clueid>99353324</clueid><fullpath><![CDATA[http://www.xiachufang.com/recipe/100552875/]]></fullpath><realpath><![CDATA[http://www.xiachufang.com/recipe/100552875/]]></realpath><theme>food_detail_page</theme><middle>规则_2</middle><createdate>2019-5-14 15:13:3</createdate><pageno>0</pageno><actionno></actionno><actionvalue></actionvalue><prestamp>DSEngine-+--+-0</prestamp><currentstamp>DSEngine-+-ds_browser_top-+-1557817983779</currentstamp><timestamp>1557817983779</timestamp><baseURI><bucketBaseURI><bucketName>page_detail</bucketName><uri><![CDATA[http://www.xiachufang.com/recipe/100552875/]]></uri></bucketBaseURI></baseURI><customInfo><![CDATA[]]></customInfo><dsName>DSEngine</dsName><dsThread>datascraper_top</dsThread><version>80700</version>
<page_detail><item><foodname>
      凉拌爽口芹菜丝（消脂美容降血压）
      </foodname><score/><heat>9</heat><author>恋上小厨</author><materials><item><mate>
                  

    芹菜

                </mate><quantity>
                    一棵
                </quantity></item><item><mate>
                  

    盐

                </mate><quantity>
                    适量
                </quantity></item><item><mate>
                  

    砂糖

                </mate><quantity>
                    适量
                </quantity></item><item><mate>
                  

    白醋

                </mate><quantity>
                    适量
                </quantity></item></materials><steps>
            
            
              芹菜摘掉叶子洗干净，用手掐两头两面去掉粗纤维。（每个人方法可能都不一样，用自己习惯的就好。）
            
            
            
              将芹菜有凹槽的一面朝下，用刀片出芹菜片，越薄越好。
              
            
            
            
              将片好的芹菜片切成合适段。
              
            
            
            
              层叠切出细丝，越细越好。
              
            
            
            
              放入少量的盐、砂糖和醋拌匀即可享用。（记住，一定是少量，多的话就会把芹菜本身的清香味遮掉了的。）
              
            
          </steps><tips>
          1.粗纤维清得越干净，最后成品口感越爽脆。2.片得越薄切得越细越好看好吃。3.芹菜芯我没有放里面做，虽然嫩，但觉得不够爽脆，最重要的是不大好切，呵呵。4.最后一点，也是最重要的一点。刀功不是一天练出来的，亲们，安全第一哈！
        </tips><tags>
        全部菜单
      </tags></item></page_detail></extraction>