<?xml version="1.0" encoding="UTF-8"?><extraction><clueid>99353159</clueid><fullpath><![CDATA[http://www.xiachufang.com/recipe/102277944/]]></fullpath><realpath><![CDATA[http://www.xiachufang.com/recipe/102277944/]]></realpath><theme>food_detail_page</theme><middle>规则_2</middle><createdate>2019-5-14 13:36:43</createdate><pageno>0</pageno><actionno></actionno><actionvalue></actionvalue><prestamp>DSEngine-+--+-0</prestamp><currentstamp>DSEngine-+-ds_browser_top-+-1557812203566</currentstamp><timestamp>1557812203566</timestamp><baseURI><bucketBaseURI><bucketName>page_detail</bucketName><uri><![CDATA[http://www.xiachufang.com/recipe/102277944/]]></uri></bucketBaseURI></baseURI><customInfo><![CDATA[]]></customInfo><dsName>DSEngine</dsName><dsThread>datascraper_top</dsThread><version>80700</version>
<page_detail><item><foodname>
      养颜抗老粥
      </foodname><score>9.1</score><heat>25</heat><author>小单飞咖啡</author><materials><item><mate>
                  

    黄芪

                </mate><quantity>
                    250克（煮水备用）
                </quantity></item><item><mate>
                  

    薏米

                </mate><quantity>
                    50克
                </quantity></item><item><mate>
                  

    莲子

                </mate><quantity>
                    50克
                </quantity></item><item><mate>
                  

    绿豆

                </mate><quantity>
                    50克
                </quantity></item><item><mate>
                  

    大枣

                </mate><quantity>
                    30克
                </quantity></item><item><mate>
                  

    枸杞子

                </mate><quantity>
                    10克
                </quantity></item><item><mate>
                  

    扁豆

                </mate><quantity>
                    50
                </quantity></item></materials><steps>
            
            
              准备黄芪、枸杞子、莲子、扁豆、薏米、绿豆、红枣
              
            
            
            
              煮粥之前先用小火加适量的水煮250克黄芪15分钟，将水倒出，再加适量的水再煮15分钟，把水倒出来。再用这些黄芪水去煮粥
              
            
            
            
              除枸杞子之外，把洗干净的绿豆、莲子、薏米、扁豆、红枣和煮好的黄芪水都倒进煲锅里，用大火煮沸再小火煲50分钟。（直接按煲锅煲粥键也可以）
              
            
            
            
              粥快煮好前再放入枸杞子煮10分钟左右即可。
              
            
          </steps><tips/><tags>
        粥
        早餐
      </tags></item></page_detail></extraction>