<?xml version="1.0" encoding="UTF-8"?><extraction><clueid>99353858</clueid><fullpath><![CDATA[http://www.xiachufang.com/recipe/189052/]]></fullpath><realpath><![CDATA[http://www.xiachufang.com/recipe/189052/]]></realpath><theme>food_detail_page</theme><middle>规则_2</middle><createdate>2019-5-14 19:36:58</createdate><pageno>0</pageno><actionno></actionno><actionvalue></actionvalue><prestamp>DSEngine-+--+-0</prestamp><currentstamp>DSEngine-+-ds_browser_top-+-1557833818431</currentstamp><timestamp>1557833818431</timestamp><baseURI><bucketBaseURI><bucketName>page_detail</bucketName><uri><![CDATA[http://www.xiachufang.com/recipe/189052/]]></uri></bucketBaseURI></baseURI><customInfo><![CDATA[]]></customInfo><dsName>DSEngine</dsName><dsThread>datascraper_top</dsThread><version>80700</version>
<page_detail><item><foodname>
      薏米雪梨棒骨汤
    </foodname><score/><heat>21</heat><author>锦食堂</author><materials><item><mate>
                  

    棒骨

                </mate><quantity>
                    两根
                </quantity></item><item><mate>
                  

    雪梨

                </mate><quantity>
                    一个
                </quantity></item><item><mate>
                  

    薏米

                </mate><quantity>
                    一两
                </quantity></item><item><mate>
                  

    红枣

                </mate><quantity>
                    
                </quantity></item><item><mate>
                  

    枸杞

                </mate><quantity>
                    
                </quantity></item><item><mate>
                  

    姜片

                </mate><quantity>
                    若干
                </quantity></item></materials><steps>
            
            
              薏米浸泡两小时，雪梨去皮切块
            
            
            
              棒骨入滚水中煮，撇去浮沫血水，捞出洗净
            
            
            
              锅内重新放入水，放棒骨、姜片，大火煮沸后改小火煮两个小时
            
            
            
              加入薏米、雪梨、红枣、枸杞继续熬煮两小时
            
            
            
              熬至汤成乳白色，加盐调味即可
            
          </steps><tips/><tags>
        全部菜单
      </tags></item></page_detail></extraction>