<?xml version="1.0" encoding="UTF-8"?><extraction><clueid>99352577</clueid><fullpath><![CDATA[http://www.xiachufang.com/recipe/100370753/]]></fullpath><realpath><![CDATA[http://www.xiachufang.com/recipe/100370753/]]></realpath><theme>food_detail_page</theme><middle>规则_2</middle><createdate>2019-5-13 23:22:3</createdate><pageno>0</pageno><actionno></actionno><actionvalue></actionvalue><prestamp>DSEngine-+--+-0</prestamp><currentstamp>DSEngine-+-ds_browser_top-+-1557760923327</currentstamp><timestamp>1557760923327</timestamp><baseURI><bucketBaseURI><bucketName>page_detail</bucketName><uri><![CDATA[http://www.xiachufang.com/recipe/100370753/]]></uri></bucketBaseURI></baseURI><customInfo><![CDATA[]]></customInfo><dsName>DSEngine</dsName><dsThread>datascraper_top</dsThread><version>80700</version>
<page_detail><item><foodname>
      玉米炒肉末【超级下饭的快手家常菜】
      </foodname><score>8.1</score><heat>1996</heat><author>玉饔人Aka</author><materials><item><mate>
                  

    玉米

                </mate><quantity>
                    2个
                </quantity></item><item><mate>
                  

    番茄

                </mate><quantity>
                    半个到一个（随便啦）
                </quantity></item><item><mate>
                  

    肉末

                </mate><quantity>
                    肉多肉少随意。。
                </quantity></item><item><mate>
                  

    蒜

                </mate><quantity>
                    比平时炒菜多一点
                </quantity></item><item><mate>
                  

    葱

                </mate><quantity>
                    
                </quantity></item><item><mate>
                  

    生抽

                </mate><quantity>
                    两勺
                </quantity></item><item><mate>
                  

    盐

                </mate><quantity>
                    比平时炒菜多一点
                </quantity></item><item><mate>
                  

    味精

                </mate><quantity>
                    可放可不放
                </quantity></item></materials><steps>
            
            
              玉米：糯玉米最好，就是偏白色，不甜的那种肉末：肉有肥有瘦 五花最好
              
            
            
            
              番茄：汁水多的为佳
              
            
            
            
              蒜：一半切片，一片切末葱：切中长段姜：随便放不放
              
            
            
            
              玉米掰粒，番茄切块，肉剁肉末
              
            
            
            
              热锅冷油，下肉末炒至变色。（炒菜过程中没有时间拍图，怎么P都这样了，所以就不装逼了[捂脸]）
              
            
            
            
              将肉盛出来，接着炒玉米粒，炒到飘出香味，有些变色就好。
              
            
            
            
              重新起锅，倒油，下姜和蒜片（蒜末留着），然后把炒过的玉米和肉末重新下锅炒炒。接着倒入番茄块。炒两下就会看到番茄出颜色了，整个锅里的颜色有点番茄色就正好
              
            
            
            
              加生抽，加盐（盐可以比平时多放一点点，因为这道菜的特点就是咸香，但是别加过多了啊）到快起锅时再将葱和蒜末扔进去，翻两下就该起锅了。要加味精的就起锅前加一点。
              
            
            
            
              盛盘，如果没出错的话，尝一口就懂什么叫惊艳了。。。如此朴素的材料，科学完全无法解释。。
              
            
            
            
              拌饭超级香哦
              
            
          </steps><tips/><tags>
        快手菜
        下饭菜
        家常菜
      </tags></item></page_detail></extraction>