<?xml version="1.0" encoding="UTF-8"?><extraction><clueid>99352333</clueid><fullpath><![CDATA[http://www.xiachufang.com/recipe/35511/]]></fullpath><realpath><![CDATA[http://www.xiachufang.com/recipe/35511/]]></realpath><theme>food_detail_page</theme><middle>规则_2</middle><createdate>2019-5-13 22:37:34</createdate><pageno>0</pageno><actionno></actionno><actionvalue></actionvalue><prestamp>DSEngine-+--+-0</prestamp><currentstamp>DSEngine-+-ds_browser_top-+-1557758254818</currentstamp><timestamp>1557758254818</timestamp><baseURI><bucketBaseURI><bucketName>page_detail</bucketName><uri><![CDATA[http://www.xiachufang.com/recipe/35511/]]></uri></bucketBaseURI></baseURI><customInfo><![CDATA[]]></customInfo><dsName>DSEngine</dsName><dsThread>datascraper_top</dsThread><version>80700</version>
<page_detail><item><foodname>
      腊肠炒荷兰豆
    </foodname><score>7.9</score><heat>5402</heat><author>玉池桃红</author><materials><item><mate>
                  

    腊肠

                </mate><quantity>
                    100g
                </quantity></item><item><mate>
                  

    荷兰豆

                </mate><quantity>
                    200g
                </quantity></item><item><mate>
                  

    盐

                </mate><quantity>
                    
                </quantity></item><item><mate>
                  

    味精

                </mate><quantity>
                    
                </quantity></item></materials><steps>
            
            
              荷兰豆洗净择去两端的丝儿，腊肠切薄片
              
            
            
            
              锅中放入适量热水，水开后放入荷兰豆汆烫变色，马上捞起浸入冷水中2分钟沥水备用
              
            
            
            
              锅置火上，放入腊肠小火煎至透明，投入荷兰豆大火翻炒几下，加入盐、味精继续翻炒均匀，出锅盛盘即成
              
            
          </steps><tips>
          1、荷兰豆汆烫变色即可，千万不要过火，时间也就是几秒钟。
2、我用的腊肠肥肉较多，所以炒这道菜根本不用油。
3、喜欢荷兰豆的本味儿，就没放葱、姜、花椒，可加少许蒜片提香。
4、荷兰豆炒的时候也不要过火，荷兰豆才会脆嫩。
        </tips><tags>
        家常菜
        快手菜
        清淡
        素菜
        单身食谱
        腊肠炒荷兰豆
        腊肠荷兰豆
        荷兰豆炒腊肠
        炒荷兰豆
        荷兰豆
      </tags></item></page_detail></extraction>