<?xml version="1.0" encoding="UTF-8"?><extraction><clueid>99352560</clueid><fullpath><![CDATA[http://www.xiachufang.com/recipe/254423/]]></fullpath><realpath><![CDATA[http://www.xiachufang.com/recipe/254423/]]></realpath><theme>food_detail_page</theme><middle>规则_2</middle><createdate>2019-5-13 23:18:11</createdate><pageno>0</pageno><actionno></actionno><actionvalue></actionvalue><prestamp>DSEngine-+--+-0</prestamp><currentstamp>DSEngine-+-ds_browser_top-+-1557760691286</currentstamp><timestamp>1557760691286</timestamp><baseURI><bucketBaseURI><bucketName>page_detail</bucketName><uri><![CDATA[http://www.xiachufang.com/recipe/254423/]]></uri></bucketBaseURI></baseURI><customInfo><![CDATA[]]></customInfo><dsName>DSEngine</dsName><dsThread>datascraper_top</dsThread><version>80700</version>
<page_detail><item><foodname>
      紫薯银耳羹
    </foodname><score>7.9</score><heat>3600</heat><author>绿野仙踪olivia</author><materials><item><mate>
                  

    银耳

                </mate><quantity>
                </quantity></item><item><mate>
                  

    紫薯

                </mate><quantity>
                </quantity></item><item><mate>
                  

    葡萄干

                </mate><quantity>
                </quantity></item><item><mate>
                  

    冰糖

                </mate><quantity>
                </quantity></item></materials><steps>
            
            
              干银耳掰成小块放在温水中泡一晚，紫薯洗净去皮
              
            
            
            
              银耳撕成小朵，紫薯切成丁状，葡萄干洗净备用
              
            
            
            
              将银耳放在锅中大火煮开
              
            
            
            
              再放入紫薯丁、冰糖和葡萄干
              
            
            
            
              大火煮开
              
            
            
            
              转小火熬煮10分钟
              
            
            
            
              待紫薯银耳羹粘稠即可关火
              
            
            
            
              热食或自然冷却后再食用皆可
              
            
          </steps><tips>
          快手煮银耳：睡前将银耳放在温水中浸泡一晚，早上起来放在锅中煮开，加冰糖煮十分钟左右即可。
        </tips><tags>
        快手菜
        甜品
        粥
        宿舍
        紫薯银耳羹
        紫薯银耳莲子羹
        银耳羹
        紫薯银耳
        紫薯羹
      </tags></item></page_detail></extraction>