<?xml version="1.0" encoding="UTF-8"?><extraction><clueid>99353818</clueid><fullpath><![CDATA[http://www.xiachufang.com/recipe/181434/]]></fullpath><realpath><![CDATA[http://www.xiachufang.com/recipe/181434/]]></realpath><theme>food_detail_page</theme><middle>规则_2</middle><createdate>2019-5-14 19:0:58</createdate><pageno>0</pageno><actionno></actionno><actionvalue></actionvalue><prestamp>DSEngine-+--+-0</prestamp><currentstamp>DSEngine-+-ds_browser_top-+-1557831658423</currentstamp><timestamp>1557831658423</timestamp><baseURI><bucketBaseURI><bucketName>page_detail</bucketName><uri><![CDATA[http://www.xiachufang.com/recipe/181434/]]></uri></bucketBaseURI></baseURI><customInfo><![CDATA[]]></customInfo><dsName>DSEngine</dsName><dsThread>datascraper_top</dsThread><version>80700</version>
<page_detail><item><foodname>
      玉米胡萝卜猪蹄汤
    </foodname><score>7.8</score><heat>70</heat><author>小潺zh</author><materials><item><mate>
                  

    猪蹄

                </mate><quantity>
                </quantity></item><item><mate>
                  

    玉米

                </mate><quantity>
                </quantity></item><item><mate>
                  

    胡萝卜

                </mate><quantity>
                </quantity></item><item><mate>
                  

    新鲜莲子

                </mate><quantity>
                </quantity></item><item><mate>
                  

    生姜

                </mate><quantity>
                </quantity></item></materials><steps>
            
            
              猪蹄洗净剁大块淖掉血水
            
            
            
              玉米去皮洗净,剁小段,胡萝卜去皮切块，莲子去皮去芯，生姜去皮切片
            
            
            
              将所有材料放电砂锅里,加足水，两个小时之后就有汤喝啦
            
          </steps><tips/><tags/></item></page_detail></extraction>