<?xml version="1.0" encoding="UTF-8"?><extraction><clueid>99352663</clueid><fullpath><![CDATA[http://www.xiachufang.com/recipe/1001902/]]></fullpath><realpath><![CDATA[http://www.xiachufang.com/recipe/1001902/]]></realpath><theme>food_detail_page</theme><middle>规则_2</middle><createdate>2019-5-13 23:51:7</createdate><pageno>0</pageno><actionno></actionno><actionvalue></actionvalue><prestamp>DSEngine-+--+-0</prestamp><currentstamp>DSEngine-+-ds_browser_top-+-1557762667354</currentstamp><timestamp>1557762667354</timestamp><baseURI><bucketBaseURI><bucketName>page_detail</bucketName><uri><![CDATA[http://www.xiachufang.com/recipe/1001902/]]></uri></bucketBaseURI></baseURI><customInfo><![CDATA[]]></customInfo><dsName>DSEngine</dsName><dsThread>datascraper_top</dsThread><version>80700</version>
<page_detail><item><foodname>
      青椒炒香肠
      </foodname><score>7.7</score><heat>1727</heat><author>希洛大大大大人</author><materials><item><mate>
                  

    香肠

                </mate><quantity>
                </quantity></item><item><mate>
                  

    青椒

                </mate><quantity>
                </quantity></item><item><mate>
                  

    蒜末

                </mate><quantity>
                </quantity></item><item><mate>
                  

    姜末

                </mate><quantity>
                </quantity></item><item><mate>
                  

    盐

                </mate><quantity>
                </quantity></item><item><mate>
                  

    鸡精

                </mate><quantity>
                </quantity></item></materials><steps>
            
            
              香肠切片，青椒切条，姜蒜切末
            
            
            
              锅烧热不放油，直接放香肠，小火把香肠油煎出来一些。然后放水，姜末，水基本没到香肠，开始煮
            
            
            
              煮到收汁都差不多干了，把香肠扒到锅子的一边，然后放一点油烧热一点。下蒜末，闻到香味，把香肠扒下来一起炒
            
            
            
              下青椒，翻炒均匀了，青椒熟了，试试咸味不够加盐
            
            
            
              加一点儿鸡精或者味精
            
            
            
              完成
            
          </steps><tips>
          这个菜不是辣味儿主打，如果嗜辣，那么一开始弄完香肠了，弄点干辣椒或者辣椒粉，炸香了再开始香肠入锅一起炒，
        </tips><tags>
        家常菜
        快手菜
        辣
        青椒炒香肠
        炒香肠
        炒青椒
        香肠
        青椒
      </tags></item></page_detail></extraction>