<?xml version="1.0" encoding="UTF-8"?><extraction><clueid>99353036</clueid><fullpath><![CDATA[http://www.xiachufang.com/recipe/99659/]]></fullpath><realpath><![CDATA[http://www.xiachufang.com/recipe/99659/]]></realpath><theme>food_detail_page</theme><middle>规则_2</middle><createdate>2019-5-14 12:17:20</createdate><pageno>0</pageno><actionno></actionno><actionvalue></actionvalue><prestamp>DSEngine-+--+-0</prestamp><currentstamp>DSEngine-+-ds_browser_top-+-1557807440035</currentstamp><timestamp>1557807440035</timestamp><baseURI><bucketBaseURI><bucketName>page_detail</bucketName><uri><![CDATA[http://www.xiachufang.com/recipe/99659/]]></uri></bucketBaseURI></baseURI><customInfo><![CDATA[]]></customInfo><dsName>DSEngine</dsName><dsThread>datascraper_top</dsThread><version>80700</version>
<page_detail><item><foodname>
      西红柿鸡蛋疙瘩汤
    </foodname><score>8.0</score><heat>3576</heat><author>summer的家</author><materials><item><mate>
                  

    鸡蛋

                </mate><quantity>
                </quantity></item><item><mate>
                  

    西红柿

                </mate><quantity>
                </quantity></item><item><mate>
                  

    面粉

                </mate><quantity>
                </quantity></item><item><mate>
                  

    盐

                </mate><quantity>
                </quantity></item><item><mate>
                  

    香菜

                </mate><quantity>
                </quantity></item><item><mate>
                  

    葱

                </mate><quantity>
                </quantity></item><item><mate>
                  

    姜

                </mate><quantity>
                </quantity></item><item><mate>
                  

    食用油

                </mate><quantity>
                </quantity></item></materials><steps>
            
            
              取适量面粉放入盆中
              
            
            
            
              一边一点点加入水，一边用筷子不停搅拌，直至呈现出均匀的疙瘩状
              
            
            
            
              锅中放少许油，放入葱、姜炒香
              
            
            
            
              放入西红柿块炒至粘稠
              
            
            
            
              倒入适量清水。水沸后放入面疙瘩快速搅散
              
            
            
            
              煮至将熟放少许盐调味。一点点倒入鸡蛋液形成蛋花，撒上香菜末即可
              
            
          </steps><tips/><tags>
        面条
        面
        粥
        疙瘩汤
        疙瘩汤疙瘩
        南瓜疙瘩汤
        鸡蛋疙瘩汤
        白萝卜疙瘩汤
      </tags></item></page_detail></extraction>