<?xml version="1.0" encoding="UTF-8"?><extraction><clueid>99352601</clueid><fullpath><![CDATA[http://www.xiachufang.com/recipe/1001540/]]></fullpath><realpath><![CDATA[http://www.xiachufang.com/recipe/1001540/]]></realpath><theme>food_detail_page</theme><middle>规则_2</middle><createdate>2019-5-13 23:39:33</createdate><pageno>0</pageno><actionno></actionno><actionvalue></actionvalue><prestamp>DSEngine-+--+-0</prestamp><currentstamp>DSEngine-+-ds_browser_top-+-1557761973051</currentstamp><timestamp>1557761973051</timestamp><baseURI><bucketBaseURI><bucketName>page_detail</bucketName><uri><![CDATA[http://www.xiachufang.com/recipe/1001540/]]></uri></bucketBaseURI></baseURI><customInfo><![CDATA[]]></customInfo><dsName>DSEngine</dsName><dsThread>datascraper_top</dsThread><version>80700</version>
<page_detail><item><foodname>
      清炒小白菜
      </foodname><score>7.3</score><heat>2520</heat><author>Pan小月</author><materials><item><mate>
                  

    小白菜

                </mate><quantity>
                    
                </quantity></item><item><mate>
                  

    蒜

                </mate><quantity>
                    也可以不用
                </quantity></item><item><mate>
                  

    盐

                </mate><quantity>
                    
                </quantity></item><item><mate>
                  

    味精

                </mate><quantity>
                    
                </quantity></item></materials><steps>
            
            
              锅烧热后，倒油，晃动锅子使油均匀布满锅内壁
            
            
            
              蒜粒切一下，炒出香味
            
            
            
              小白菜切段，大火快炒
            
            
            
              撒盐，放一点点味精调味
            
          </steps><tips/><tags>
        家常菜
        快手菜
        素菜
        清淡
        清炒小白菜
        小白菜
        炒小白菜
        小白菜炒肉丝
        小白菜炒香菇
      </tags></item></page_detail></extraction>