<?xml version="1.0" encoding="UTF-8"?><extraction><clueid>99353882</clueid><fullpath><![CDATA[http://www.xiachufang.com/recipe/253689/]]></fullpath><realpath><![CDATA[http://www.xiachufang.com/recipe/253689/]]></realpath><theme>food_detail_page</theme><middle>规则_2</middle><createdate>2019-5-14 19:46:23</createdate><pageno>0</pageno><actionno></actionno><actionvalue></actionvalue><prestamp>DSEngine-+--+-0</prestamp><currentstamp>DSEngine-+-ds_browser_top-+-1557834383679</currentstamp><timestamp>1557834383679</timestamp><baseURI><bucketBaseURI><bucketName>page_detail</bucketName><uri><![CDATA[http://www.xiachufang.com/recipe/253689/]]></uri></bucketBaseURI></baseURI><customInfo><![CDATA[]]></customInfo><dsName>DSEngine</dsName><dsThread>datascraper_top</dsThread><version>80700</version>
<page_detail><item><foodname>
      川贝蒸雪梨
    </foodname><score/><heat>32</heat><author>月满西楼528</author><materials><item><mate>
                  

    川贝

                </mate><quantity>
                </quantity></item><item><mate>
                  

    雪梨

                </mate><quantity>
                </quantity></item><item><mate>
                  

    冰糖

                </mate><quantity>
                </quantity></item></materials><steps>
            
            
              川贝用擀面杖碾成粉（这事是我父亲做的，还细心的装进玻璃瓶子里，贴上标签）雪梨洗净、去皮，在顶部1/4处切开；用小刀或勺子，把核挖出，成为一个梨盅
              
            
            
            
              放入5克川贝粉，撒上适量冰糖
              
            
            
            
              盖好盖子，用牙签固定，放到碗里
              
            
            
            
              蒸锅水烧开，放入装着川贝雪梨的碗，中火蒸30分钟。稍晾凉，即可食用
              
            
          </steps><tips>
          功效：止咳润肺。
        </tips><tags>
        蒸
        川贝蒸雪梨
        川贝雪梨
        川贝冰糖雪梨
        川贝冰糖炖雪梨
        川贝炖雪梨
      </tags></item></page_detail></extraction>