<?xml version="1.0" encoding="UTF-8"?><extraction><clueid>99353387</clueid><fullpath><![CDATA[http://www.xiachufang.com/recipe/196981/]]></fullpath><realpath><![CDATA[http://www.xiachufang.com/recipe/196981/]]></realpath><theme>food_detail_page</theme><middle>规则_2</middle><createdate>2019-5-14 15:24:41</createdate><pageno>0</pageno><actionno></actionno><actionvalue></actionvalue><prestamp>DSEngine-+--+-0</prestamp><currentstamp>DSEngine-+-ds_browser_top-+-1557818681048</currentstamp><timestamp>1557818681048</timestamp><baseURI><bucketBaseURI><bucketName>page_detail</bucketName><uri><![CDATA[http://www.xiachufang.com/recipe/196981/]]></uri></bucketBaseURI></baseURI><customInfo><![CDATA[]]></customInfo><dsName>DSEngine</dsName><dsThread>datascraper_top</dsThread><version>80700</version>
<page_detail><item><foodname>
      清火莴苣
    </foodname><score/><heat>0</heat><author>快乐芹菜</author><materials><item><mate>
                  

    莴苣

                </mate><quantity>
                    三根
                </quantity></item><item><mate>
                  

    香葱

                </mate><quantity>
                    
                </quantity></item><item><mate>
                  

    盐

                </mate><quantity>
                    
                </quantity></item><item><mate>
                  

    辣椒

                </mate><quantity>
                    
                </quantity></item></materials><steps>
            
            
              食材三根莴苣，香葱五根
            
            
            
              先把莴苣刨皮，切丝放盐腌渍十五分钟
            
            
            
              香葱切粒辣椒切粒放碗里
            
            
            
              起油锅油热后倒入香葱碗里
            
            
            
              把莴苣里的水倒掉，莴苣倒入香葱碗里
            
          </steps><tips/><tags/></item></page_detail></extraction>