<?xml version="1.0" encoding="UTF-8"?><extraction><clueid>99353724</clueid><fullpath><![CDATA[http://www.xiachufang.com/recipe/86035/]]></fullpath><realpath><![CDATA[http://www.xiachufang.com/recipe/86035/]]></realpath><theme>food_detail_page</theme><middle>规则_2</middle><createdate>2019-5-14 16:19:30</createdate><pageno>0</pageno><actionno></actionno><actionvalue></actionvalue><prestamp>DSEngine-+--+-0</prestamp><currentstamp>DSEngine-+-ds_browser_top-+-1557821970006</currentstamp><timestamp>1557821970006</timestamp><baseURI><bucketBaseURI><bucketName>page_detail</bucketName><uri><![CDATA[http://www.xiachufang.com/recipe/86035/]]></uri></bucketBaseURI></baseURI><customInfo><![CDATA[]]></customInfo><dsName>DSEngine</dsName><dsThread>datascraper_top</dsThread><version>80700</version>
<page_detail><item><foodname>
      川贝雪梨盅
    </foodname><score>8.1</score><heat>411</heat><author>依然七月</author><materials><item><mate>
                  

    川贝

                </mate><quantity>
                </quantity></item><item><mate>
                  

    雪梨

                </mate><quantity>
                </quantity></item><item><mate>
                  

    冰糖

                </mate><quantity>
                </quantity></item></materials><steps>
            
            
              雪梨洗净，切开一块，将核挖出
            
            
            
              在梨中放入8－10粒川贝和适量冰糖
            
            
            
              把切下的梨盖好，放在蒸锅中，蒸30分钟即可
            
          </steps><tips>
          雪梨：生津润燥、清热化痰之功效，特别适合秋天食用。
川贝：味苦、甘，入肺、心经，化痰止咳、清热散结。
冰糖：冰糖养阴生津，润肺止咳，对肺燥咳嗽效果好。
        </tips><tags>
        全部菜单
      </tags></item></page_detail></extraction>