<?xml version="1.0" encoding="UTF-8"?><extraction><clueid>99352210</clueid><fullpath><![CDATA[http://www.xiachufang.com/recipe/100352761/]]></fullpath><realpath><![CDATA[http://www.xiachufang.com/recipe/100352761/]]></realpath><theme>food_detail_page</theme><middle>规则_2</middle><createdate>2019-5-13 21:52:7</createdate><pageno>0</pageno><actionno></actionno><actionvalue></actionvalue><prestamp>DSEngine-+--+-0</prestamp><currentstamp>DSEngine-+-ds_browser_top-+-1557755527719</currentstamp><timestamp>1557755527719</timestamp><baseURI><bucketBaseURI><bucketName>page_detail</bucketName><uri><![CDATA[http://www.xiachufang.com/recipe/100352761/]]></uri></bucketBaseURI></baseURI><customInfo><![CDATA[]]></customInfo><dsName>DSEngine</dsName><dsThread>datascraper_top</dsThread><version>80700</version>
<page_detail><item><foodname>
      鱼香肉丝
    </foodname><score>8.4</score><heat>27453</heat><author>奚姥姥</author><materials><item><mate>
                  

    瘦肉

                </mate><quantity>
                    250克
                </quantity></item><item><mate>
                  

    黑木耳

                </mate><quantity>
                    50克
                </quantity></item><item><mate>
                  

    胡萝卜

                </mate><quantity>
                    50克
                </quantity></item><item><mate>
                  

    靑椒

                </mate><quantity>
                    40克
                </quantity></item><item><mate>
                  

    豆瓣酱

                </mate><quantity>
                    20克
                </quantity></item><item><mate>
                  

    白糖

                </mate><quantity>
                    20克
                </quantity></item><item><mate>
                  

    醋

                </mate><quantity>
                    20克
                </quantity></item><item><mate>
                  

    酱油

                </mate><quantity>
                    15克
                </quantity></item><item><mate>
                  

    料酒

                </mate><quantity>
                    15克
                </quantity></item><item><mate>
                  

    盐

                </mate><quantity>
                    1克，浆肉时用
                </quantity></item><item><mate>
                  

    水淀粉

                </mate><quantity>
                    10克
                </quantity></item><item><mate>
                  

    清水

                </mate><quantity>
                    20克
                </quantity></item><item><mate>
                  

    葱姜蒜末

                </mate><quantity>
                    见图
                </quantity></item></materials><steps>
            
            
              胡萝卜切丝，青椒洗净去蒂切丝，木耳撕成小块备用。
              
            
            
            
              瘦肉洗净切丝，并用盐，胡椒粉，料酒，蛋清，和淀粉上浆腌制10分钟。
              
            
            
            
              豆瓣酱一勺，葱姜蒜切末。
              
            
            
            
              取小碗，用白糖，香醋，料酒，盐，酱油，少量清水，水淀粉兑成一个芡汁。因为豆瓣酱很盐，口不重的就别放盐了！
              
            
            
            
              坐锅倒油，把浆好的肉下锅划散，炒到肉丝变白色移至盘中待用！
              
            
            
            
              原锅放少许油，胡罗卜不太容易就要先炒两下，再扒到一边，入豆瓣酱炒香出红油！
              
            
            
            
              下葱姜蒜沫和其他配料一起炒熟！
              
            
            
            
              下肉丝一起翻炒均匀！
              
            
            
            
              最后一步倒入兑好的小碗汁炒均匀，出锅！
              
            
            
            
              鱼香肉丝就完成了(^ω^)
              
            
          </steps><tips>
          做这道菜的肉丝一定要竖切，顺着肉的纹路切，肉丝切好了也美观不少。还有不少童鞋问到精确调味汁的问题：我做菜都是凭感觉加料，为此专门买了厨房称量了一下：白糖20克，米醋20克，料酒15克，酱油15克，豆瓣酱20克，水淀粉10克，清水20克，这是我平常所用的量，（我每次做的量都比较大，通常用肉在半斤以上，加配料基本都是盘子冒尖，如果主配料量不大，那么调料也需要减量的，千万不要一层不变！(以上是做菜谱二十天后的纠正)仅供参考！！！
        </tips><tags>
        鱼香
        宿舍
        家常菜
        下饭菜
        鱼香肉丝
        东北鱼香肉丝
        鱼香肉丝盖饭
        重庆鱼香肉丝
        川味鱼香肉丝
      </tags></item></page_detail></extraction>