<?xml version="1.0" encoding="UTF-8"?><extraction><clueid>99353224</clueid><fullpath><![CDATA[http://www.xiachufang.com/recipe/100035377/]]></fullpath><realpath><![CDATA[http://www.xiachufang.com/recipe/100035377/]]></realpath><theme>food_detail_page</theme><middle>规则_2</middle><createdate>2019-5-14 14:54:11</createdate><pageno>0</pageno><actionno></actionno><actionvalue></actionvalue><prestamp>DSEngine-+--+-0</prestamp><currentstamp>DSEngine-+-ds_browser_top-+-1557816851897</currentstamp><timestamp>1557816851897</timestamp><baseURI><bucketBaseURI><bucketName>page_detail</bucketName><uri><![CDATA[http://www.xiachufang.com/recipe/100035377/]]></uri></bucketBaseURI></baseURI><customInfo><![CDATA[]]></customInfo><dsName>DSEngine</dsName><dsThread>datascraper_top</dsThread><version>80700</version>
<page_detail><item><foodname>
      红烧猪蹄君&amp;黄豆（秋冬滋补圣品）
    </foodname><score>8.4</score><heat>27</heat><author>大章鱼_</author><materials><item><mate>
                  

    猪蹄

                </mate><quantity>
                    两个
                </quantity></item><item><mate>
                  

    黄豆

                </mate><quantity>
                    三两
                </quantity></item><item><mate>
                  

    糖

                </mate><quantity>
                    三勺
                </quantity></item><item><mate>
                  

    盐

                </mate><quantity>
                    适量
                </quantity></item><item><mate>
                  

    酱油

                </mate><quantity>
                    一小勺
                </quantity></item><item><mate>
                  

    油

                </mate><quantity>
                    适量不要太多
                </quantity></item><item><mate>
                  

    姜

                </mate><quantity>
                    三片
                </quantity></item><item><mate>
                  

    八角

                </mate><quantity>
                    两个
                </quantity></item><item><mate>
                  

    葱

                </mate><quantity>
                    两根
                </quantity></item></materials><steps>
            
            
              泡黄豆3小时至黄豆变大
              
            
            
            
              清洗猪脚
              
            
            
            
              放入葱姜（一根/片），料酒入锅，猪蹄冷水下锅焯水，水开后两分钟捞出
              
            
            
            
              猪蹄冷水冲洗，这一步是为了冲洗浮沫，同时也是为了让猪蹄更加紧致。
              
            
            
            
              热锅冷油，炒糖色，炒到糖变成焦糖色，火不要太大，否则会把糖炒苦。
              
            
            
            
              下猪蹄，炒到糖色均匀的裹在上面后，放料酒，酱油，葱姜，八角。
              
            
            
            
              把泡好的黄豆沥水后，加入里面一起煸炒一下即可。
              
            
            
            
              加入刚刚没过猪蹄的热水，上高压锅大概三十分钟即可。（如果是普通锅的话，大概大火烧开小火慢炖两个半小时左右。）
              
            
            
            
              最后调味加盐就好了，再焖煮十分钟即可。
              
            
            
            
              最后附上一个配料图（供大家参考）没有放桂皮，一般别人都会放，不过桂皮过量使用会致癌——桂皮香气浓郁,但用量太多,香味过重,反而会影响菜肴本身的味道。（一般人我不告诉他哦 嘿嘿 ）
              
            
          </steps><tips>
          如果不会炒糖色也可以直接做下一步，只是这样就要炒的时候放点糖，不要太多只要少量起到调味即可。
煮猪脚得时候是加热水哦，这样可以方便炖烂，不然可能会炖不烂哦。
桂皮过量使用会致癌——桂皮香气浓郁,但用量太多,香味过重,反而会影响菜肴本身的味道。
        </tips><tags>
        家常菜
        红烧
      </tags></item></page_detail></extraction>