<?xml version="1.0" encoding="UTF-8"?><extraction><clueid>99352243</clueid><fullpath><![CDATA[http://www.xiachufang.com/recipe/128555/]]></fullpath><realpath><![CDATA[http://www.xiachufang.com/recipe/128555/]]></realpath><theme>food_detail_page</theme><middle>规则_2</middle><createdate>2019-5-13 21:59:54</createdate><pageno>0</pageno><actionno></actionno><actionvalue></actionvalue><prestamp>DSEngine-+--+-0</prestamp><currentstamp>DSEngine-+-ds_browser_top-+-1557755994611</currentstamp><timestamp>1557755994611</timestamp><baseURI><bucketBaseURI><bucketName>page_detail</bucketName><uri><![CDATA[http://www.xiachufang.com/recipe/128555/]]></uri></bucketBaseURI></baseURI><customInfo><![CDATA[]]></customInfo><dsName>DSEngine</dsName><dsThread>datascraper_top</dsThread><version>80700</version>
<page_detail><item><foodname>
      醋溜白菜
    </foodname><score>7.6</score><heat>10479</heat><author>桃园</author><materials><item><mate>
                  

    白菜

                </mate><quantity>
                    适量
                </quantity></item><item><mate>
                  

    盐

                </mate><quantity>
                    
                </quantity></item><item><mate>
                  

    葱

                </mate><quantity>
                    
                </quantity></item><item><mate>
                  

    姜

                </mate><quantity>
                    
                </quantity></item><item><mate>
                  

    蒜

                </mate><quantity>
                    
                </quantity></item><item><mate>
                  

    生抽

                </mate><quantity>
                    一汤勺
                </quantity></item><item><mate>
                  

    海鲜酱油

                </mate><quantity>
                    一汤勺
                </quantity></item><item><mate>
                  

    白糖

                </mate><quantity>
                    一茶勺
                </quantity></item><item><mate>
                  

    陈醋

                </mate><quantity>
                    两汤勺,或白醋
                </quantity></item><item><mate>
                  

    水淀粉

                </mate><quantity>
                    适量
                </quantity></item><item><mate>
                  

    香油

                </mate><quantity>
                    少许（或麻油）
                </quantity></item></materials><steps>
            
            
              白菜洗净，打斜刀片成薄片
              
            
            
            
              葱姜蒜切末，蒜要多切些，一半用来爆锅，一半用来调汁
              
            
            
            
              取一碗，加入醋、糖、一，两种酱油、盐、一半蒜末，调匀
              
            
            
            
              起热锅入油，三成热时下葱姜蒜末爆香，下白菜片翻炒到稍软，倒入调汁继续翻炒至白菜6、7成熟，加水淀粉勾薄芡，淋香油即可
              
            
          </steps><tips>
          口感爽脆，开胃下饭。
        </tips><tags>
        家常菜
        素菜
        宿舍
        单身食谱
        醋溜白菜
        醋溜
        醋溜白菜片
        醋溜白菜丝
        醋溜白菜木耳
      </tags></item></page_detail></extraction>