<?xml version="1.0" encoding="UTF-8"?><extraction><clueid>99353596</clueid><fullpath><![CDATA[http://www.xiachufang.com/recipe/103077461/]]></fullpath><realpath><![CDATA[http://www.xiachufang.com/recipe/103077461/]]></realpath><theme>food_detail_page</theme><middle>规则_2</middle><createdate>2019-5-14 15:56:41</createdate><pageno>0</pageno><actionno></actionno><actionvalue></actionvalue><prestamp>DSEngine-+--+-0</prestamp><currentstamp>DSEngine-+-ds_browser_top-+-1557820601226</currentstamp><timestamp>1557820601226</timestamp><baseURI><bucketBaseURI><bucketName>page_detail</bucketName><uri><![CDATA[http://www.xiachufang.com/recipe/103077461/]]></uri></bucketBaseURI></baseURI><customInfo><![CDATA[]]></customInfo><dsName>DSEngine</dsName><dsThread>datascraper_top</dsThread><version>80700</version>
<page_detail><item><foodname>
      大人小孩都爱喝——滋阴清热的石斛麦冬汤
    </foodname><score/><heat>0</heat><author>铭妈汤料</author><materials><item><mate>
                  

    石斛

                </mate><quantity>
                    5克
                </quantity></item><item><mate>
                  

    麦冬

                </mate><quantity>
                    3克
                </quantity></item><item><mate>
                  

    枸杞子

                </mate><quantity>
                    5克
                </quantity></item><item><mate>
                  

    无花果

                </mate><quantity>
                    4-5粒
                </quantity></item><item><mate>
                  

    瘦肉

                </mate><quantity>
                    适量
                </quantity></item></materials><steps>
            
            
              瘦肉洗净飞水，其余材料洗净备用
              
            
            
            
              全部材料入炖盅，加适量清水，隔水炖1.5小时即可。
              
            
            
            
              无花果煲汤有清甜味，不加盐也可以，孩子们都爱喝的汤
              
            
          </steps><tips>
          若用新鲜石斛，用量就是干石斛的2倍石斛益胃生津，滋阴清热;麦冬养阴生津，润肺清心女;枸杞子清肝明目。合而为汤，对小儿病热后余热未清，目赤肿痛、咽干喉痛、虚火烦躁、便秘等均匀帮助。大人病后也可用此汤作调理，用量各样加多些少。
        </tips><tags>
        儿童
      </tags></item></page_detail></extraction>