<?xml version="1.0" encoding="UTF-8"?><extraction><clueid>99353259</clueid><fullpath><![CDATA[http://www.xiachufang.com/recipe/100295035/]]></fullpath><realpath><![CDATA[http://www.xiachufang.com/recipe/100295035/]]></realpath><theme>food_detail_page</theme><middle>规则_2</middle><createdate>2019-5-14 15:0:55</createdate><pageno>0</pageno><actionno></actionno><actionvalue></actionvalue><prestamp>DSEngine-+--+-0</prestamp><currentstamp>DSEngine-+-ds_browser_top-+-1557817255413</currentstamp><timestamp>1557817255413</timestamp><baseURI><bucketBaseURI><bucketName>page_detail</bucketName><uri><![CDATA[http://www.xiachufang.com/recipe/100295035/]]></uri></bucketBaseURI></baseURI><customInfo><![CDATA[]]></customInfo><dsName>DSEngine</dsName><dsThread>datascraper_top</dsThread><version>80700</version>
<page_detail><item><foodname>
      基础红糖枸杞银耳羹
      </foodname><score/><heat>9</heat><author>路卿卿</author><materials><item><mate>
                  

    银耳

                </mate><quantity>
                    2朵
                </quantity></item><item><mate>
                  

    枸杞

                </mate><quantity>
                    适量
                </quantity></item><item><mate>
                  

    水

                </mate><quantity>
                    1.5L
                </quantity></item><item><mate>
                  

    红糖

                </mate><quantity>
                    适量
                </quantity></item></materials><steps>
            
            
              预先用冷水将银耳泡发洗净，去除底端的黄色硬质芥蒂。
            
            
            
              将泡发完成的银耳掰成一小朵一小朵（尽量碎一些）。
            
            
            
              将银耳碎放入电饭煲中，加入1.5L水，盖上盖子，使用粥/汤档，开始加热。
            
            
            
              煮沸后放入适量红糖，稍微搅拌均匀，转保温档，继续焖煮半小时即可出胶。枸杞在完成前10分钟左右放入即可。
            
          </steps><tips>
          重点就是将泡发好的银耳掰碎再煮，就很容易煮的浓稠了。ps，如果这样都不行，就是银耳本身品质不过关，无论怎样煮都不会出胶了。
        </tips><tags>
        甜品
      </tags></item></page_detail></extraction>