<?xml version="1.0" encoding="UTF-8"?><extraction><clueid>99352619</clueid><fullpath><![CDATA[http://www.xiachufang.com/recipe/102182292/]]></fullpath><realpath><![CDATA[http://www.xiachufang.com/recipe/102182292/]]></realpath><theme>food_detail_page</theme><middle>规则_2</middle><createdate>2019-5-13 23:41:57</createdate><pageno>0</pageno><actionno></actionno><actionvalue></actionvalue><prestamp>DSEngine-+--+-0</prestamp><currentstamp>DSEngine-+-ds_browser_top-+-1557762117272</currentstamp><timestamp>1557762117272</timestamp><baseURI><bucketBaseURI><bucketName>page_detail</bucketName><uri><![CDATA[http://www.xiachufang.com/recipe/102182292/]]></uri></bucketBaseURI></baseURI><customInfo><![CDATA[]]></customInfo><dsName>DSEngine</dsName><dsThread>datascraper_top</dsThread><version>80700</version>
<page_detail><item><foodname>
      葱爆虾仁
      </foodname><score>8.5</score><heat>1178</heat><author>E路拾缘</author><materials><item><mate>
                  

    虾仁

                </mate><quantity>
                    300g
                </quantity></item><item><mate>
                  

    小葱

                </mate><quantity>
                    3条
                </quantity></item><item><mate>
                  

    姜末

                </mate><quantity>
                    2g
                </quantity></item><item><mate>
                  

    蒜末

                </mate><quantity>
                    5g
                </quantity></item><item><mate/><quantity>
                </quantity></item><item><mate>
                  

    盐

                </mate><quantity>
                    1g
                </quantity></item><item><mate>
                  

    糖

                </mate><quantity>
                    1g
                </quantity></item><item><mate>
                  

    花雕酒/料酒

                </mate><quantity>
                    5g
                </quantity></item><item><mate>
                  

    淀粉

                </mate><quantity>
                    2g
                </quantity></item><item><mate>
                  

    清水

                </mate><quantity>
                    30g
                </quantity></item></materials><steps>
            
            
              新鲜虾仁300g，加用盐3g和淀粉10g反复轻轻揉搓，搓掉虾仁表面黏液后马上用清水冲洗干净。沥干水份后再重新加入盐1g和淀粉2g腌制5分钟。
              
            
            
            
              小葱切段，姜蒜切末。
              
            
            
            
              盐1g，糖1g，花雕酒5g，淀粉2g，清水30g调成“酱汁”备用。
              
            
            
            
              炒锅烧热，加入食用油1汤匙（约10g）。把腌好的虾仁像这样平铺在锅内煎。
              
            
            
            
              两面煎至虾仁变色即可放入姜末和一半分量的蒜末。注:煎至变色（约7分熟）。
              
            
            
            
              炒出姜蒜的香味。
              
            
            
            
              淋入调好的“酱汁”。
              
            
            
            
              大火煮滚酱汁。注:此时不要一直搅拌，芡汁会变浊。
              
            
            
            
              待芡汁变浓稠明亮后，放入葱段和另一半的蒜末。
              
            
            
            
              翻炒均匀即可出锅装盘。
              
            
            
            
              成品色泽红亮，芡汁均匀包裹住虾仁。虾的香气和葱香，蒜香融为一体，十分开胃。
              
            
          </steps><tips>
          1，新鲜虾仁，要用盐和淀粉反复轻轻揉搓，洗掉虾仁表面的黏液和血污，再用清水冲洗干净。这样炒出的虾仁才鲜甜，脆口。2，调味汁中盐和糖的比例是1:1，这可是海鲜料理好吃的调味诀窍。糖不仅能让调味更融合，也能提出虾仁的鲜甜滋味。3，留一半的蒜末出锅前才放，这样蒜香能将虾仁鲜香的味道顶上来，让香气更加浓郁。
        </tips><tags>
        年夜饭
        快手菜
        家常菜
        下饭菜
        小清新
        宴客
        葱爆虾仁
        虾仁
        葱爆牛肉
        葱爆大虾
      </tags></item></page_detail></extraction>