<?xml version="1.0" encoding="UTF-8"?><extraction><clueid>99353627</clueid><fullpath><![CDATA[http://www.xiachufang.com/recipe/102216219/]]></fullpath><realpath><![CDATA[http://www.xiachufang.com/recipe/102216219/]]></realpath><theme>food_detail_page</theme><middle>规则_2</middle><createdate>2019-5-14 16:1:32</createdate><pageno>0</pageno><actionno></actionno><actionvalue></actionvalue><prestamp>DSEngine-+--+-0</prestamp><currentstamp>DSEngine-+-ds_browser_top-+-1557820892127</currentstamp><timestamp>1557820892127</timestamp><baseURI><bucketBaseURI><bucketName>page_detail</bucketName><uri><![CDATA[http://www.xiachufang.com/recipe/102216219/]]></uri></bucketBaseURI></baseURI><customInfo><![CDATA[]]></customInfo><dsName>DSEngine</dsName><dsThread>datascraper_top</dsThread><version>80700</version>
<page_detail><item><foodname>
      茅根竹蔗马蹄胡萝卜汤_清热滋润
      </foodname><score/><heat>1</heat><author>Yinges</author><materials><item><mate>
                  

    茅根

                </mate><quantity>
                    一小扎
                </quantity></item><item><mate>
                  

    胡萝卜

                </mate><quantity>
                    一根
                </quantity></item><item><mate>
                  

    马蹄

                </mate><quantity>
                    六个
                </quantity></item><item><mate>
                  

    竹蔗

                </mate><quantity>
                    2-3小节
                </quantity></item><item><mate>
                  

    猪骨

                </mate><quantity>
                    半斤
                </quantity></item><item><mate>
                  

    油、盐

                </mate><quantity>
                    适量
                </quantity></item></materials><steps>
            
            
              洗干净、切好全部材料～胡萝卜和马蹄直接去皮切块；茅根我们市场是这样一小扎一小扎卖的，直接洗干净即可，两人一小扎就可以了；水开后，猪骨下锅飞血泡后，捞起待用。
              
            
            
            
              竹蔗去皮后，可以像这样砍成小块，煲汤时会比较清甜。
              
            
            
            
              全部材料放进锅里，加6小碗水，电子锅煲2小时，汤快好时加适量的油和盐就可以了。我家的电子锅煲好汤不会少水，因此喝多少下多少碗水，用煤气炉煲汤的亲可以适量加多点水，大火水开后5分钟，转小火再煲30分钟左右即可了，喜欢味道浓点的可以再煲久一点。
              
            
          </steps><tips/><tags/></item></page_detail></extraction>