<?xml version="1.0" encoding="UTF-8"?><extraction><clueid>99353098</clueid><fullpath><![CDATA[http://www.xiachufang.com/recipe/1048649/]]></fullpath><realpath><![CDATA[http://www.xiachufang.com/recipe/1048649/]]></realpath><theme>food_detail_page</theme><middle>规则_2</middle><createdate>2019-5-14 13:4:25</createdate><pageno>0</pageno><actionno></actionno><actionvalue></actionvalue><prestamp>DSEngine-+--+-0</prestamp><currentstamp>DSEngine-+-ds_browser_top-+-1557810265092</currentstamp><timestamp>1557810265092</timestamp><baseURI><bucketBaseURI><bucketName>page_detail</bucketName><uri><![CDATA[http://www.xiachufang.com/recipe/1048649/]]></uri></bucketBaseURI></baseURI><customInfo><![CDATA[]]></customInfo><dsName>DSEngine</dsName><dsThread>datascraper_top</dsThread><version>80700</version>
<page_detail><item><foodname>
      满记甜品之椰浆西米露
      </foodname><score>7.3</score><heat>94</heat><author>小羽私厨</author><materials><item><mate>
                  

    椰浆粉

                </mate><quantity>
                </quantity></item><item><mate>
                  

    西米

                </mate><quantity>
                </quantity></item><item><mate>
                  

    奶粉

                </mate><quantity>
                </quantity></item><item><mate>
                  

    炼乳

                </mate><quantity>
                </quantity></item><item><mate>
                  

    砂糖

                </mate><quantity>
                </quantity></item></materials><steps>
            
            
              水烧开后，下西米，水再次开后关火盖盖闷20分钟左右。
            
            
            
              20分钟后，添些凉水，再次煮开至只有一点点小白芯即刻。
            
            
            
              煮好的西米滤掉水后备用。
            
            
            
              另烧一锅开水，将椰浆粉和奶粉按照2：1的比例冲调开。
            
            
            
              加入之前煮好的西米、砂糖、炼乳调味。
            
            
            
              晾凉后入冰箱冷藏。
            
          </steps><tips>
          1、西米不要提前泡，水开之后直接丢进去，再开之后马上关火闷上一会儿，再煮2-3分钟就剩一点点白芯了，此时关火正好，滤过水的西米就是透明状了。这样煮省时省火，最方便。
2、可以用听装椰浆和牛奶冲调椰汁。用椰浆粉和奶粉是因为二者方便保存。
3、加炼乳可以提香。
        </tips><tags>
        甜品
        饮品
        下午茶
        满记
      </tags></item></page_detail></extraction>