<?xml version="1.0" encoding="UTF-8"?><extraction><clueid>99352545</clueid><fullpath><![CDATA[http://www.xiachufang.com/recipe/1039740/]]></fullpath><realpath><![CDATA[http://www.xiachufang.com/recipe/1039740/]]></realpath><theme>food_detail_page</theme><middle>规则_2</middle><createdate>2019-5-13 23:15:13</createdate><pageno>0</pageno><actionno></actionno><actionvalue></actionvalue><prestamp>DSEngine-+--+-0</prestamp><currentstamp>DSEngine-+-ds_browser_top-+-1557760513524</currentstamp><timestamp>1557760513524</timestamp><baseURI><bucketBaseURI><bucketName>page_detail</bucketName><uri><![CDATA[http://www.xiachufang.com/recipe/1039740/]]></uri></bucketBaseURI></baseURI><customInfo><![CDATA[]]></customInfo><dsName>DSEngine</dsName><dsThread>datascraper_top</dsThread><version>80700</version>
<page_detail><item><foodname>
      清炒芦笋虾仁
      </foodname><score>7.8</score><heat>3645</heat><author>水十九</author><materials><item><mate>
                  

    芦笋

                </mate><quantity>
                    半斤
                </quantity></item><item><mate>
                  

    鲜虾

                </mate><quantity>
                    20只左右
                </quantity></item><item><mate>
                  

    油

                </mate><quantity>
                    适量
                </quantity></item><item><mate>
                  

    盐

                </mate><quantity>
                    一小勺
                </quantity></item><item><mate>
                  

    料酒

                </mate><quantity>
                    少许
                </quantity></item></materials><steps>
            
            
              鲜虾开背去虾线，剥壳成虾仁，加半勺盐、料酒腌制片刻
            
            
            
              芦笋用刨子削去下半段的硬表皮（上半较嫩的部分不用削），斜切成段
            
            
            
              起油锅，大火烧热，丢芦笋，丢虾仁（一起丢进去问题也不大），炒至虾仁变红，加一勺盐，再炒一会儿，炒匀即可出锅
            
          </steps><tips/><tags>
        清淡
        快手菜
        清炒芦笋虾仁
        芦笋虾仁
        清炒芦笋
        芦笋炒虾仁
        芦笋
      </tags></item></page_detail></extraction>