<?xml version="1.0" encoding="UTF-8"?><extraction><clueid>99353892</clueid><fullpath><![CDATA[http://www.xiachufang.com/recipe/100124718/]]></fullpath><realpath><![CDATA[http://www.xiachufang.com/recipe/100124718/]]></realpath><theme>food_detail_page</theme><middle>规则_2</middle><createdate>2019-5-14 20:0:57</createdate><pageno>0</pageno><actionno></actionno><actionvalue></actionvalue><prestamp>DSEngine-+--+-0</prestamp><currentstamp>DSEngine-+-ds_browser_top-+-1557835257282</currentstamp><timestamp>1557835257282</timestamp><baseURI><bucketBaseURI><bucketName>page_detail</bucketName><uri><![CDATA[http://www.xiachufang.com/recipe/100124718/]]></uri></bucketBaseURI></baseURI><customInfo><![CDATA[]]></customInfo><dsName>DSEngine</dsName><dsThread>datascraper_top</dsThread><version>80700</version>
<page_detail><item><foodname>
      莲藕排骨汤－滋补
      </foodname><score/><heat>13</heat><author>陈兮兮儿</author><materials><item><mate>
                  

    党参

                </mate><quantity>
                    一根长约10厘米的
                </quantity></item><item><mate>
                  

    枸杞

                </mate><quantity>
                    8、9粒
                </quantity></item><item><mate>
                  

    红枣

                </mate><quantity>
                    4个
                </quantity></item><item><mate>
                  

    红莲子

                </mate><quantity>
                    6、7个
                </quantity></item><item><mate>
                  

    胡萝卜

                </mate><quantity>
                    半根
                </quantity></item><item><mate>
                  

    莲藕

                </mate><quantity>
                    约400g（大概买一小节就好）
                </quantity></item><item><mate>
                  

    淮山

                </mate><quantity>
                    约230g（就是一小节就好）
                </quantity></item><item><mate>
                  

    姜片

                </mate><quantity>
                    适量
                </quantity></item><item><mate>
                  

    筒骨

                </mate><quantity>
                    500g左右（一根筒骨就差不多了）
                </quantity></item><item><mate>
                  

    排骨

                </mate><quantity>
                    买的筒骨如果比较小，会加入一根排骨，这样多点肉香味）
                </quantity></item></materials><steps>
            
            
              把筒骨洗干净，用清水泡一会，去血水。个人现在不喜欢把它们飞水，因为飞过沸水出来的骨头煲汤就没那么香甜了。。
            
            
            
              将所有药材放在碗里过水洗干净，姜片去皮，切片，备用
            
            
            
              胡萝卜滚刀切，这样不易煮烂，吃起来的口感也很清甜
              
            
            
            
              莲藕滚刀切，切大块都是为了口感！↖(^ω^)↗
              
            
            
            
              淮山也是切块，注意都是要切大块的哦！
              
            
            
            
              把莲藕、萝卜什么的全部都先放进高压锅，最后才铺上筒骨，然后加水刚好没过筒骨，不必全部覆盖筒骨，水太多喝起来就很淡~
            
            
            
              我家的高压锅只要25分钟就好了。用砂锅什么的就要大火烧开，中火炖40分钟这样。【当然切记用砂锅炖汤，怕上火就别炖太久哦，老火靓汤都是比较上火的呢~】
            
            
            
              好了出锅！！！非常好喝！！记得加盐~~~%&gt;_&lt;%
              
            
            
            
              更多美食关注搜索公众号：【陈兮兮儿】简介：一个不正经的美食博主，偶尔唠嗑爱美这件小事。
              
            
          </steps><tips>
          1.将材料切大块，一切都是为了口感！！！滚刀切就对了!
2.药材不要贪多，按照菜谱的量就差不多了，毕竟不是以药材为主的汤，物极必反，一切点到即止呀哈哈【这词语是用在这里吗？】
3.菜谱中的量，2个人可以喝2顿！
4.莲藕、胡萝卜、淮山的比列都是1:1：1，可以适当增加一点~不过口感当然都会不一样~亲们自由选择哈~~【整得跟淘宝卖家似的这样好吗？】\(≧▽≦)/~

其他暂时没想到，祝大家喝汤愉快么么哒~
        </tips><tags>
        家常菜
      </tags></item></page_detail></extraction>