<?xml version="1.0" encoding="UTF-8"?><extraction><clueid>99353953</clueid><fullpath><![CDATA[http://www.xiachufang.com/recipe/1006933/]]></fullpath><realpath><![CDATA[http://www.xiachufang.com/recipe/1006933/]]></realpath><theme>food_detail_page</theme><middle>规则_2</middle><createdate>2019-5-14 20:50:24</createdate><pageno>0</pageno><actionno></actionno><actionvalue></actionvalue><prestamp>DSEngine-+--+-0</prestamp><currentstamp>DSEngine-+-ds_browser_top-+-1557838224844</currentstamp><timestamp>1557838224844</timestamp><baseURI><bucketBaseURI><bucketName>page_detail</bucketName><uri><![CDATA[http://www.xiachufang.com/recipe/1006933/]]></uri></bucketBaseURI></baseURI><customInfo><![CDATA[]]></customInfo><dsName>DSEngine</dsName><dsThread>datascraper_top</dsThread><version>80700</version>
<page_detail><item><foodname>
      银耳秋梨羹
    </foodname><score/><heat>10</heat><author>悟饭</author><materials><item><mate>
                  

    雪花梨

                </mate><quantity>
                    1、2只
                </quantity></item><item><mate>
                  

    银耳

                </mate><quantity>
                    3朵
                </quantity></item><item><mate>
                  

    金桔桔皮

                </mate><quantity>
                    1只，撕成小片
                </quantity></item><item><mate>
                  

    冰糖

                </mate><quantity>
                    约10-15块
                </quantity></item></materials><steps>
            
            
              银耳泡发，去蒂，洗净
            
            
            
              雪梨1、2只，洗净，切块
            
            
            
              小金桔洗净，桔皮撕成小块备用
            
            
            
              冰糖10几颗
            
            
            
              锅中倒入水，下银耳、梨同煮，加冰糖，盖严烧开后，转小火煮1个半至2小时，至银耳、雪梨烂熟、剔透、汤汁粘稠，下入桔皮煮5分钟即可
            
          </steps><tips>
          银耳很适宜秋季做甜羹食用，购买银耳选择颜色自然发黄的为宜；
食用时，要以温水泡发，1人吃的量，2朵就足够了，干货看着没什么分量，泡出来实则很大一份；
梨适宜选雪花梨等甜口梨，酸梨不搭。
        </tips><tags>
        全部菜单
      </tags></item></page_detail></extraction>