<?xml version="1.0" encoding="UTF-8"?><extraction><clueid>99352980</clueid><fullpath><![CDATA[http://www.xiachufang.com/recipe/1060676/]]></fullpath><realpath><![CDATA[http://www.xiachufang.com/recipe/1060676/]]></realpath><theme>food_detail_page</theme><middle>规则_2</middle><createdate>2019-5-14 11:51:3</createdate><pageno>0</pageno><actionno></actionno><actionvalue></actionvalue><prestamp>DSEngine-+--+-0</prestamp><currentstamp>DSEngine-+-ds_browser_top-+-1557805863342</currentstamp><timestamp>1557805863342</timestamp><baseURI><bucketBaseURI><bucketName>page_detail</bucketName><uri><![CDATA[http://www.xiachufang.com/recipe/1060676/]]></uri></bucketBaseURI></baseURI><customInfo><![CDATA[]]></customInfo><dsName>DSEngine</dsName><dsThread>datascraper_top</dsThread><version>80700</version>
<page_detail><item><foodname>
      减肥甩肉三明治
      </foodname><score>8.0</score><heat>143</heat><author>Vail_ep</author><materials><item><mate>
                  

    白煮蛋

                </mate><quantity>
                    1个
                </quantity></item><item><mate>
                  

    全麦面包

                </mate><quantity>
                    4片
                </quantity></item><item><mate>
                  

    番茄

                </mate><quantity>
                    1个
                </quantity></item><item><mate>
                  

    黄瓜

                </mate><quantity>
                    半根
                </quantity></item><item><mate>
                  

    牛奶

                </mate><quantity>
                    
                </quantity></item><item><mate>
                  

    黑胡椒粉

                </mate><quantity>
                    
                </quantity></item><item><mate>
                  

    盐

                </mate><quantity>
                    
                </quantity></item><item><mate>
                  

    橄榄油

                </mate><quantity>
                    
                </quantity></item></materials><steps>
            
            
              两个三明治的量，一餐一个。两个白煮蛋，四片全麦面包，一个番茄，半根黄瓜，橄榄油，盐，现磨胡椒，牛奶
              
            
            
            
              蛋白切碎，蛋黄用勺子捣碎
              
            
            
            
              加入半勺橄榄油，一勺牛奶，5g盐，与鸡蛋充分混合，胡椒可按照个人喜好酌量放（胡椒粉可以让人有满足感哦，不要拌的太湿以免面包变软
              
            
            
            
              黄瓜切片，番茄去芯
              
            
            
            
              蔬菜用厨房用纸吸干水份
              
            
            
            
              随便怎么摆！铺上鸡蛋碎
              
            
            
            
              完成啦~
              
            
          </steps><tips/><tags>
        减肥
        早餐
        三明治
        深夜食堂
      </tags></item></page_detail></extraction>