<?xml version="1.0" encoding="UTF-8"?><extraction><clueid>99353315</clueid><fullpath><![CDATA[http://www.xiachufang.com/recipe/102903491/]]></fullpath><realpath><![CDATA[http://www.xiachufang.com/recipe/102903491/]]></realpath><theme>food_detail_page</theme><middle>规则_2</middle><createdate>2019-5-14 15:10:36</createdate><pageno>0</pageno><actionno></actionno><actionvalue></actionvalue><prestamp>DSEngine-+--+-0</prestamp><currentstamp>DSEngine-+-ds_browser_top-+-1557817836993</currentstamp><timestamp>1557817836993</timestamp><baseURI><bucketBaseURI><bucketName>page_detail</bucketName><uri><![CDATA[http://www.xiachufang.com/recipe/102903491/]]></uri></bucketBaseURI></baseURI><customInfo><![CDATA[]]></customInfo><dsName>DSEngine</dsName><dsThread>datascraper_top</dsThread><version>80700</version>
<page_detail><item><foodname>
      【小森妈妈菜谱】滋补养颜枣杞翅头瘦肉汤
      </foodname><score>9.4</score><heat>14</heat><author>小森的妈妈</author><materials><item><mate>
                  

    翅头

                </mate><quantity>
                    3条
                </quantity></item><item><mate>
                  

    瘦肉

                </mate><quantity>
                    300克
                </quantity></item><item><mate>
                  

    红枣

                </mate><quantity>
                    4颗
                </quantity></item><item><mate>
                  

    枸杞

                </mate><quantity>
                    适量
                </quantity></item><item><mate>
                  

    姜片

                </mate><quantity>
                    适量
                </quantity></item><item><mate>
                  

    盐

                </mate><quantity>
                    适量
                </quantity></item></materials><steps>
            
            
              准备好所需的材料。
              
            
            
            
              翅头清洗干净，温水浸泡一会。
              
            
            
            
              翅头先焯水（加姜片辟腥）。
              
            
            
            
              瘦肉焯去血水备用（加姜片辟腥）。
              
            
            
            
              将翅头、瘦肉、红枣放入锅中，加入适量的水。
              
            
            
            
              开火煮起来！大火烧开后，转小火慢慢熬煮一个半小时。
              
            
            
            
              还差约5分钟煮好时，加入枸杞（枸杞不适宜久煮），再稍稍焖煮几分钟即可。
              
            
            
            
              汤在煲的过程中，已经闻到很诱人的香气了~
              
            
            
            
              饮用前加入适量的盐调味。
              
            
          </steps><tips>
          1、枸杞有滋肝补肾、益精明目的作用，但枸杞的烹饪时间不宜过长，应在炒菜或煲汤收尾时放入枸杞，这样可防止大量营养成分流失。2、红枣炖汤前去核不会那么容易上火。_______________________________________________喜欢养生的小女子，有兴趣可以交流。微信：eljewelry
        </tips><tags>
        年夜饭
        快手菜
      </tags></item></page_detail></extraction>