<?xml version="1.0" encoding="UTF-8"?><extraction><clueid>99352401</clueid><fullpath><![CDATA[http://www.xiachufang.com/recipe/100037152/]]></fullpath><realpath><![CDATA[http://www.xiachufang.com/recipe/100037152/]]></realpath><theme>food_detail_page</theme><middle>规则_2</middle><createdate>2019-5-13 22:50:17</createdate><pageno>0</pageno><actionno></actionno><actionvalue></actionvalue><prestamp>DSEngine-+--+-0</prestamp><currentstamp>DSEngine-+-ds_browser_top-+-1557759017079</currentstamp><timestamp>1557759017079</timestamp><baseURI><bucketBaseURI><bucketName>page_detail</bucketName><uri><![CDATA[http://www.xiachufang.com/recipe/100037152/]]></uri></bucketBaseURI></baseURI><customInfo><![CDATA[]]></customInfo><dsName>DSEngine</dsName><dsThread>datascraper_top</dsThread><version>80700</version>
<page_detail><item><foodname>
      好吃到爆火爆肥肠
      </foodname><score>8.3</score><heat>2763</heat><author>好吃至欢的苹果耗子</author><materials><item><mate>
                  

    肥肠一根

                </mate><quantity>
                    半斤
                </quantity></item><item><mate>
                  

    青花椒

                </mate><quantity>
                    少许
                </quantity></item><item><mate>
                  

    青椒

                </mate><quantity>
                    四根
                </quantity></item><item><mate>
                  

    蒜瓣

                </mate><quantity>
                    
                </quantity></item><item><mate>
                  

    老姜

                </mate><quantity>
                    几片
                </quantity></item><item><mate>
                  

    大葱

                </mate><quantity>
                    
                </quantity></item><item><mate>
                  

    白酒

                </mate><quantity>
                    
                </quantity></item><item><mate>
                  

    糖

                </mate><quantity>
                    适量
                </quantity></item><item><mate>
                  

    酱油

                </mate><quantity>
                    
                </quantity></item><item><mate>
                  

    豆瓣酱

                </mate><quantity>
                    
                </quantity></item><item><mate>
                  

    孜然

                </mate><quantity>
                    
                </quantity></item><item><mate>
                  

    干辣椒

                </mate><quantity>
                    
                </quantity></item></materials><steps>
            
            
              锅中盛满清水，水中放入适量白酒和酱油和少许青花椒，将肥肠放入水中煮半个小时，直到用一根筷子可以戳穿肥肠为止。
              
            
            
            
              煮好的肥肠切成一圈一圈的小段，补充两个作料：孜然粉和干辣椒。
              
            
            
            
              锅中热油，放入青花椒、豆瓣酱、蒜片、姜片、大葱炒香。
              
            
            
            
              放入肥肠，大火爆炒直至肥肠呈金黄色，在爆炒的过程中放入少许白糖和酱油。
              
            
            
            
              调至小火，放入适量孜然粉和干辣椒继续翻炒 ，直至肥肠表皮有些许焦脆感，香味扑鼻。
              
            
            
            
              放入青椒段，再翻炒片刻即可。
              
            
            
            
              欢迎各位厨友扫码或在微信中查找关注苹果耗子的公众号：好吃至欢。
              
            
          </steps><tips>
          如有疑问，请咨询苹果耗子QQ478047339，微信apple-rat，公众号：好吃至欢
        </tips><tags>
        家常菜
        火爆肥肠
        火爆腰花
        火爆猪肝
        肥肠
        火爆大头菜
      </tags></item></page_detail></extraction>