<?xml version="1.0" encoding="UTF-8"?><extraction><clueid>99352688</clueid><fullpath><![CDATA[http://www.xiachufang.com/recipe/102171093/]]></fullpath><realpath><![CDATA[http://www.xiachufang.com/recipe/102171093/]]></realpath><theme>food_detail_page</theme><middle>规则_2</middle><createdate>2019-5-13 23:55:7</createdate><pageno>0</pageno><actionno></actionno><actionvalue></actionvalue><prestamp>DSEngine-+--+-0</prestamp><currentstamp>DSEngine-+-ds_browser_top-+-1557762907263</currentstamp><timestamp>1557762907263</timestamp><baseURI><bucketBaseURI><bucketName>page_detail</bucketName><uri><![CDATA[http://www.xiachufang.com/recipe/102171093/]]></uri></bucketBaseURI></baseURI><customInfo><![CDATA[]]></customInfo><dsName>DSEngine</dsName><dsThread>datascraper_top</dsThread><version>80700</version>
<page_detail><item><foodname>
      岩烧乳酪
      </foodname><score>8.0</score><heat>1435</heat><author>非非2015</author><materials><item><mate>
                  

    土司片

                </mate><quantity>
                    5片
                </quantity></item><item><mate>
                  

    芝士片

                </mate><quantity>
                    3片
                </quantity></item><item><mate>
                  

    黄油

                </mate><quantity>
                    50克
                </quantity></item><item><mate>
                  

    牛奶

                </mate><quantity>
                    5克
                </quantity></item><item><mate>
                  

    淡奶油

                </mate><quantity>
                    50克
                </quantity></item><item><mate>
                  

    糖

                </mate><quantity>
                    35克
                </quantity></item><item><mate>
                  

    蜂蜜

                </mate><quantity>
                    15克
                </quantity></item><item><mate>
                  

    杏仁片

                </mate><quantity>
                    适量
                </quantity></item></materials><steps>
            
            
              土司切片，芝士片我用的是安佳的
              
            
            
            
              黄油芝士片加糖化成液体，我是直接融化的，没有隔水，隔水很难化开！可以用微波炉或者电磁炉都可以！
              
            
            
            
              加牛奶，蜂蜜和淡奶油搅拌，淡奶油是要冷藏拿出来的。
              
            
            
            
              搅拌到如图，浓稠，完全冷却！
              
            
            
            
              均匀的涂抹在土司片上，芝士糊要冷却变厚才可以抹上去，只涂一面就够了！
              
            
            
            
              撒上杏仁片！
              
            
            
            
              烤箱预热10分钟   上下火170/130烤25分钟，具体看表面的焦点，喜欢焦一点延长时间，嫩一点减少时间！
              
            
            
            
              出炉了，响飘满屋！
              
            
          </steps><tips>
          烤箱温度下火可以低点，上火高点，具体温度以自己烤箱的温度为准！可以加我微信ZRX19891127
        </tips><tags>
        家常菜
        早餐
        快手菜
        岩烧乳酪
        枫糖岩烧蛋糕
        乳酪
        乳酪面包
        乳酪戚风蛋糕
      </tags></item></page_detail></extraction>