<?xml version="1.0" encoding="UTF-8"?><extraction><clueid>99352371</clueid><fullpath><![CDATA[http://www.xiachufang.com/recipe/100418446/]]></fullpath><realpath><![CDATA[http://www.xiachufang.com/recipe/100418446/]]></realpath><theme>food_detail_page</theme><middle>规则_2</middle><createdate>2019-5-13 22:45:3</createdate><pageno>0</pageno><actionno></actionno><actionvalue></actionvalue><prestamp>DSEngine-+--+-0</prestamp><currentstamp>DSEngine-+-ds_browser_top-+-1557758703459</currentstamp><timestamp>1557758703459</timestamp><baseURI><bucketBaseURI><bucketName>page_detail</bucketName><uri><![CDATA[http://www.xiachufang.com/recipe/100418446/]]></uri></bucketBaseURI></baseURI><customInfo><![CDATA[]]></customInfo><dsName>DSEngine</dsName><dsThread>datascraper_top</dsThread><version>80700</version>
<page_detail><item><foodname>
      蒜蓉粉丝娃娃菜
      </foodname><score>8.4</score><heat>2693</heat><author>呤儿</author><materials><item><mate/><quantity>
                </quantity></item><item><mate>
                  

    娃娃菜

                </mate><quantity>
                    1～2棵
                </quantity></item><item><mate>
                  

    粉丝

                </mate><quantity>
                    1小把
                </quantity></item><item><mate>
                  

    大蒜

                </mate><quantity>
                    1头
                </quantity></item><item><mate>
                  

    盐

                </mate><quantity>
                    1克
                </quantity></item><item><mate>
                  

    鸡粉

                </mate><quantity>
                    1克
                </quantity></item><item><mate/><quantity>
                </quantity></item><item><mate>
                  

    生抽

                </mate><quantity>
                    3大勺
                </quantity></item><item><mate>
                  

    蚝油

                </mate><quantity>
                    1大勺
                </quantity></item><item><mate>
                  

    白糖

                </mate><quantity>
                    1/2勺
                </quantity></item><item><mate>
                  

    清水

                </mate><quantity>
                    1大勺
                </quantity></item><item><mate>
                  

    红、绿椒碎

                </mate><quantity>
                    随意
                </quantity></item></materials><steps>
            
            
              将大蒜切成碎末，放入滤网用凉水冲掉粘液，冷油下锅，先用稍大点的火煸炒去掉大量水分，再改小火慢慢炒成金色；
            
            
            
              可以多放些油，煸完蒜末泌出油可以另作他用；盛出炒好的金蒜，调入适量盐和鸡粉，拌匀后备用；蒜油很香，可以用来拌凉菜或调蘸料；
              
            
            
            
              将粉丝放入盆中，倒入沸水，大约半分钟粉丝变软即可捞起，沥干水分后，倒入适量蒜油拌松散备用；顺手扯短一点，吃起来方便；
            
            
            
              把娃娃菜冲洗干净沥干，先对半切开，再改切成6～8瓣，切开的娃娃菜根部呈三角形，叶片就不会散开了；
            
            
            
              把娃娃菜放入沸水中焯烫，数到十马上捞出，这样不会破坏爽脆感；接着摆盘，每瓣菜间隔中填上蒜末，中心铺上粉丝，开水入锅蒸5分钟；
            
            
            
              利用这个时间，把所有调料兑入小碗调成碗汁，炒锅倒少许蒜油加热，煸一下辣椒碎，倒入碗汁煮沸；取出蒸锅里的娃娃菜，均匀地浇上汁即可。
            
          </steps><tips>
          这是参照《幸福辞典——完美料理》节目里瀚文的做法，他用的是2/3金蒜+1/3生蒜，而我把蒜末全部炸成金蒜了，这才是我可以接受的蒜味，好香！娃娃菜是从国外引进的一个蔬菜品种，吃口比白菜甜且嫩；市场上有娃娃菜与白菜心混淆的现象，在此提供判断真假娃娃菜的四个要素供参考：A、娃娃菜形状上下匀称，白菜心形状底宽顶尖；B、娃娃菜颜色整体嫩黄，白菜心颜色绿中带白；C、娃娃菜叶片经络平直，白菜心叶片类似网状；D、娃娃菜手感比较紧实，白菜心手感比较松软；做这道家常菜的关键调料是蒜末，经过冲凉水、炸金蒜的处理，做出来的娃娃菜鲜香爽脆无蒜臭，既下饭又营养。
        </tips><tags>
        家常菜
        下饭菜
        蒜蓉粉丝娃娃菜
        蒜蓉粉丝蒸娃娃菜
        蒜蓉娃娃菜
        娃娃菜粉丝
        粉丝娃娃菜
      </tags></item></page_detail></extraction>