<?xml version="1.0" encoding="UTF-8"?><extraction><clueid>99353694</clueid><fullpath><![CDATA[http://www.xiachufang.com/recipe/259286/]]></fullpath><realpath><![CDATA[http://www.xiachufang.com/recipe/259286/]]></realpath><theme>food_detail_page</theme><middle>规则_2</middle><createdate>2019-5-14 16:12:10</createdate><pageno>0</pageno><actionno></actionno><actionvalue></actionvalue><prestamp>DSEngine-+--+-0</prestamp><currentstamp>DSEngine-+-ds_browser_top-+-1557821530136</currentstamp><timestamp>1557821530136</timestamp><baseURI><bucketBaseURI><bucketName>page_detail</bucketName><uri><![CDATA[http://www.xiachufang.com/recipe/259286/]]></uri></bucketBaseURI></baseURI><customInfo><![CDATA[]]></customInfo><dsName>DSEngine</dsName><dsThread>datascraper_top</dsThread><version>80700</version>
<page_detail><item><foodname>
      冰糖银耳红枣汤
    </foodname><score>8.2</score><heat>3481</heat><author>幸福-Apple</author><materials><item><mate>
                  

    干银耳

                </mate><quantity>
                    
                </quantity></item><item><mate>
                  

    红枣

                </mate><quantity>
                    
                </quantity></item><item><mate>
                  

    冰糖

                </mate><quantity>
                    
                </quantity></item><item><mate>
                  

    蜜枣

                </mate><quantity>
                    少量（可省略）
                </quantity></item></materials><steps>
            
            
              将银耳用温水充分泡发，洗去泥沙，摘除硬蒂部分
            
            
            
              将银耳撕成小朵，反复清洗后，沥干水份；红枣洗净，备用
            
            
            
              锅内一次性加足清水，放入银耳
            
            
            
              大火煮开后，用文火煮1小时
            
            
            
              加入红枣、蜜枣，再继续煮2小时至银耳软滑起胶质
            
            
            
              下冰糖调味，搅拌到溶化即可关火食用
            
          </steps><tips>
          1、常服银耳汤，还可起到嫩肤、祛斑、美白、美容的效果。
2、炎炎夏日，建议入冰箱中冰镇后饮用，口感更佳。
        </tips><tags>
        全部菜单
      </tags></item></page_detail></extraction>