<?xml version="1.0" encoding="UTF-8"?><extraction><clueid>99353483</clueid><fullpath><![CDATA[http://www.xiachufang.com/recipe/103750889/]]></fullpath><realpath><![CDATA[http://www.xiachufang.com/recipe/103750889/]]></realpath><theme>food_detail_page</theme><middle>规则_2</middle><createdate>2019-5-14 15:39:36</createdate><pageno>0</pageno><actionno></actionno><actionvalue></actionvalue><prestamp>DSEngine-+--+-0</prestamp><currentstamp>DSEngine-+-ds_browser_top-+-1557819576419</currentstamp><timestamp>1557819576419</timestamp><baseURI><bucketBaseURI><bucketName>page_detail</bucketName><uri><![CDATA[http://www.xiachufang.com/recipe/103750889/]]></uri></bucketBaseURI></baseURI><customInfo><![CDATA[]]></customInfo><dsName>DSEngine</dsName><dsThread>datascraper_top</dsThread><version>80700</version>
<page_detail><item><foodname>
      清火润肺水
    </foodname><score/><heat>0</heat><author>雨齐_1lp7</author><materials><item><mate>
                  

    玉竹

                </mate><quantity>
                    3片
                </quantity></item><item><mate>
                  

    干芦根

                </mate><quantity>
                    5节
                </quantity></item><item><mate>
                  

    新鲜山楂

                </mate><quantity>
                    4个
                </quantity></item><item><mate>
                  

    甘草

                </mate><quantity>
                    2大片
                </quantity></item><item><mate>
                  

    黄芪

                </mate><quantity>
                    5小片
                </quantity></item></materials><steps>
            
            
              干玉竹洗净
              
            
            
            
              新鲜芦根或者芦根干4-5小节，洗净
              
            
            
            
              甘草我是长条形的2大片，圆形的话估计4-5片，
              
            
            
            
              鲜鲜山楂4-5个，切开去籽和顶部
              
            
            
            
              黄芪5片，洗净
              
            
            
            
              将所有洗净的材料放在锅里，加入水浸泡半小时，（为了将干的材料泡发一些，便于炖出来），开始大火煮沸后小火再熬一会儿，看着汤水出色，或者山楂红色变淡了即可，也可以煮沸后装入保温杯捂着，慢慢喝，喝完可以续水。
            
          </steps><tips>
          由于加了甘草和山楂，是的口感有点甘甜，这些材料在一起也可以互补，不至于太寒，味道还不错奥！
        </tips><tags/></item></page_detail></extraction>