<?xml version="1.0" encoding="UTF-8"?><extraction><clueid>99352683</clueid><fullpath><![CDATA[http://www.xiachufang.com/recipe/100216833/]]></fullpath><realpath><![CDATA[http://www.xiachufang.com/recipe/100216833/]]></realpath><theme>food_detail_page</theme><middle>规则_2</middle><createdate>2019-5-13 23:53:41</createdate><pageno>0</pageno><actionno></actionno><actionvalue></actionvalue><prestamp>DSEngine-+--+-0</prestamp><currentstamp>DSEngine-+-ds_browser_top-+-1557762821291</currentstamp><timestamp>1557762821291</timestamp><baseURI><bucketBaseURI><bucketName>page_detail</bucketName><uri><![CDATA[http://www.xiachufang.com/recipe/100216833/]]></uri></bucketBaseURI></baseURI><customInfo><![CDATA[]]></customInfo><dsName>DSEngine</dsName><dsThread>datascraper_top</dsThread><version>80700</version>
<page_detail><item><foodname>
      肉末豆腐~无敌下饭菜
      </foodname><score>7.5</score><heat>1037</heat><author>馨C</author><materials><item><mate>
                  

    嫩豆腐

                </mate><quantity>
                    一盒
                </quantity></item><item><mate>
                  

    肉

                </mate><quantity>
                    适量
                </quantity></item><item><mate>
                  

    青椒

                </mate><quantity>
                    适量
                </quantity></item><item><mate>
                  

    葱

                </mate><quantity>
                    适量
                </quantity></item><item><mate>
                  

    酱油

                </mate><quantity>
                    
                </quantity></item><item><mate>
                  

    糖

                </mate><quantity>
                    
                </quantity></item><item><mate>
                  

    姜

                </mate><quantity>
                    少量
                </quantity></item></materials><steps>
            
            
              豆腐切块，青椒，葱切末，姜切末
              
            
            
            
              调制酱汁，酱油三勺，水2/3碗，糖适量，搅匀。切肉末，放姜末，盐，搅匀，放置十分钟。
            
            
            
              起锅，倒油，翻炒肉末和青椒末（时间很短，迅速捞出）
            
            
            
              倒油，放入豆腐，中火稍微煎一会
              
            
            
            
              倒入步骤2 的酱汁，再加半碗水。
            
            
            
              水开后，倒入之前的肉末和青椒末，还有葱花，焖煮半分钟（不要用锅铲翻动豆腐，会碎哦~）最后装盘，OK~
              
            
          </steps><tips>
          喜欢甜的朋友，可以多加一点糖哦~~
        </tips><tags>
        快手菜
        下饭菜
        宿舍
        肉末豆腐
        肉末蒸豆腐
        番茄肉末豆腐
        肉末焖豆腐
        肉末烧豆腐
      </tags></item></page_detail></extraction>