<?xml version="1.0" encoding="UTF-8"?><extraction><clueid>99353326</clueid><fullpath><![CDATA[http://www.xiachufang.com/recipe/100595632/]]></fullpath><realpath><![CDATA[http://www.xiachufang.com/recipe/100595632/]]></realpath><theme>food_detail_page</theme><middle>规则_2</middle><createdate>2019-5-14 15:13:35</createdate><pageno>0</pageno><actionno></actionno><actionvalue></actionvalue><prestamp>DSEngine-+--+-0</prestamp><currentstamp>DSEngine-+-ds_browser_top-+-1557818015095</currentstamp><timestamp>1557818015095</timestamp><baseURI><bucketBaseURI><bucketName>page_detail</bucketName><uri><![CDATA[http://www.xiachufang.com/recipe/100595632/]]></uri></bucketBaseURI></baseURI><customInfo><![CDATA[]]></customInfo><dsName>DSEngine</dsName><dsThread>datascraper_top</dsThread><version>80700</version>
<page_detail><item><foodname>
      水煮兔肉
      </foodname><score/><heat>13</heat><author>度度度的私房菜</author><materials><item><mate>
                  

    兔肉

                </mate><quantity>
                    一斤
                </quantity></item><item><mate>
                  

    豆瓣酱

                </mate><quantity>
                    两勺
                </quantity></item><item><mate>
                  

    蚝油

                </mate><quantity>
                    一勺
                </quantity></item><item><mate>
                  

    盐

                </mate><quantity>
                    半勺
                </quantity></item><item><mate>
                  

    生抽

                </mate><quantity>
                    两勺
                </quantity></item><item><mate>
                  

    糖

                </mate><quantity>
                    一勺
                </quantity></item><item><mate>
                  

    辣椒粉

                </mate><quantity>
                    三勺
                </quantity></item><item><mate>
                  

    花椒油

                </mate><quantity>
                    两勺
                </quantity></item><item><mate>
                  

    蒜

                </mate><quantity>
                    三瓣
                </quantity></item><item><mate>
                  

    姜

                </mate><quantity>
                    一块
                </quantity></item><item><mate>
                  

    葱

                </mate><quantity>
                    一棵
                </quantity></item></materials><steps>
            
            
              兔肉切块，洗净。备用。姜切片，蒜拍碎，葱切段，备用。
              
            
            
            
              炒锅坐火，放油，放葱姜蒜，炒出香味，然后放豆瓣酱，小火炒香，然后加一碗半水。放蚝油，盐，生抽，糖。
              
            
            
            
              烧开后直接放入兔肉。大火煮三分钟。
              
            
            
            
              盛出，在兔肉上放花椒油，辣椒粉，小葱。
              
            
            
            
              烧一勺热油，浇在辣椒粉上。
              
            
            
            
              OK
              
            
          </steps><tips>
          水煮兔肉的话没必要关小火放兔肉，直接大火全部倒进去就行了。
        </tips><tags>
        快手菜
        家常菜
        下饭菜
        减肥
      </tags></item></page_detail></extraction>