<?xml version="1.0" encoding="UTF-8"?><extraction><clueid>99352991</clueid><fullpath><![CDATA[http://www.xiachufang.com/recipe/1011516/]]></fullpath><realpath><![CDATA[http://www.xiachufang.com/recipe/1011516/]]></realpath><theme>food_detail_page</theme><middle>规则_2</middle><createdate>2019-5-14 11:59:43</createdate><pageno>0</pageno><actionno></actionno><actionvalue></actionvalue><prestamp>DSEngine-+--+-0</prestamp><currentstamp>DSEngine-+-ds_browser_top-+-1557806383103</currentstamp><timestamp>1557806383103</timestamp><baseURI><bucketBaseURI><bucketName>page_detail</bucketName><uri><![CDATA[http://www.xiachufang.com/recipe/1011516/]]></uri></bucketBaseURI></baseURI><customInfo><![CDATA[]]></customInfo><dsName>DSEngine</dsName><dsThread>datascraper_top</dsThread><version>80700</version>
<page_detail><item><foodname>
      山药木耳炒青椒
      </foodname><score>7.4</score><heat>329</heat><author>晴天小超人</author><materials><item><mate>
                  

    山药

                </mate><quantity>
                </quantity></item><item><mate>
                  

    黑木耳

                </mate><quantity>
                </quantity></item><item><mate>
                  

    青椒

                </mate><quantity>
                </quantity></item><item><mate>
                  

    盐，鸡精

                </mate><quantity>
                </quantity></item></materials><steps>
            
            
              黑木耳用温水泡开，洗净，去头
            
            
            
              山药去皮，洗净后切块
            
            
            
              青椒洗净去籽，切片
            
            
            
              锅内油烧热，下青椒片炒香，下泡发好的木耳和山药，不停翻炒，待木耳发出噼叭声，加入盐和鸡精，翻炒一会，即可
            
          </steps><tips>
          我比较喜欢吃脆的山药，如果喜欢吃绵软的，就多炒一会，待山药变软就好了。
        </tips><tags>
        快手菜
        减肥
        家常菜
        素菜
      </tags></item></page_detail></extraction>