<?xml version="1.0" encoding="UTF-8"?><extraction><clueid>99353469</clueid><fullpath><![CDATA[http://www.xiachufang.com/recipe/103024516/]]></fullpath><realpath><![CDATA[http://www.xiachufang.com/recipe/103024516/]]></realpath><theme>food_detail_page</theme><middle>规则_2</middle><createdate>2019-5-14 15:36:5</createdate><pageno>0</pageno><actionno></actionno><actionvalue></actionvalue><prestamp>DSEngine-+--+-0</prestamp><currentstamp>DSEngine-+-ds_browser_top-+-1557819365696</currentstamp><timestamp>1557819365696</timestamp><baseURI><bucketBaseURI><bucketName>page_detail</bucketName><uri><![CDATA[http://www.xiachufang.com/recipe/103024516/]]></uri></bucketBaseURI></baseURI><customInfo><![CDATA[]]></customInfo><dsName>DSEngine</dsName><dsThread>datascraper_top</dsThread><version>80700</version>
<page_detail><item><foodname>
      清热消暑薄荷粥
      </foodname><score/><heat>3</heat><author>CHERRY蕾</author><materials><item><mate>
                  

    薄荷

                </mate><quantity>
                    适量
                </quantity></item><item><mate>
                  

    米

                </mate><quantity>
                    适量
                </quantity></item></materials><steps>
            
            
              薄荷疯长，利用起来，摘几头洗净，切碎备用
              
            
            
            
              熬粥就跟平常一样，熬好把备用的薄荷碎倒入即可，薄荷不宜放多，多了反之有股刺鼻味，适量即可，这样有股淡淡的薄荷清香味很赞的，天然喝一碗开胃消暑
              
            
          </steps><tips>
          薄荷量不宜放多，适量即可
        </tips><tags>
        粥
      </tags></item></page_detail></extraction>