<?xml version="1.0" encoding="UTF-8"?><extraction><clueid>99352859</clueid><fullpath><![CDATA[http://www.xiachufang.com/recipe/259667/]]></fullpath><realpath><![CDATA[http://www.xiachufang.com/recipe/259667/]]></realpath><theme>food_detail_page</theme><middle>规则_2</middle><createdate>2019-5-14 10:25:45</createdate><pageno>0</pageno><actionno></actionno><actionvalue></actionvalue><prestamp>DSEngine-+--+-0</prestamp><currentstamp>DSEngine-+-ds_browser_top-+-1557800745951</currentstamp><timestamp>1557800745951</timestamp><baseURI><bucketBaseURI><bucketName>page_detail</bucketName><uri><![CDATA[http://www.xiachufang.com/recipe/259667/]]></uri></bucketBaseURI></baseURI><customInfo><![CDATA[]]></customInfo><dsName>DSEngine</dsName><dsThread>datascraper_top</dsThread><version>80700</version>
<page_detail><item><foodname>
      海带冬瓜排骨汤
    </foodname><score>8.0</score><heat>447</heat><author>鸟儿的清丽食界</author><materials><item><mate>
                  

    排骨

                </mate><quantity>
                    400克
                </quantity></item><item><mate>
                  

    海带

                </mate><quantity>
                    1根
                </quantity></item><item><mate>
                  

    冬瓜

                </mate><quantity>
                    一小块
                </quantity></item><item><mate>
                  

    蒜

                </mate><quantity>
                    7-8瓣
                </quantity></item><item><mate>
                  

    大葱

                </mate><quantity>
                    5克
                </quantity></item><item><mate>
                  

    姜

                </mate><quantity>
                    5克
                </quantity></item><item><mate>
                  

    花椒

                </mate><quantity>
                    十几粒
                </quantity></item></materials><steps>
            
            
              将锅洗净，加入半锅温水和排骨
              
            
            
            
              加入姜片和葱段、花椒粒，大火烧开转小火煨制
              
            
            
            
              将海带提前1-2小时泡软身，洗净后切成粗条或方块
              
            
            
            
              冬瓜去皮洗净切小块
              
            
            
            
              汤煨制半小时左右放入海带
              
            
            
            
              再煨20分钟左右加入冬瓜、蒜粒和盐，大约20分钟至冬瓜熟制后加入鸡精即可关火
              
            
          </steps><tips>
          煲汤的水一定要一次加够，汤在煲的过程中水分会有一定损耗，所以要预留出水损耗的量。万一汤汁少了，要加也只能加热水或开水，不要加冷水。排骨冷水入锅，会更好释放出血质血腥气。
        </tips><tags>
        减肥
        海带冬瓜排骨汤
        冬瓜海带排骨汤
        海带排骨汤
        冬瓜海带
        冬瓜排骨汤
      </tags></item></page_detail></extraction>