<?xml version="1.0" encoding="UTF-8"?><extraction><clueid>99352604</clueid><fullpath><![CDATA[http://www.xiachufang.com/recipe/100391069/]]></fullpath><realpath><![CDATA[http://www.xiachufang.com/recipe/100391069/]]></realpath><theme>food_detail_page</theme><middle>规则_2</middle><createdate>2019-5-13 23:40:49</createdate><pageno>0</pageno><actionno></actionno><actionvalue></actionvalue><prestamp>DSEngine-+--+-0</prestamp><currentstamp>DSEngine-+-ds_browser_top-+-1557762049130</currentstamp><timestamp>1557762049130</timestamp><baseURI><bucketBaseURI><bucketName>page_detail</bucketName><uri><![CDATA[http://www.xiachufang.com/recipe/100391069/]]></uri></bucketBaseURI></baseURI><customInfo><![CDATA[]]></customInfo><dsName>DSEngine</dsName><dsThread>datascraper_top</dsThread><version>80700</version>
<page_detail><item><foodname>
      超简单的奶汁培根意面Carbonara
    </foodname><score>7.6</score><heat>2133</heat><author>肉食系女子</author><materials><item><mate>
                  

    意面

                </mate><quantity>
                    100g
                </quantity></item><item><mate>
                  

    大蒜

                </mate><quantity>
                    1-2瓣
                </quantity></item><item><mate>
                  

    洋葱

                </mate><quantity>
                    半个
                </quantity></item><item><mate>
                  

    培根

                </mate><quantity>
                    爱放多少放多少
                </quantity></item><item><mate>
                  

    牛奶

                </mate><quantity>
                    100ml
                </quantity></item><item><mate>
                  

    芝士片

                </mate><quantity>
                    3片左右
                </quantity></item><item><mate>
                  

    鸡蛋

                </mate><quantity>
                    1个
                </quantity></item><item><mate>
                  

    盐

                </mate><quantity>
                    适量
                </quantity></item><item><mate>
                  

    黑胡椒

                </mate><quantity>
                    适量
                </quantity></item></materials><steps>
            
            
              先煮意面，比平时煮面的时间稍微短一点。比如我买的意面包装上写煮5分钟，我就煮了4分钟就捞出来放一边。
            
            
            
              大蒜切片洋葱切丝培根切块。
            
            
            
              橄榄油热锅，中火爆香蒜末，陆续扔进洋葱和培根翻炒至飘出香味。
            
            
            
              转小火100ml牛奶和手撕成小块的芝士片三片入锅边搅拌边煮至芝士融化。
            
            
            
              倒进煮好的意面，用盐和黑胡椒调整味道，觉得OK了就关火，倒入一个打散的鸡蛋，搅拌均匀即可盛盘享用。
            
          </steps><tips>
          好多人不加鸡蛋，但是不加鸡蛋就不是carbonara了。事先把面煮好放在冰水里最后再加进奶汁，这时再打入鸡蛋就不会变成蛋花。锅里温度太高鸡蛋才会变蛋花。
        </tips><tags>
        面条
        快手菜
      </tags></item></page_detail></extraction>