<?xml version="1.0" encoding="UTF-8"?><extraction><clueid>99353513</clueid><fullpath><![CDATA[http://www.xiachufang.com/recipe/102156133/]]></fullpath><realpath><![CDATA[http://www.xiachufang.com/recipe/102156133/]]></realpath><theme>food_detail_page</theme><middle>规则_2</middle><createdate>2019-5-14 15:44:1</createdate><pageno>0</pageno><actionno></actionno><actionvalue></actionvalue><prestamp>DSEngine-+--+-0</prestamp><currentstamp>DSEngine-+-ds_browser_top-+-1557819841757</currentstamp><timestamp>1557819841757</timestamp><baseURI><bucketBaseURI><bucketName>page_detail</bucketName><uri><![CDATA[http://www.xiachufang.com/recipe/102156133/]]></uri></bucketBaseURI></baseURI><customInfo><![CDATA[]]></customInfo><dsName>DSEngine</dsName><dsThread>datascraper_top</dsThread><version>80700</version>
<page_detail><item><foodname>
      清热去火桂花莲藕羹
    </foodname><score/><heat>0</heat><author>暖暖尚_s</author><materials><item><mate>
                  

    九孔莲藕

                </mate><quantity>
                    150g
                </quantity></item><item><mate>
                  

    糯米

                </mate><quantity>
                    40g
                </quantity></item><item><mate>
                  

    水

                </mate><quantity>
                    1000ml
                </quantity></item><item><mate>
                  

    冰糖

                </mate><quantity>
                    10g
                </quantity></item><item><mate>
                  

    桂花

                </mate><quantity>
                    
                </quantity></item><item><mate>
                  

    枸杞

                </mate><quantity>
                    
                </quantity></item></materials><steps>
            
            
              材料图。
              
            
            
            
              莲藕用筷子将藕孔里面的会冲洗干净，去皮后切丁。糯米提前浸泡2小时左右（可省略），枸杞冲洗干净备用。
              
            
            
            
              藕丁、糯米、水、冰糖放进料理机的搅拌杯中。
              
            
            
            
              选择“米糊“功能，按下启动键。待料理机提示剩余时间2分钟时将桂花、枸杞放进搅拌杯中一起加热，等机器发出滴滴声后即可饮用。
              
            
          </steps><tips>
          1.制作桂花莲藕羹用到了美的破壁料理机的“米糊”功能。暖暖尚：新浪美食名博，头条号签约作者，美食自由撰稿人，最喜欢的事情就是下厨做出铥生爱吃的食物。在这里我将不定期发布一些我的私房美食、出行游记和一些温暖有趣的小事情。微信公众号：nns_0625（或搜索暖暖尚）微博：@暖暖尚
        </tips><tags/></item></page_detail></extraction>