<?xml version="1.0" encoding="UTF-8"?><extraction><clueid>99352458</clueid><fullpath><![CDATA[http://www.xiachufang.com/recipe/102234805/]]></fullpath><realpath><![CDATA[http://www.xiachufang.com/recipe/102234805/]]></realpath><theme>food_detail_page</theme><middle>规则_2</middle><createdate>2019-5-13 23:0:17</createdate><pageno>0</pageno><actionno></actionno><actionvalue></actionvalue><prestamp>DSEngine-+--+-0</prestamp><currentstamp>DSEngine-+-ds_browser_top-+-1557759617506</currentstamp><timestamp>1557759617506</timestamp><baseURI><bucketBaseURI><bucketName>page_detail</bucketName><uri><![CDATA[http://www.xiachufang.com/recipe/102234805/]]></uri></bucketBaseURI></baseURI><customInfo><![CDATA[]]></customInfo><dsName>DSEngine</dsName><dsThread>datascraper_top</dsThread><version>80700</version>
<page_detail><item><foodname>
      干锅包菜
      </foodname><score>7.9</score><heat>1450</heat><author>E路拾缘</author><materials><item><mate>
                  

    包菜

                </mate><quantity>
                    300g
                </quantity></item><item><mate>
                  

    蒜末

                </mate><quantity>
                    5g
                </quantity></item><item><mate>
                  

    干辣椒

                </mate><quantity>
                    3条
                </quantity></item><item><mate>
                  

    花椒

                </mate><quantity>
                    15粒
                </quantity></item><item><mate>
                  

    食用油

                </mate><quantity>
                    15g
                </quantity></item><item><mate/><quantity>
                </quantity></item><item><mate>
                  

    酱油

                </mate><quantity>
                    10g
                </quantity></item><item><mate>
                  

    醋

                </mate><quantity>
                    5g
                </quantity></item><item><mate>
                  

    糖

                </mate><quantity>
                    5g
                </quantity></item><item><mate>
                  

    盐

                </mate><quantity>
                    1g
                </quantity></item></materials><steps>
            
            
              包菜洗净，手撕成片。蒜切末，干辣椒剪成段备用。⚠手撕包菜的时候，将老梗摘去，可以使口感更好。当然摘下的老梗也不必浪费，可以用来煮汤，会很甜。⚠干辣椒剪成段更有利于香辣味的释放。如不想吃太辣，可以不必剪开去炒。这样也会有辣椒的香气，但不会太辣。
            
            
            
              调味汁:酱油+糖+醋+盐，调成汁。⚠由于包菜炒制过程中会出水，所以酱汁就不要加水，避免会水水的稀释味道。
            
            
            
              炒:炒锅冷锅放油，冷油就放入花椒和干辣椒。用小火慢慢将花椒和干辣椒炒香。关火，将干辣椒和花椒捞掉，仅留下已经煸香的油。开火，放入蒜末爆香。放入包菜，转中火将包菜炒软，炒熟。淋入酱汁，开大火翻炒均匀即可出锅装盘。⚠花椒，干辣椒用冷油小火慢慢煸炒才会释放全部的味道进入油中，炒出菜来才有香气。油温太高则不适合。⚠此菜的烹煮，完全没有加水。因包菜本身含水量高，如再加水则会稀释味道。
            
          </steps><tips>
          请留意各个步骤里的⚠，全部做到位菜品自然会呈现美味。
        </tips><tags>
        快手菜
        干锅
        下饭菜
        家常菜
        素食
        干锅包菜
        干锅手撕包菜
        干锅平包菜
        干锅
        包菜
      </tags></item></page_detail></extraction>