<?xml version="1.0" encoding="UTF-8"?><extraction><clueid>99352925</clueid><fullpath><![CDATA[http://www.xiachufang.com/recipe/102128954/]]></fullpath><realpath><![CDATA[http://www.xiachufang.com/recipe/102128954/]]></realpath><theme>food_detail_page</theme><middle>规则_2</middle><createdate>2019-5-14 11:21:38</createdate><pageno>0</pageno><actionno></actionno><actionvalue></actionvalue><prestamp>DSEngine-+--+-0</prestamp><currentstamp>DSEngine-+-ds_browser_top-+-1557804098118</currentstamp><timestamp>1557804098118</timestamp><baseURI><bucketBaseURI><bucketName>page_detail</bucketName><uri><![CDATA[http://www.xiachufang.com/recipe/102128954/]]></uri></bucketBaseURI></baseURI><customInfo><![CDATA[]]></customInfo><dsName>DSEngine</dsName><dsThread>datascraper_top</dsThread><version>80700</version>
<page_detail><item><foodname>
      【健康三餐】香喷喷孜然鸡肉闷饭
      </foodname><score>9.2</score><heat>257</heat><author>Sunny_Kreglo</author><materials><item><mate>
                  

    鸡胸或鸡腿

                </mate><quantity>
                    500克左右，切1厘米见方小块
                </quantity></item><item><mate>
                  

    洋葱（紫色尤佳）

                </mate><quantity>
                    半个，切丝
                </quantity></item><item><mate>
                  

    蒜

                </mate><quantity>
                    中等大小5-6个，切片
                </quantity></item><item><mate>
                  

    青椒或甜椒

                </mate><quantity>
                    1个，切小丁
                </quantity></item><item><mate>
                  

    酱油

                </mate><quantity>
                    1大勺
                </quantity></item><item><mate>
                  

    黑胡椒粉

                </mate><quantity>
                    1/4-1/2小勺
                </quantity></item><item><mate>
                  

    白胡椒粉

                </mate><quantity>
                    一刀尖
                </quantity></item><item><mate>
                  

    白米（长粒long grain rice尤佳）（见贴士1）

                </mate><quantity>
                    生重1/2杯
                </quantity></item><item><mate>
                  

    孜然粉

                </mate><quantity>
                    2小勺或更多
                </quantity></item><item><mate>
                  

    孜然粒

                </mate><quantity>
                    一小撮或更多
                </quantity></item><item><mate>
                  

    香菜

                </mate><quantity>
                    一小绺，切碎
                </quantity></item></materials><steps>
            
            
              不粘锅热后，放一点油，均匀薄薄地沾满锅底即可。放入洋葱、蒜片，煎出香味后，扒拉到锅的一边。
            
            
            
              放入鸡块，不用翻炒，在表面粉色的鸡肉上撒黑胡椒粉和白胡椒粉，等到底部煎到白色再翻炒。
            
            
            
              鸡肉变色后，放入青椒丁、酱油、孜然粉翻炒。继续，放入1/2杯米粒或其他杂粮，倒入1.5杯水（鸡高汤尤佳），翻炒匀，盖锅盖。等水煮开后，转小火闷20-30分钟左右，中途翻拌一下。
            
            
            
              等米饭软了就可以关火了，如果水放多了，就大火收汁。出锅放香菜、孜然粒，尝尝味道，放盐（或酱油）和黑胡椒调味。
            
          </steps><tips>
          1，长粒米比短粒米需多煮5分钟左右，长粒米理论上比短粒米升糖略慢，介于短粒白米和糙米之间的口感。我还额外加了一些藜麦，当然也可以用荞麦等，总之可以选择一些熟的时间差不多的杂粮，做到粗细结合最好。2，步骤3加入的水量按具体粮食灵活操作，基本是水多些比水少了好，水多了可以大火收汁。3，如想用糙米，提前浸泡下糙米更好，熟的快。4，推荐熟的快的粮食有白米、荞麦粒、小兵豆、藜麦、小米、farro、紫米等等。5，推荐加点土豆丁一起闷。
        </tips><tags>
        快手菜
        孜然
        饭
        减肥
        家常菜
        下饭菜
        焖饭
      </tags></item></page_detail></extraction>