<?xml version="1.0" encoding="UTF-8"?><extraction><clueid>99352853</clueid><fullpath><![CDATA[http://www.xiachufang.com/recipe/26674/]]></fullpath><realpath><![CDATA[http://www.xiachufang.com/recipe/26674/]]></realpath><theme>food_detail_page</theme><middle>规则_2</middle><createdate>2019-5-14 10:21:52</createdate><pageno>0</pageno><actionno></actionno><actionvalue></actionvalue><prestamp>DSEngine-+--+-0</prestamp><currentstamp>DSEngine-+-ds_browser_top-+-1557800512449</currentstamp><timestamp>1557800512449</timestamp><baseURI><bucketBaseURI><bucketName>page_detail</bucketName><uri><![CDATA[http://www.xiachufang.com/recipe/26674/]]></uri></bucketBaseURI></baseURI><customInfo><![CDATA[]]></customInfo><dsName>DSEngine</dsName><dsThread>datascraper_top</dsThread><version>80700</version>
<page_detail><item><foodname>
      冬瓜海带汤
    </foodname><score>8.1</score><heat>408</heat><author>80后男人的厨房</author><materials><item><mate>
                  

    海带结

                </mate><quantity>
                </quantity></item><item><mate>
                  

    冬瓜

                </mate><quantity>
                </quantity></item><item><mate>
                  

    油

                </mate><quantity>
                </quantity></item><item><mate>
                  

    盐

                </mate><quantity>
                </quantity></item></materials><steps>
            
            
              将冬瓜去皮切块然后洗净
            
            
            
              海带结用水泡40分钟
            
            
            
              锅中底油，油热倒入冬瓜和海带翻炒2分钟这样
            
            
            
              为了多做点汤喝，所以把冬瓜海带倒入了另一个水开的蒸锅里。大火烧7，8分钟然后加盐就可以起锅了，咸淡自己要控制好
            
          </steps><tips/><tags>
        清淡
        家常菜
        减肥
        粥
        宿舍
        单身食谱
        冬瓜海带汤
        冬瓜海带
        海带汤
        冬瓜海带排骨汤
        冬瓜海带瘦肉汤
      </tags></item></page_detail></extraction>