<?xml version="1.0" encoding="UTF-8"?><extraction><clueid>99352682</clueid><fullpath><![CDATA[http://www.xiachufang.com/recipe/100440561/]]></fullpath><realpath><![CDATA[http://www.xiachufang.com/recipe/100440561/]]></realpath><theme>food_detail_page</theme><middle>规则_2</middle><createdate>2019-5-13 23:53:24</createdate><pageno>0</pageno><actionno></actionno><actionvalue></actionvalue><prestamp>DSEngine-+--+-0</prestamp><currentstamp>DSEngine-+-ds_browser_top-+-1557762804850</currentstamp><timestamp>1557762804850</timestamp><baseURI><bucketBaseURI><bucketName>page_detail</bucketName><uri><![CDATA[http://www.xiachufang.com/recipe/100440561/]]></uri></bucketBaseURI></baseURI><customInfo><![CDATA[]]></customInfo><dsName>DSEngine</dsName><dsThread>datascraper_top</dsThread><version>80700</version>
<page_detail><item><foodname>
      老丁的私房菜-清炒山药
      </foodname><score>7.6</score><heat>1166</heat><author>老丁的私房菜</author><materials><item><mate>
                  

    山药

                </mate><quantity>
                    2根
                </quantity></item><item><mate>
                  

    胡萝卜

                </mate><quantity>
                    半根
                </quantity></item><item><mate>
                  

    盐，香葱，葱，蒜

                </mate><quantity>
                    少许
                </quantity></item></materials><steps>
            
            
              山药去皮洗净切片，自己家吃，本着不浪费的选择，圆片就行了。胡萝卜，蒜洗净切片，葱切葱花
              
            
            
            
              热锅凉油，先入葱蒜出香味，然后加入胡萝卜，胡萝卜要油大些才好吃，所以提前放胡萝卜。
              
            
            
            
              胡萝卜略微翻炒后，加入山药翻炒。
              
            
            
            
              山药边缘略微变色后加入高汤，没有高汤加入水也可以。由于山药本身很黏，所以水要稍微多些，需要没过食材。然后加入适量盐调味，一点点糖。这时候就不要翻炒了，容易将山药弄碎，略微摇晃锅即可。待山药成熟，这里看个人口味，喜欢脆的时间可以短些，喜欢面的时间长一点。山药吸水并且汤汁略微收干加入味精出锅即可。装盘后撒上香葱装饰。
              
            
          </steps><tips/><tags>
        家常菜
        快手菜
        素菜
        减肥
        宴客
        孤独的美食家
        外婆家
        创意菜
        下酒菜
        深夜食堂
      </tags></item></page_detail></extraction>