<?xml version="1.0" encoding="UTF-8"?><extraction><clueid>99353207</clueid><fullpath><![CDATA[http://www.xiachufang.com/recipe/100304401/]]></fullpath><realpath><![CDATA[http://www.xiachufang.com/recipe/100304401/]]></realpath><theme>food_detail_page</theme><middle>规则_2</middle><createdate>2019-5-14 14:52:41</createdate><pageno>0</pageno><actionno></actionno><actionvalue></actionvalue><prestamp>DSEngine-+--+-0</prestamp><currentstamp>DSEngine-+-ds_browser_top-+-1557816761088</currentstamp><timestamp>1557816761088</timestamp><baseURI><bucketBaseURI><bucketName>page_detail</bucketName><uri><![CDATA[http://www.xiachufang.com/recipe/100304401/]]></uri></bucketBaseURI></baseURI><customInfo><![CDATA[]]></customInfo><dsName>DSEngine</dsName><dsThread>datascraper_top</dsThread><version>80700</version>
<page_detail><item><foodname>
      益肾元气七宝茶（黑发 乌发）
      </foodname><score/><heat>3</heat><author>小羽私厨</author><materials><item><mate>
                  

    制首乌

                </mate><quantity>
                    5克
                </quantity></item><item><mate>
                  

    枸杞

                </mate><quantity>
                    5克
                </quantity></item><item><mate>
                  

    生地

                </mate><quantity>
                    5克
                </quantity></item><item><mate>
                  

    黄芪

                </mate><quantity>
                    3克
                </quantity></item><item><mate>
                  

    菊花

                </mate><quantity>
                    3克
                </quantity></item><item><mate>
                  

    枣

                </mate><quantity>
                    5克
                </quantity></item><item><mate>
                  

    冰糖

                </mate><quantity>
                    适量
                </quantity></item></materials><steps>
            
            
              把上面所有的材料放入壶中，倒入沸水闷5分钟后就可以喝了，喝完了继续添水即可。茶色深咖啡红，味道香甜。喝完一壶可以继续添水接着喝，喝到没有味道为止。
              
            
          </steps><tips/><tags>
        饮品
      </tags></item></page_detail></extraction>