<?xml version="1.0" encoding="UTF-8"?><extraction><clueid>99353578</clueid><fullpath><![CDATA[http://www.xiachufang.com/recipe/101822177/]]></fullpath><realpath><![CDATA[http://www.xiachufang.com/recipe/101822177/]]></realpath><theme>food_detail_page</theme><middle>规则_2</middle><createdate>2019-5-14 15:55:16</createdate><pageno>0</pageno><actionno></actionno><actionvalue></actionvalue><prestamp>DSEngine-+--+-0</prestamp><currentstamp>DSEngine-+-ds_browser_top-+-1557820516773</currentstamp><timestamp>1557820516773</timestamp><baseURI><bucketBaseURI><bucketName>page_detail</bucketName><uri><![CDATA[http://www.xiachufang.com/recipe/101822177/]]></uri></bucketBaseURI></baseURI><customInfo><![CDATA[]]></customInfo><dsName>DSEngine</dsName><dsThread>datascraper_top</dsThread><version>80700</version>
<page_detail><item><foodname>
      清热解暑的苦笋冬菜肉片汤
    </foodname><score/><heat>2</heat><author>阿瘫</author><materials><item><mate>
                  

    猪肉肉片

                </mate><quantity>
                    适量
                </quantity></item><item><mate>
                  

    苦笋

                </mate><quantity>
                    适量
                </quantity></item><item><mate>
                  

    冬菜

                </mate><quantity>
                    适量
                </quantity></item><item><mate>
                  

    猪油

                </mate><quantity>
                    适量
                </quantity></item><item><mate>
                  

    料酒

                </mate><quantity>
                    
                </quantity></item><item><mate>
                  

    盐

                </mate><quantity>
                    
                </quantity></item><item><mate>
                  

    鸡精

                </mate><quantity>
                    
                </quantity></item><item><mate>
                  

    淀粉或嫩肉粉

                </mate><quantity>
                    
                </quantity></item></materials><steps>
            
            
              猪肉切片，加适量料酒和一点点盐腌制一下。注意⚠️：这里先不要加淀粉，盐和料酒腌制一下会出水，回头要把多余的水倒掉。
              
            
            
            
              冬菜，其实就是腌制的青菜。淘宝上搜一下买四川的就可以啦～ 洗净之后切条切丁都可以，锅烧热根据你的冬菜量放适量的猪油，油热之后下冬菜炒一下两分钟左右，然后加水烧开。
              
            
            
            
              我的苦笋是之前已经处理好冻起来的。其实在炒冬菜之前应该先用猪油炒一下苦笋会更香。
              
            
            
            
              水烧开之间下猪油炒过的苦笋，多煮一会儿方便苦笋和冬菜出味。
              
            
            
            
              苦笋冬菜出味之后（汤差不多变色了）汤也开了，这时候把腌制的肉片多的水倒掉，再加点淀粉或者嫩肉粉抓匀，拿筷子一片片的下肉。不能把握肉熟没熟可以多煮会儿，肉变色就可以关火，放盐放鸡精起锅。
              
            
            
            
              味道倍儿棒～
              
            
          </steps><tips>
          口味清淡的人少放盐，冬菜是咸的。不放鸡精什么的也无所谓，看个人口味看个人口味！！！
        </tips><tags/></item></page_detail></extraction>