<?xml version="1.0" encoding="UTF-8"?><extraction><clueid>99352400</clueid><fullpath><![CDATA[http://www.xiachufang.com/recipe/246111/]]></fullpath><realpath><![CDATA[http://www.xiachufang.com/recipe/246111/]]></realpath><theme>food_detail_page</theme><middle>规则_2</middle><createdate>2019-5-13 22:49:57</createdate><pageno>0</pageno><actionno></actionno><actionvalue></actionvalue><prestamp>DSEngine-+--+-0</prestamp><currentstamp>DSEngine-+-ds_browser_top-+-1557758997648</currentstamp><timestamp>1557758997648</timestamp><baseURI><bucketBaseURI><bucketName>page_detail</bucketName><uri><![CDATA[http://www.xiachufang.com/recipe/246111/]]></uri></bucketBaseURI></baseURI><customInfo><![CDATA[]]></customInfo><dsName>DSEngine</dsName><dsThread>datascraper_top</dsThread><version>80700</version>
<page_detail><item><foodname>
      肥牛金针菇
    </foodname><score>7.5</score><heat>2962</heat><author>玉池桃红</author><materials><item><mate>
                  

    肥牛片

                </mate><quantity>
                    250克
                </quantity></item><item><mate>
                  

    金针菇

                </mate><quantity>
                    300克
                </quantity></item><item><mate>
                  

    葱花

                </mate><quantity>
                    适量
                </quantity></item><item><mate>
                  

    陴县豆瓣酱

                </mate><quantity>
                    1汤匙
                </quantity></item><item><mate>
                  

    盐

                </mate><quantity>
                    
                </quantity></item><item><mate>
                  

    蒜蓉

                </mate><quantity>
                    
                </quantity></item><item><mate>
                  

    油

                </mate><quantity>
                    
                </quantity></item></materials><steps>
            
            
              金针菇剪去根部洗净备用
              
            
            
            
              锅中放油，烧至六成热时依次放入蒜蓉和陴县豆瓣酱，炒30秒左右
              
            
            
            
              豆瓣酱炒香后放入600毫升的清水
              
            
            
            
              大火烧开后放入金针菇
              
            
            
            
              煮开后加入肥牛片，用筷子快速翻动，让肥牛片在汤中散开，煮1分钟，当肥牛片变色后关火，盛出后散上葱花即可
              
            
          </steps><tips>
          如果喜欢辣的可多放些豆瓣酱，就不再需要放盐了，因为豆瓣酱很咸的，如果不太喜欢辣的，放的豆瓣酱少，就得适量再加些盐。
        </tips><tags>
        家常菜
        快手菜
        宿舍
        单身食谱
        肥牛金针菇
        金针菇肥牛
        金针菇炒肥牛
        金针菇肥牛面
        金针菇肥牛汤
      </tags></item></page_detail></extraction>