<?xml version="1.0" encoding="UTF-8"?><extraction><clueid>99353455</clueid><fullpath><![CDATA[http://www.xiachufang.com/recipe/78470/]]></fullpath><realpath><![CDATA[http://www.xiachufang.com/recipe/78470/]]></realpath><theme>food_detail_page</theme><middle>规则_2</middle><createdate>2019-5-14 15:35:20</createdate><pageno>0</pageno><actionno></actionno><actionvalue></actionvalue><prestamp>DSEngine-+--+-0</prestamp><currentstamp>DSEngine-+-ds_browser_top-+-1557819320272</currentstamp><timestamp>1557819320272</timestamp><baseURI><bucketBaseURI><bucketName>page_detail</bucketName><uri><![CDATA[http://www.xiachufang.com/recipe/78470/]]></uri></bucketBaseURI></baseURI><customInfo><![CDATA[]]></customInfo><dsName>DSEngine</dsName><dsThread>datascraper_top</dsThread><version>80700</version>
<page_detail><item><foodname>
      家常清炒丝瓜
    </foodname><score>7.3</score><heat>217</heat><author>Joan</author><materials><item><mate>
                  

    丝瓜

                </mate><quantity>
                </quantity></item><item><mate>
                  

    油

                </mate><quantity>
                </quantity></item><item><mate>
                  

    盐

                </mate><quantity>
                </quantity></item></materials><steps>
            
            
              将丝瓜去皮洗净切成滚刀状；锅里油5成热时倒入丝瓜煸炒
            
            
            
              待丝瓜炒透时加少许盐调味，继续翻炒几下即可出锅盛起
            
          </steps><tips/><tags>
        家常菜
        素菜
        清淡
      </tags></item></page_detail></extraction>