<?xml version="1.0" encoding="UTF-8"?><extraction><clueid>99352616</clueid><fullpath><![CDATA[http://www.xiachufang.com/recipe/100370718/]]></fullpath><realpath><![CDATA[http://www.xiachufang.com/recipe/100370718/]]></realpath><theme>food_detail_page</theme><middle>规则_2</middle><createdate>2019-5-13 23:41:5</createdate><pageno>0</pageno><actionno></actionno><actionvalue></actionvalue><prestamp>DSEngine-+--+-0</prestamp><currentstamp>DSEngine-+-ds_browser_top-+-1557762065059</currentstamp><timestamp>1557762065059</timestamp><baseURI><bucketBaseURI><bucketName>page_detail</bucketName><uri><![CDATA[http://www.xiachufang.com/recipe/100370718/]]></uri></bucketBaseURI></baseURI><customInfo><![CDATA[]]></customInfo><dsName>DSEngine</dsName><dsThread>datascraper_top</dsThread><version>80700</version>
<page_detail><item><foodname>
      葱油金针菇——10分钟快手菜，你绝对不能错过的美味~
    </foodname><score>8.0</score><heat>1457</heat><author>_慧绘美食记_</author><materials><item><mate>
                  

    金针菇

                </mate><quantity>
                    适量
                </quantity></item><item><mate>
                  

    酱油

                </mate><quantity>
                    随意
                </quantity></item><item><mate>
                  

    小葱

                </mate><quantity>
                    随意
                </quantity></item><item><mate>
                  

    花生油

                </mate><quantity>
                    适量
                </quantity></item></materials><steps>
            
            
              金针菇去蒂洗净，装盘。
            
            
            
              蒸锅烧开水，放入金针菇，中火蒸5分钟。
            
            
            
              取出后倒入酱油。
            
            
            
              小葱切成葱花，摆到金针菇的上面。
            
            
            
              炒锅倒花生油，油热后浇到葱花和金针菇上，可以放凉后食用，更美味~
            
          </steps><tips>
          跟葱油面的做法是一样的，但是比葱油面好吃多了，金针菇健康营养，可以多吃~
        </tips><tags>
        快手菜
        葱油金针菇
        金针菇
        葱油
        铁板金针菇
        红油金针菇
      </tags></item></page_detail></extraction>