<?xml version="1.0" encoding="UTF-8"?><extraction><clueid>99353732</clueid><fullpath><![CDATA[http://www.xiachufang.com/recipe/121736/]]></fullpath><realpath><![CDATA[http://www.xiachufang.com/recipe/121736/]]></realpath><theme>food_detail_page</theme><middle>规则_2</middle><createdate>2019-5-14 16:44:1</createdate><pageno>0</pageno><actionno></actionno><actionvalue></actionvalue><prestamp>DSEngine-+--+-0</prestamp><currentstamp>DSEngine-+-ds_browser_top-+-1557823441226</currentstamp><timestamp>1557823441226</timestamp><baseURI><bucketBaseURI><bucketName>page_detail</bucketName><uri><![CDATA[http://www.xiachufang.com/recipe/121736/]]></uri></bucketBaseURI></baseURI><customInfo><![CDATA[]]></customInfo><dsName>DSEngine</dsName><dsThread>datascraper_top</dsThread><version>80700</version>
<page_detail><item><foodname>
      炖木瓜雪耳糖水
    </foodname><score>7.3</score><heat>248</heat><author>莫言catlam</author><materials><item><mate>
                  

    木瓜

                </mate><quantity>
                    半个
                </quantity></item><item><mate>
                  

    雪耳

                </mate><quantity>
                    半个
                </quantity></item><item><mate>
                  

    杞子

                </mate><quantity>
                    少许
                </quantity></item><item><mate>
                  

    冰糖

                </mate><quantity>
                    适量
                </quantity></item></materials><steps>
            
            
              把去皮的木瓜切成麻将大小，雪耳撕小朵，杞子洗净，一同放入炖盅
            
            
            
              [注意]注入开水，盖上盖子放入煮开水的锅中炖约45分钟即可
            
            
            
              吃时放冰糖，有些人喜欢先放进去一起炖，亦可！用煲的也可以，但炖的效果好一些
            
          </steps><tips/><tags>
        甜品
      </tags></item></page_detail></extraction>