<?xml version="1.0" encoding="UTF-8"?><extraction><clueid>99352275</clueid><fullpath><![CDATA[http://www.xiachufang.com/recipe/247165/]]></fullpath><realpath><![CDATA[http://www.xiachufang.com/recipe/247165/]]></realpath><theme>food_detail_page</theme><middle>规则_2</middle><createdate>2019-5-13 22:6:7</createdate><pageno>0</pageno><actionno></actionno><actionvalue></actionvalue><prestamp>DSEngine-+--+-0</prestamp><currentstamp>DSEngine-+-ds_browser_top-+-1557756367108</currentstamp><timestamp>1557756367108</timestamp><baseURI><bucketBaseURI><bucketName>page_detail</bucketName><uri><![CDATA[http://www.xiachufang.com/recipe/247165/]]></uri></bucketBaseURI></baseURI><customInfo><![CDATA[]]></customInfo><dsName>DSEngine</dsName><dsThread>datascraper_top</dsThread><version>80700</version>
<page_detail><item><foodname>
      菠萝咕噜肉
    </foodname><score>8.1</score><heat>7965</heat><author>依依美食</author><materials><item><mate>
                  

    猪肉

                </mate><quantity>
                </quantity></item><item><mate>
                  

    菠萝

                </mate><quantity>
                </quantity></item><item><mate>
                  

    鸡蛋

                </mate><quantity>
                </quantity></item><item><mate>
                  

    小番茄

                </mate><quantity>
                </quantity></item><item><mate>
                  

    青椒

                </mate><quantity>
                </quantity></item><item><mate>
                  

    番茄酱

                </mate><quantity>
                </quantity></item><item><mate>
                  

    白醋

                </mate><quantity>
                </quantity></item><item><mate>
                  

    盐

                </mate><quantity>
                </quantity></item><item><mate>
                  

    生粉

                </mate><quantity>
                </quantity></item><item><mate>
                  

    糖

                </mate><quantity>
                </quantity></item><item><mate>
                  

    料酒

                </mate><quantity>
                </quantity></item></materials><steps>
            
            
              猪肉切成小方块，放进大碗
              
            
            
            
              加入1小勺盐
              
            
            
            
              加入1小勺生粉
              
            
            
            
              加入1小勺料酒，搅拌均匀，腌15分钟
              
            
            
            
              菠萝切成小块，用淡盐水浸泡10分钟后捞起
              
            
            
            
              小番茄和青椒切成小块备用
              
            
            
            
              腌好的肉里磕进一个鸡蛋
              
            
            
            
              加入2大勺生粉（我用的是玉米淀粉）
              
            
            
            
              搅拌均匀，让每块肉都挂到糊，没有多余的蛋液，如果感觉粉浆不够粘稠，可以再加点生粉，理想的挂糊状态是：粉浆全部粘在肉上，没有多余的蛋液
              
            
            
            
              锅里倒油，烧至8成热，逐块肉放入用中火炸至定型后，转小火炸熟
              
            
            
            
              捞起沥油
              
            
            
            
              肉放凉后，重新烧热油锅，倒入肉大火复炸1分钟，捞起沥油
              
            
            
            
              倒出锅里的油，把番茄酱、白醋、白糖倒进锅里，加一点点盐，淋入水淀粉，小火煮开成为酸甜汁（酸甜度根据自己的口味来决定，感觉太甜就加点白醋，感觉太酸就加点白糖）
              
            
            
            
              倒入菠萝、小番茄、青椒，翻拌均匀后关火
              
            
            
            
              倒入炸好放凉的肉
              
            
            
            
              快速翻拌均匀，让每块肉都裹上酸甜汁即可
              
            
          </steps><tips>
          1、炸肉的时候要炸两次，第一次中火下锅，定型后转小火炸熟；
2、捞起待肉放凉了以后，重新烧热油锅，倒进肉大火复炸一下让肉香脆；
3、酸甜汁煮好先关火再倒入肉，快速兜匀，让每块肉都裹到酸甜汁马上装碟。
        </tips><tags>
        家常菜
        下饭菜
        酸甜
        宴客
        菠萝咕噜肉
        咕噜肉
        菠萝咕噜猴头菇
        菠萝咕噜虾仁
        菠萝咕噜虾
      </tags></item></page_detail></extraction>