<?xml version="1.0" encoding="UTF-8"?><extraction><clueid>99353910</clueid><fullpath><![CDATA[http://www.xiachufang.com/recipe/128411/]]></fullpath><realpath><![CDATA[http://www.xiachufang.com/recipe/128411/]]></realpath><theme>food_detail_page</theme><middle>规则_2</middle><createdate>2019-5-14 20:5:32</createdate><pageno>0</pageno><actionno></actionno><actionvalue></actionvalue><prestamp>DSEngine-+--+-0</prestamp><currentstamp>DSEngine-+-ds_browser_top-+-1557835532351</currentstamp><timestamp>1557835532351</timestamp><baseURI><bucketBaseURI><bucketName>page_detail</bucketName><uri><![CDATA[http://www.xiachufang.com/recipe/128411/]]></uri></bucketBaseURI></baseURI><customInfo><![CDATA[]]></customInfo><dsName>DSEngine</dsName><dsThread>datascraper_top</dsThread><version>80700</version>
<page_detail><item><foodname>
      天冬冬瓜羊肉汤
    </foodname><score/><heat>26</heat><author>桃园</author><materials><item><mate>
                  

    冬瓜

                </mate><quantity>
                </quantity></item><item><mate>
                  

    羊肉片

                </mate><quantity>
                </quantity></item><item><mate>
                  

    天冬

                </mate><quantity>
                </quantity></item><item><mate>
                  

    葱

                </mate><quantity>
                </quantity></item><item><mate>
                  

    香菜

                </mate><quantity>
                </quantity></item><item><mate>
                  

    盐

                </mate><quantity>
                </quantity></item><item><mate>
                  

    料酒

                </mate><quantity>
                </quantity></item><item><mate>
                  

    胡椒粉

                </mate><quantity>
                </quantity></item><item><mate>
                  

    香油

                </mate><quantity>
                </quantity></item><item><mate>
                  

    枸杞

                </mate><quantity>
                </quantity></item></materials><steps>
            
            
              沙锅入水，将羊肉片凉水下锅，加料酒煮沸后，打去浮末
            
            
            
              冬瓜去皮切薄片下入沙锅中，加枸杞烧开后小火炖10分钟到冬瓜片透明
            
            
            
              调入盐、胡椒粉、香葱碎、香菜碎、香油即可
            
          </steps><tips>
          特点：滋补润燥，营养丰富。
        </tips><tags>
        全部菜单
      </tags></item></page_detail></extraction>