<?xml version="1.0" encoding="UTF-8"?><extraction><clueid>99352788</clueid><fullpath><![CDATA[http://www.xiachufang.com/recipe/254821/]]></fullpath><realpath><![CDATA[http://www.xiachufang.com/recipe/254821/]]></realpath><theme>food_detail_page</theme><middle>规则_2</middle><createdate>2019-5-14 1:48:42</createdate><pageno>0</pageno><actionno></actionno><actionvalue></actionvalue><prestamp>DSEngine-+--+-0</prestamp><currentstamp>DSEngine-+-ds_browser_top-+-1557769722204</currentstamp><timestamp>1557769722204</timestamp><baseURI><bucketBaseURI><bucketName>page_detail</bucketName><uri><![CDATA[http://www.xiachufang.com/recipe/254821/]]></uri></bucketBaseURI></baseURI><customInfo><![CDATA[]]></customInfo><dsName>DSEngine</dsName><dsThread>datascraper_top</dsThread><version>80700</version>
<page_detail><item><foodname>
      经典蔬菜沙拉
    </foodname><score>8.0</score><heat>1094</heat><author>依依美食</author><materials><item><mate>
                  

    黄瓜

                </mate><quantity>
                </quantity></item><item><mate>
                  

    胡萝卜

                </mate><quantity>
                </quantity></item><item><mate>
                  

    甜玉米

                </mate><quantity>
                </quantity></item><item><mate>
                  

    沙拉酱

                </mate><quantity>
                </quantity></item><item><mate>
                  

    盐

                </mate><quantity>
                </quantity></item></materials><steps>
            
            
              胡萝卜削皮后切成小丁；黄瓜用盐刷洗干净外皮后去籽切丁；甜玉米剥粒
              
            
            
            
              胡萝卜丁和甜玉米放进锅里煮熟，捞出沥干水分
              
            
            
            
              黄瓜丁用凉白开浸泡一会
              
            
            
            
              胡萝卜丁和玉米粒放凉后，跟黄瓜丁混合，放盐调味
              
            
            
            
              加入沙拉酱，拌匀即可。（夏天的话，冷藏一下更美味）
              
            
          </steps><tips/><tags>
        沙拉
        减肥
        宴客
      </tags></item></page_detail></extraction>