<?xml version="1.0" encoding="UTF-8"?><extraction><clueid>99352805</clueid><fullpath><![CDATA[http://www.xiachufang.com/recipe/102747694/]]></fullpath><realpath><![CDATA[http://www.xiachufang.com/recipe/102747694/]]></realpath><theme>food_detail_page</theme><middle>规则_2</middle><createdate>2019-5-14 2:50:41</createdate><pageno>0</pageno><actionno></actionno><actionvalue></actionvalue><prestamp>DSEngine-+--+-0</prestamp><currentstamp>DSEngine-+-ds_browser_top-+-1557773441395</currentstamp><timestamp>1557773441395</timestamp><baseURI><bucketBaseURI><bucketName>page_detail</bucketName><uri><![CDATA[http://www.xiachufang.com/recipe/102747694/]]></uri></bucketBaseURI></baseURI><customInfo><![CDATA[]]></customInfo><dsName>DSEngine</dsName><dsThread>datascraper_top</dsThread><version>80700</version>
<page_detail><item><foodname>
      自制柠檬酵素🍋～传说中的健康减肥！
      </foodname><score>8.1</score><heat>777</heat><author>小苏的兔子洞</author><materials><item><mate>
                  

    柠檬

                </mate><quantity>
                    5－6个
                </quantity></item><item><mate>
                  

    冰糖

                </mate><quantity>
                    适量
                </quantity></item><item><mate>
                  

    无添加白醋

                </mate><quantity>
                    945ml
                </quantity></item><item><mate>
                  

    辅料：盐

                </mate><quantity>
                    适量
                </quantity></item><item><mate>
                  

    请仔细看我写的文案，你们的问题我都已经回答过了 不再重复回答

                </mate><quantity>
                    
                </quantity></item></materials><steps>
            
            
              所有用到的工具先高温消毒（水果刀、砧板、密封罐子等），晾干。整个操作无油无水不然会容易发霉的🤦🏻‍♀️柠檬事先用浓度高点的盐水浸泡半小时
              
            
            
            
              浸泡后的柠檬再用盐反复揉搓，可以去除表面的污垢和蜡
              
            
            
            
              柠檬去籽！不然会苦 切薄片
              
            
            
            
              按照一层柠檬一层冰糖的一层一层铺起来 不要铺满，要留一点空隙‼️
              
            
            
            
              铺好以后倒入白醋 ，淹没柠檬留空隙不能倒满，因为发酵会产生气体‼️不然就“嘭”的一声🌚半月以后可开盖排气
              
            
            
            
              可以在罐子上贴上日期以免忘记，放置在阴凉通风避免光照的地方保存💕请各位发图让我辨别有没有坏，光听你们的一两句描述真的不清楚💕微博：苏兔兔v这里的消息太多了看不过来，微博方便解答
            
            
            
              也有些厨友不想要纯柠檬的也可以像这样👆
              
            
            
            
              不得不说一下，有的厨友又改材料又改方法步骤 那你做失败了找谁呢？微博：苏兔兔v欢迎交流学习
            
          </steps><tips>
          1⃣️整个操作要尽可能的干净无生水2⃣️最少等半个月以后喝，我等的一个月3⃣️别当灵丹妙药的暴饮暴食4⃣️选用无添加白醋，你们说的苹果醋玫瑰醋我个人觉得不太适合用来做这个酵素，毕竟醋的纯度不高也含糖多5⃣️我这个用的是美国新奇士柠檬 无籽的那种，你们可以换国产的都可以的哈6⃣️胃不好的有胃溃疡的一系列胃病的朋友不适合饮用💕请各位发图让我辨别有没有坏，光听你们的一两句描述真的不清楚💕
        </tips><tags>
        减肥
        果汁
      </tags></item></page_detail></extraction>