<?xml version="1.0" encoding="UTF-8"?><extraction><clueid>99353829</clueid><fullpath><![CDATA[http://www.xiachufang.com/recipe/259931/]]></fullpath><realpath><![CDATA[http://www.xiachufang.com/recipe/259931/]]></realpath><theme>food_detail_page</theme><middle>规则_2</middle><createdate>2019-5-14 19:17:27</createdate><pageno>0</pageno><actionno></actionno><actionvalue></actionvalue><prestamp>DSEngine-+--+-0</prestamp><currentstamp>DSEngine-+-ds_browser_top-+-1557832647125</currentstamp><timestamp>1557832647125</timestamp><baseURI><bucketBaseURI><bucketName>page_detail</bucketName><uri><![CDATA[http://www.xiachufang.com/recipe/259931/]]></uri></bucketBaseURI></baseURI><customInfo><![CDATA[]]></customInfo><dsName>DSEngine</dsName><dsThread>datascraper_top</dsThread><version>80700</version>
<page_detail><item><foodname>
      双色山药球
    </foodname><score/><heat>19</heat><author>居然</author><materials><item><mate>
                  

    山药

                </mate><quantity>
                    一根（约400克）
                </quantity></item><item><mate>
                  

    芒果

                </mate><quantity>
                    一只
                </quantity></item><item><mate>
                  

    炼乳

                </mate><quantity>
                    3汤匙
                </quantity></item><item><mate>
                  

    牛奶

                </mate><quantity>
                    半杯
                </quantity></item><item><mate>
                  

    蓝莓酱

                </mate><quantity>
                    适量
                </quantity></item></materials><steps>
            
            
              山药去皮切片，泡在水里备用（防止氧化变黑），电饭煲烧开水，捞出山药，放入电饭煲蒸10分钟左右熟透取出，切的越薄越容易熟
              
            
            
            
              趁热压成泥
              
            
            
            
              如果嫌麻烦，又有料理机的话，可以用料理机打成泥，30秒左右就能打成上劲的有粘性的泥
              
            
            
            
              山药泥中加入适合自己甜度的炼乳，大约两汤匙就足够了
              
            
            
            
              芒果去皮，加入一汤匙炼乳，半杯牛奶，入料理机打成能流动的糊状
              
            
            
            
              准备蓝莓酱和打好细化的芒果酱
              
            
            
            
              洗干净手（或者带上一次性手套），把山药搓成10个大小均匀的球状，一半淋入蓝莓酱
              
            
            
            
              另外一半淋入芒果酱
              
            
            
            
              摆盘时候，装点嫩的薄荷叶即可
              
            
          </steps><tips/><tags>
        甜品
      </tags></item></page_detail></extraction>