<?xml version="1.0" encoding="UTF-8"?><extraction><clueid>99353976</clueid><fullpath><![CDATA[http://www.xiachufang.com/recipe/176663/]]></fullpath><realpath><![CDATA[http://www.xiachufang.com/recipe/176663/]]></realpath><theme>food_detail_page</theme><middle>规则_2</middle><createdate>2019-5-14 21:2:0</createdate><pageno>0</pageno><actionno></actionno><actionvalue></actionvalue><prestamp>DSEngine-+--+-0</prestamp><currentstamp>DSEngine-+-ds_browser_top-+-1557838920396</currentstamp><timestamp>1557838920396</timestamp><baseURI><bucketBaseURI><bucketName>page_detail</bucketName><uri><![CDATA[http://www.xiachufang.com/recipe/176663/]]></uri></bucketBaseURI></baseURI><customInfo><![CDATA[]]></customInfo><dsName>DSEngine</dsName><dsThread>datascraper_top</dsThread><version>80700</version>
<page_detail><item><foodname>
      桂花银耳莲子百合木瓜盅
    </foodname><score/><heat>16</heat><author>蔻蔻的甜与蜜</author><materials><item><mate>
                  

    熟木瓜

                </mate><quantity>
                    一颗
                </quantity></item><item><mate>
                  

    百合干

                </mate><quantity>
                    一把
                </quantity></item><item><mate>
                  

    银耳

                </mate><quantity>
                    五朵
                </quantity></item><item><mate>
                  

    莲子

                </mate><quantity>
                    一把
                </quantity></item><item><mate>
                  

    枸杞

                </mate><quantity>
                    10粒
                </quantity></item><item><mate>
                  

    干桂花

                </mate><quantity>
                    一小撮
                </quantity></item><item><mate>
                  

    冰糖

                </mate><quantity>
                    适量
                </quantity></item></materials><steps>
            
            
              银耳冷水漂洗净，用清水泡一小时，泡至透明后，将黄根去掉，扯成小碎块
            
            
            
              枸杞、莲子冷水洗净
            
            
            
              砂锅里倒2/3锅清水，倒入莲子、泡发好的银耳，大火煮开，改成小微火炖一个半小时
            
            
            
              百合干冷水漂洗净，用清水泡半小时以上至发白，控水
            
            
            
              百合、枸杞、冰糖一起倒入砂锅里，继续小火炖半小时
            
            
            
              关火后立即将干桂花倒入，盖上盖用余热蒸出桂花香。凉透后放冰箱冷藏
            
            
            
              冰箱里取出木瓜，纵着对半切开，用勺子掏净籽。木瓜背面中间切掉一小片，以便平稳摆放在盘里
            
            
            
              挖掉一些木瓜肉，将银耳汤倒进去即可
            
          </steps><tips>
          1、银耳事先泡好，撕成小碎块，煮起来更容易软。
2、银耳炖的时间越长，就能越软滑，越容易人体吸收。
3、莲子千万不能泡，泡过的莲子不容易炖得酥软，切记切记。
4、干桂花不能放进去煮，否则香味容易散失。关火的时候用汤的热度一蒸，香气扑鼻。如果用糖桂花，也得是关了火以后。
5、超市卖干花草茶的地方有干桂花，我是在亚运村的那个旺市百利里买到的。
6、挖出来的木瓜肉，可以与银耳汤一起放在碗里拌着，也好好吃啊！
        </tips><tags>
        甜品
      </tags></item></page_detail></extraction>