<?xml version="1.0" encoding="UTF-8"?><extraction><clueid>99353267</clueid><fullpath><![CDATA[http://www.xiachufang.com/recipe/101765820/]]></fullpath><realpath><![CDATA[http://www.xiachufang.com/recipe/101765820/]]></realpath><theme>food_detail_page</theme><middle>规则_2</middle><createdate>2019-5-14 15:3:17</createdate><pageno>0</pageno><actionno></actionno><actionvalue></actionvalue><prestamp>DSEngine-+--+-0</prestamp><currentstamp>DSEngine-+-ds_browser_top-+-1557817397159</currentstamp><timestamp>1557817397159</timestamp><baseURI><bucketBaseURI><bucketName>page_detail</bucketName><uri><![CDATA[http://www.xiachufang.com/recipe/101765820/]]></uri></bucketBaseURI></baseURI><customInfo><![CDATA[]]></customInfo><dsName>DSEngine</dsName><dsThread>datascraper_top</dsThread><version>80700</version>
<page_detail><item><foodname>
      【牛奶炖花㬵】-养身美容佳品
    </foodname><score/><heat>24</heat><author>糖心糯米糍</author><materials><item><mate>
                  

    花胶（已泡发）

                </mate><quantity>
                    70~75g
                </quantity></item><item><mate>
                  

    牛奶

                </mate><quantity>
                    200g
                </quantity></item><item><mate>
                  

    水

                </mate><quantity>
                    100g
                </quantity></item><item><mate>
                  

    姜汁

                </mate><quantity>
                    适量
                </quantity></item><item><mate>
                  

    冰糖

                </mate><quantity>
                    30g
                </quantity></item></materials><steps>
            
            
              提前一天，将花胶（112g)放入干净的容器，加足够的水高过花胶泡一晚；(◐‿◑)﻿备注：花胶的泡发建议用第4种“先蒸后泡”的方法泡发，做法详见我后面新发的菜谱【花胶的泡发】。
              
            
            
            
              第二天花胶有點软，边缘微卷，表面开始发白；
              
            
            
            
              锅里加入水、姜、葱段和適量酒，待水烧开，把花胶放入水里；
              
            
            
            
              很快花胶卷起，撈起用清水冲洗干净（泡煮后重193g）；
              
            
            
            
              我分三次食用，一次用不完的花胶可剪成小块，分別放在冰格入冰箱冷冻保存，下次再煮就方便取用了；
              
            
            
            
              把泡发好的花胶放入炖盅，加少量水和姜汁（也可直接放姜片）；
              
            
            
            
              盖上炖盅盖，隔水炖约2小时；
              
            
            
            
              炖约2小時后，加入冰糖和牛奶，盖上炖盅盖；
              
            
            
            
              繼續炖15～20分钟即可。（如果是早餐食用的，可提前一晚清水炖好，第二天早上再加牛奶和冰糖炖15～20分钟）。
              
            
            
            
              想吃牛奶花胶冻的，把炖好的牛奶花㬵(花胶量要足）放冰箱冷藏一晚就成稠酸奶或果冻一樣了。喜欢热饮的，再重新炖几分钟即变回液体。
              
            
          </steps><tips/><tags>
        全部菜单
      </tags></item></page_detail></extraction>