<?xml version="1.0" encoding="UTF-8"?><extraction><clueid>99353549</clueid><fullpath><![CDATA[http://www.xiachufang.com/recipe/103572280/]]></fullpath><realpath><![CDATA[http://www.xiachufang.com/recipe/103572280/]]></realpath><theme>food_detail_page</theme><middle>规则_2</middle><createdate>2019-5-14 15:50:35</createdate><pageno>0</pageno><actionno></actionno><actionvalue></actionvalue><prestamp>DSEngine-+--+-0</prestamp><currentstamp>DSEngine-+-ds_browser_top-+-1557820235255</currentstamp><timestamp>1557820235255</timestamp><baseURI><bucketBaseURI><bucketName>page_detail</bucketName><uri><![CDATA[http://www.xiachufang.com/recipe/103572280/]]></uri></bucketBaseURI></baseURI><customInfo><![CDATA[]]></customInfo><dsName>DSEngine</dsName><dsThread>datascraper_top</dsThread><version>80700</version>
<page_detail><item><foodname>
      荸荠雪梨汁(清热化痰)
    </foodname><score/><heat>0</heat><author>芳芳6677</author><materials><item><mate>
                  

    荸荠

                </mate><quantity>
                    10颗左右
                </quantity></item><item><mate>
                  

    雪梨

                </mate><quantity>
                    1个
                </quantity></item><item><mate>
                  

    温开水

                </mate><quantity>
                    适量
                </quantity></item></materials><steps>
            
            
              准备新鲜荸荠洗净
              
            
            
            
              削皮
              
            
            
            
              雪梨一个大个的注意是雪梨不是皇冠梨哦！削皮切块备用。
              
            
            
            
              OK
              
            
            
            
              荸荠清水煮10分钟以上煮至变色呈微黄色
              
            
            
            
              先加入梨块＋煮过的荸荠(整颗不用切)再后加适量的温开水，倒入料理机里水果键2分钟即可。
              
            
            
            
              喜欢喝味道浓甜一点的，加温开水的量不要没过食材，只需水位加至食材中间即可。喜欢喝淡一点味道的，加温开水的量可以加至刚刚没过食材即可。
              
            
            
            
              很营养又好喝的一杯冬日热饮就做好了!
              
            
          </steps><tips/><tags>
        饮品
        果汁
      </tags></item></page_detail></extraction>