<?xml version="1.0" encoding="UTF-8"?><extraction><clueid>99353450</clueid><fullpath><![CDATA[http://www.xiachufang.com/recipe/100632150/]]></fullpath><realpath><![CDATA[http://www.xiachufang.com/recipe/100632150/]]></realpath><theme>food_detail_page</theme><middle>规则_2</middle><createdate>2019-5-14 15:34:12</createdate><pageno>0</pageno><actionno></actionno><actionvalue></actionvalue><prestamp>DSEngine-+--+-0</prestamp><currentstamp>DSEngine-+-ds_browser_top-+-1557819252479</currentstamp><timestamp>1557819252479</timestamp><baseURI><bucketBaseURI><bucketName>page_detail</bucketName><uri><![CDATA[http://www.xiachufang.com/recipe/100632150/]]></uri></bucketBaseURI></baseURI><customInfo><![CDATA[]]></customInfo><dsName>DSEngine</dsName><dsThread>datascraper_top</dsThread><version>80700</version>
<page_detail><item><foodname>
      养阴清热石斛猪心汤
      </foodname><score/><heat>6</heat><author>小菜丸子</author><materials><item><mate>
                  

    猪心(中等)

                </mate><quantity>
                    一个
                </quantity></item><item><mate>
                  

    苹果、梨

                </mate><quantity>
                    各一个
                </quantity></item><item><mate>
                  

    石斛(品种不限)

                </mate><quantity>
                    15g
                </quantity></item><item><mate>
                  

    红枣(我用小个)

                </mate><quantity>
                    18个
                </quantity></item></materials><steps>
            
            
              准备好所有材料，这时可以开始煮一锅水。红枣、石斛洗净备用。
              
            
            
            
              猪心用水把表面血水冲干净，切片。
              
            
            
            
              把猪心片用水泡一泡再多冲洗几次，直到猪心片没有血水，稍稍发白。
              
            
            
            
              把梨和苹果削皮切块，不用削皮也可以，但要用细盐把梨和苹果的表面搓洗干净。
              
            
            
            
              除猪心片外其它材料一齐放入砂锅，加开水，大火烧开再小火慢煲。
              
            
            
            
              煲到石斛胀大变软糯，大概需要4个小时，最后开大火，放入猪心片，去掉血沫，煮熟，关火。
              
            
          </steps><tips>
          1.煲好的汤很清甜好喝，如果口味重的朋友可以加一点点盐。 2.切好的猪心片如果象我最后放的话可以放入冰箱冷藏。3.猪心片在汤煲好后下的话，开大火煮个三、四分钟即可，太久会老。4.在煲的过程中水份会变少，可以不断加入适量开水。5亦可把猪心换成猪大骨或鸡肉。
        </tips><tags>
        全部菜单
      </tags></item></page_detail></extraction>