<?xml version="1.0" encoding="UTF-8"?><extraction><clueid>99353924</clueid><fullpath><![CDATA[http://www.xiachufang.com/recipe/212522/]]></fullpath><realpath><![CDATA[http://www.xiachufang.com/recipe/212522/]]></realpath><theme>food_detail_page</theme><middle>规则_2</middle><createdate>2019-5-14 20:28:9</createdate><pageno>0</pageno><actionno></actionno><actionvalue></actionvalue><prestamp>DSEngine-+--+-0</prestamp><currentstamp>DSEngine-+-ds_browser_top-+-1557836889287</currentstamp><timestamp>1557836889287</timestamp><baseURI><bucketBaseURI><bucketName>page_detail</bucketName><uri><![CDATA[http://www.xiachufang.com/recipe/212522/]]></uri></bucketBaseURI></baseURI><customInfo><![CDATA[]]></customInfo><dsName>DSEngine</dsName><dsThread>datascraper_top</dsThread><version>80700</version>
<page_detail><item><foodname>
      百合燕窝
    </foodname><score/><heat>19</heat><author>异族极限</author><materials><item><mate>
                  

    燕窝

                </mate><quantity>
                    10G
                </quantity></item><item><mate>
                  

    鲜百合

                </mate><quantity>
                    一个
                </quantity></item><item><mate>
                  

    枸杞子

                </mate><quantity>
                    5G
                </quantity></item><item><mate>
                  

    冰糖

                </mate><quantity>
                    适量
                </quantity></item><item><mate>
                  

    水

                </mate><quantity>
                    200ML
                </quantity></item></materials><steps>
            
            
              燕窝用温水浸泡2小时左右，浸至膨涨、松软、柔嫩后用手搓开后有些小毛浮起来，用自来水漂洗，让流动的水把羽毛带走，仿佛多次操作至干净为止
              
            
            
            
              鲜百合瓣一瓣掰开后，清洗干净，沥干水分待用
              
            
            
            
              漂洗干净的燕窝放入隔水炖盅里，注入200ML左右的水并放入枸杞子
              
            
            
            
              往电锅里注入水，把盅放入，里外上盖后接上电源，调在自动档
              
            
            
            
              约一个半小时后，开盖放入冰糖和鲜百合，继续炖10分钟即可断电
              
            
          </steps><tips>
          炖盅是密封的，炖煮过程水分一点不流失，入注多少产出还是多少，营养成分全面呵护。
燕窝属于水溶性蛋白质，在浸泡时有些养份溶于水中，浸清洁燕窝的水不要倒掉，用其一起入锅炖煮。
        </tips><tags>
        全部菜单
      </tags></item></page_detail></extraction>