<?xml version="1.0" encoding="UTF-8"?><extraction><clueid>99353409</clueid><fullpath><![CDATA[http://www.xiachufang.com/recipe/100128545/]]></fullpath><realpath><![CDATA[http://www.xiachufang.com/recipe/100128545/]]></realpath><theme>food_detail_page</theme><middle>规则_2</middle><createdate>2019-5-14 15:27:13</createdate><pageno>0</pageno><actionno></actionno><actionvalue></actionvalue><prestamp>DSEngine-+--+-0</prestamp><currentstamp>DSEngine-+-ds_browser_top-+-1557818833210</currentstamp><timestamp>1557818833210</timestamp><baseURI><bucketBaseURI><bucketName>page_detail</bucketName><uri><![CDATA[http://www.xiachufang.com/recipe/100128545/]]></uri></bucketBaseURI></baseURI><customInfo><![CDATA[]]></customInfo><dsName>DSEngine</dsName><dsThread>datascraper_top</dsThread><version>80700</version>
<page_detail><item><foodname>
      清热解暑冬瓜排骨汤
    </foodname><score/><heat>12</heat><author>陈兮兮儿</author><materials><item><mate>
                  

    红莲子

                </mate><quantity>
                    
                </quantity></item><item><mate>
                  

    排骨

                </mate><quantity>
                    适量
                </quantity></item><item><mate>
                  

    党参

                </mate><quantity>
                    适量
                </quantity></item><item><mate>
                  

    枸杞

                </mate><quantity>
                    几粒
                </quantity></item><item><mate>
                  

    桂圆

                </mate><quantity>
                    2个
                </quantity></item><item><mate>
                  

    胡萝卜

                </mate><quantity>
                    半根
                </quantity></item><item><mate>
                  

    冬瓜

                </mate><quantity>
                    约180克
                </quantity></item><item><mate>
                  

    姜片

                </mate><quantity>
                    适量
                </quantity></item></materials><steps>
            
            
              排骨用水泡半小时，我的分量因为不多，所以泡半小时就好。
              
            
            
            
              将冬瓜胡萝卜滚刀切块。我的用量如图。
              
            
            
            
              将药材洗干净，我的用量如图所示。从左往右一次是：红莲子、枸杞、党参、桂圆肉
              
            
            
            
              最后就是将所有材料放在一起，进高压锅炖个23分钟就搞定了！水刚好没过食材~不要贪多哦！
              
            
          </steps><tips/><tags>
        家常菜
      </tags></item></page_detail></extraction>