<?xml version="1.0" encoding="UTF-8"?><extraction><clueid>99353414</clueid><fullpath><![CDATA[http://www.xiachufang.com/recipe/100369061/]]></fullpath><realpath><![CDATA[http://www.xiachufang.com/recipe/100369061/]]></realpath><theme>food_detail_page</theme><middle>规则_2</middle><createdate>2019-5-14 15:28:33</createdate><pageno>0</pageno><actionno></actionno><actionvalue></actionvalue><prestamp>DSEngine-+--+-0</prestamp><currentstamp>DSEngine-+-ds_browser_top-+-1557818913856</currentstamp><timestamp>1557818913856</timestamp><baseURI><bucketBaseURI><bucketName>page_detail</bucketName><uri><![CDATA[http://www.xiachufang.com/recipe/100369061/]]></uri></bucketBaseURI></baseURI><customInfo><![CDATA[]]></customInfo><dsName>DSEngine</dsName><dsThread>datascraper_top</dsThread><version>80700</version>
<page_detail><item><foodname>
      秋季清火润肺小甜品✨
    </foodname><score/><heat>0</heat><author>低调优雅</author><materials><item><mate>
                  

    绿豆

                </mate><quantity>
                    100克
                </quantity></item><item><mate>
                  

    银耳

                </mate><quantity>
                    1饼
                </quantity></item><item><mate>
                  

    冰糖

                </mate><quantity>
                    适量
                </quantity></item><item><mate>
                  

    枸杞

                </mate><quantity>
                    5克
                </quantity></item><item><mate>
                  

    纯净水

                </mate><quantity>
                    600ml
                </quantity></item></materials><steps>
            
            
              亲们，一锅烩阿
              
            
            
            
              大火开锅转小火闷压
              
            
            
            
              开吃开吃，简单易行
              
            
          </steps><tips/><tags>
        甜品
      </tags></item></page_detail></extraction>