<?xml version="1.0" encoding="UTF-8"?><extraction><clueid>99352373</clueid><fullpath><![CDATA[http://www.xiachufang.com/recipe/262059/]]></fullpath><realpath><![CDATA[http://www.xiachufang.com/recipe/262059/]]></realpath><theme>food_detail_page</theme><middle>规则_2</middle><createdate>2019-5-13 22:45:35</createdate><pageno>0</pageno><actionno></actionno><actionvalue></actionvalue><prestamp>DSEngine-+--+-0</prestamp><currentstamp>DSEngine-+-ds_browser_top-+-1557758735275</currentstamp><timestamp>1557758735275</timestamp><baseURI><bucketBaseURI><bucketName>page_detail</bucketName><uri><![CDATA[http://www.xiachufang.com/recipe/262059/]]></uri></bucketBaseURI></baseURI><customInfo><![CDATA[]]></customInfo><dsName>DSEngine</dsName><dsThread>datascraper_top</dsThread><version>80700</version>
<page_detail><item><foodname>
      锅包肉
    </foodname><score>7.5</score><heat>3736</heat><author>83小钟</author><materials><item><mate>
                  

    猪里脊肉

                </mate><quantity>
                </quantity></item><item><mate>
                  

    大葱

                </mate><quantity>
                </quantity></item><item><mate>
                  

    胡萝卜

                </mate><quantity>
                </quantity></item><item><mate>
                  

    香菜

                </mate><quantity>
                </quantity></item><item><mate>
                  

    盐

                </mate><quantity>
                </quantity></item><item><mate>
                  

    料酒

                </mate><quantity>
                </quantity></item><item><mate>
                  

    胡椒粉

                </mate><quantity>
                </quantity></item><item><mate>
                  

    淀粉

                </mate><quantity>
                </quantity></item><item><mate>
                  

    白糖

                </mate><quantity>
                </quantity></item><item><mate>
                  

    生抽

                </mate><quantity>
                </quantity></item><item><mate>
                  

    醋

                </mate><quantity>
                </quantity></item><item><mate>
                  

    鸡精

                </mate><quantity>
                </quantity></item><item><mate>
                  

    姜

                </mate><quantity>
                </quantity></item></materials><steps>
            
            
              香菜，大葱，胡萝卜切丝。猪里脊肉切厚片，加少许料酒，盐，胡椒粉腌制入味
              
            
            
            
              把猪里脊肉两面均匀的蘸上一层干淀粉
              
            
            
            
              另取一只小碗，用淀粉和清水调成面糊。往面糊里加少许食用油调匀
              
            
            
            
              锅中倒入多一些食用油烧到6成热，将沾好干淀粉的肉片在淀粉糊中过一遍，放入油锅中炸熟后捞出沥油
              
            
            
            
              锅里的油再次烧到8成热，把肉片再次回锅复炸至金黄后捞出沥油
              
            
            
            
              料酒，白糖，生抽，醋，鸡精调匀做成料汁
              
            
            
            
              锅里留少许底油，下姜丝炝锅，放入胡萝卜，大葱丝炒香
              
            
            
            
              倒入炸好的肉片，淋上料汁，撒上香菜段拌匀起锅即可
              
            
          </steps><tips>
          1.猪里脊入冰箱稍稍冷冻后再切，切出来的肉片会更整齐好看。
2.步骤3里，调好的面糊状态是液态微微能流动，淀粉和清水的比例约为2：1。肉片挂浆的时候，在淀粉水里加少许油，能防止肉片粘连。
        </tips><tags>
        家常菜
        下饭菜
        宴客
        下酒菜
        锅包肉
        老式锅包肉
        家常锅包肉
        番茄酱锅包肉
        传统锅包肉
      </tags></item></page_detail></extraction>