<?xml version="1.0" encoding="UTF-8"?><extraction><clueid>99352976</clueid><fullpath><![CDATA[http://www.xiachufang.com/recipe/100031782/]]></fullpath><realpath><![CDATA[http://www.xiachufang.com/recipe/100031782/]]></realpath><theme>food_detail_page</theme><middle>规则_2</middle><createdate>2019-5-14 11:45:43</createdate><pageno>0</pageno><actionno></actionno><actionvalue></actionvalue><prestamp>DSEngine-+--+-0</prestamp><currentstamp>DSEngine-+-ds_browser_top-+-1557805543837</currentstamp><timestamp>1557805543837</timestamp><baseURI><bucketBaseURI><bucketName>page_detail</bucketName><uri><![CDATA[http://www.xiachufang.com/recipe/100031782/]]></uri></bucketBaseURI></baseURI><customInfo><![CDATA[]]></customInfo><dsName>DSEngine</dsName><dsThread>datascraper_top</dsThread><version>80700</version>
<page_detail><item><foodname>
      白菜粉丝汤
      </foodname><score>7.0</score><heat>248</heat><author>我很家常</author><materials><item><mate>
                  

    大白菜(或娃娃菜一小棵)

                </mate><quantity>
                    4个大叶(或娃娃菜一小棵)
                </quantity></item><item><mate>
                  

    细粉丝

                </mate><quantity>
                    一小捆
                </quantity></item><item><mate>
                  

    大料（八角）

                </mate><quantity>
                    1～2个
                </quantity></item><item><mate>
                  

    盐

                </mate><quantity>
                    
                </quantity></item><item><mate>
                  

    香油

                </mate><quantity>
                    
                </quantity></item></materials><steps>
            
            
              娃娃菜净切丝
              
            
            
            
              粉丝剪断、泡软准备用
              
            
            
            
              娃娃菜丝加一个大料（八角），加清水，煮熟，加入泡好的粉丝。
              
            
            
            
              加盐调味，出锅，淋上香油就做好啦！
              
            
          </steps><tips>
          一、千万不要加葱姜味精什么的，一个大料（八角）足矣
二、千万不要加什么什么汤，一碗清水足矣
三、菜可以多煮一会儿，一定要煮软，口感好，且大料（八角）的香味儿也更浓
四、记得最后要加香油提香
        </tips><tags>
        快手菜
        减肥
        白菜粉丝汤
        白菜豆腐粉丝汤
        粉丝汤
        羊肉白菜粉丝汤
        白菜丸子粉丝汤
      </tags></item></page_detail></extraction>