<?xml version="1.0" encoding="UTF-8"?><extraction><clueid>99352851</clueid><fullpath><![CDATA[http://www.xiachufang.com/recipe/100471049/]]></fullpath><realpath><![CDATA[http://www.xiachufang.com/recipe/100471049/]]></realpath><theme>food_detail_page</theme><middle>规则_2</middle><createdate>2019-5-14 10:20:9</createdate><pageno>0</pageno><actionno></actionno><actionvalue></actionvalue><prestamp>DSEngine-+--+-0</prestamp><currentstamp>DSEngine-+-ds_browser_top-+-1557800409027</currentstamp><timestamp>1557800409027</timestamp><baseURI><bucketBaseURI><bucketName>page_detail</bucketName><uri><![CDATA[http://www.xiachufang.com/recipe/100471049/]]></uri></bucketBaseURI></baseURI><customInfo><![CDATA[]]></customInfo><dsName>DSEngine</dsName><dsThread>datascraper_top</dsThread><version>80700</version>
<page_detail><item><foodname>
      烟熏三文鱼菠菜蛋卷
      </foodname><score>8.0</score><heat>403</heat><author>细嗅蔷薇natalie</author><materials><item><mate>
                  

    新鲜菠菜

                </mate><quantity>
                    一大把
                </quantity></item><item><mate>
                  

    新鲜罗勒

                </mate><quantity>
                    一小把
                </quantity></item><item><mate>
                  

    新鲜切碎的莳萝

                </mate><quantity>
                    2小勺
                </quantity></item><item><mate>
                  

    烟熏三文鱼

                </mate><quantity>
                    4-6片
                </quantity></item><item><mate>
                  

    蛋黄

                </mate><quantity>
                    3个
                </quantity></item><item><mate>
                  

    蛋白

                </mate><quantity>
                    3个
                </quantity></item><item><mate>
                  

    奶油奶酪

                </mate><quantity>
                    100克-150克
                </quantity></item><item><mate>
                  

    半个柠檬榨汁，半个柠檬皮屑

                </mate><quantity>
                    
                </quantity></item><item><mate>
                  

    盐和黑胡椒

                </mate><quantity>
                    适量
                </quantity></item></materials><steps>
            
            
              预热烤箱到180 C。奶油奶酪从冰箱里拿出软化
              
            
            
            
              在小锅里放水烧开，放入菠菜煮一两分钟。捞出菠菜沥干,用冷水降温,尽量把水分挤干。把菠菜切成碎末。在菠菜碎里加入3个蛋黄,切碎的罗勒叶,盐和胡椒混合均匀。
              
            
            
            
              打发蛋白直到变得厚重浓稠后，慢慢的倒入菠菜蛋黄糊里混合。烤盘垫油纸，把菠菜蛋糊倒入烤盘，用刮刀抹平。180度烤15分钟。
              
            
            
            
              把已经软化的奶油奶酪和莳萝、柠檬皮屑,柠檬汁混合搅拌至顺滑，加入少许盐和胡椒调味。
              
            
            
            
              菠菜蛋皮烤好了,撕开油纸使其冷却,然后均匀的涂上混合奶油奶酪,上面放烟熏三文鱼片。像卷蛋糕卷一样卷起来。用烘焙纸包住两头固定，冷藏几个小时后即可切片食用。
              
            
          </steps><tips>
          烤盘大约是8寸方盘，普通的自带烤盘也行，但是会薄一点。罗勒味道比较强烈，如果不习惯的人，也可以省略，光是菠菜蛋卷也挺好吃了~如果实在没有新鲜罗勒和莳萝，也可以用干香草代替。烟熏三文鱼要新鲜。
        </tips><tags>
        早餐
        减肥
        菠菜蛋卷
        菠菜鸡蛋卷
        菠菜鸡蛋卷饼
        蛋卷
        猪肉蛋卷
      </tags></item></page_detail></extraction>