<?xml version="1.0" encoding="UTF-8"?><extraction><clueid>99352889</clueid><fullpath><![CDATA[http://www.xiachufang.com/recipe/100356557/]]></fullpath><realpath><![CDATA[http://www.xiachufang.com/recipe/100356557/]]></realpath><theme>food_detail_page</theme><middle>规则_2</middle><createdate>2019-5-14 10:53:38</createdate><pageno>0</pageno><actionno></actionno><actionvalue></actionvalue><prestamp>DSEngine-+--+-0</prestamp><currentstamp>DSEngine-+-ds_browser_top-+-1557802418539</currentstamp><timestamp>1557802418539</timestamp><baseURI><bucketBaseURI><bucketName>page_detail</bucketName><uri><![CDATA[http://www.xiachufang.com/recipe/100356557/]]></uri></bucketBaseURI></baseURI><customInfo><![CDATA[]]></customInfo><dsName>DSEngine</dsName><dsThread>datascraper_top</dsThread><version>80700</version>
<page_detail><item><foodname>
      盐酥鸡（微波炉版和烤箱版）
    </foodname><score>7.7</score><heat>284</heat><author>趣多多张小姐</author><materials><item><mate>
                  

    鸡胸肉

                </mate><quantity>
                    一块
                </quantity></item><item><mate>
                  

    全麦面包屑or早餐玉米片

                </mate><quantity>
                    适量
                </quantity></item><item><mate>
                  

    盐

                </mate><quantity>
                    适量
                </quantity></item><item><mate>
                  

    酱油

                </mate><quantity>
                    适量
                </quantity></item><item><mate>
                  

    胡椒粉

                </mate><quantity>
                    适量
                </quantity></item><item><mate>
                  

    花椒粉（可省）

                </mate><quantity>
                    适量
                </quantity></item><item><mate>
                  

    五香粉（可省）

                </mate><quantity>
                    适量
                </quantity></item><item><mate>
                  

    淀粉（可省）

                </mate><quantity>
                    适量
                </quantity></item></materials><steps>
            
            
              鸡胸肉去皮切小块，撒酱油、五香粉、淀粉腌半小时。也可以只用酱油
            
            
            
              把全麦面包在微波炉烤一下磨碎成面包屑，或者把早餐玉米片碾碎也可以。加入盐、胡椒粉、花椒粉，拌均。
            
            
            
              把鸡胸肉拎出来放进步骤2的混合面包屑里，拌均！让面包屑完全包裹鸡胸肉
            
            
            
              摆入玻璃盘或者磁盘里，垫油纸（可省），平铺摆开
            
            
            
              盖上保鲜膜，戳洞，放进微波炉高火三分钟，拿出来翻面，再高火30秒。要是味道不够可以自行在出炉之后撒椒盐
              
            
            
            
              用烤箱的话是180烤15分钟左右的样子（不加保鲜膜哈），自己拿捏一下时间，别烤过头了。
            
            
            
              配上蔬菜沙拉，吃完去运动吧么么
              
            
          </steps><tips>
          全程加调料都不要加太多，不然会咸着你…可以在最末尾出炉之后撒椒盐，所以之前最好不要猛加料。当然啦，你要是控制的好的话，出炉味道应该刚刚好，也不用撒椒盐。不要烤过头了，不管是微波炉还是烤箱 大家都盯着点儿
        </tips><tags>
        减肥
        零食
        早餐
        微波炉
        烤箱
        小吃
      </tags></item></page_detail></extraction>