<?xml version="1.0" encoding="UTF-8"?><extraction><clueid>99353563</clueid><fullpath><![CDATA[http://www.xiachufang.com/recipe/100281119/]]></fullpath><realpath><![CDATA[http://www.xiachufang.com/recipe/100281119/]]></realpath><theme>food_detail_page</theme><middle>规则_2</middle><createdate>2019-5-14 15:51:23</createdate><pageno>0</pageno><actionno></actionno><actionvalue></actionvalue><prestamp>DSEngine-+--+-0</prestamp><currentstamp>DSEngine-+-ds_browser_top-+-1557820283057</currentstamp><timestamp>1557820283057</timestamp><baseURI><bucketBaseURI><bucketName>page_detail</bucketName><uri><![CDATA[http://www.xiachufang.com/recipe/100281119/]]></uri></bucketBaseURI></baseURI><customInfo><![CDATA[]]></customInfo><dsName>DSEngine</dsName><dsThread>datascraper_top</dsThread><version>80700</version>
<page_detail><item><foodname>
      高蛋白清火苦瓜饼
    </foodname><score/><heat>0</heat><author>笑笑笑笑要好好孝顺粑粑麻麻</author><materials><item><mate>
                  

    鸡蛋清

                </mate><quantity>
                    3个
                </quantity></item><item><mate>
                  

    苦瓜

                </mate><quantity>
                    一根
                </quantity></item><item><mate>
                  

    大豆分离蛋白

                </mate><quantity>
                    30g
                </quantity></item><item><mate>
                  

    水

                </mate><quantity>
                    适量
                </quantity></item><item><mate>
                  

    盐，味精

                </mate><quantity>
                    适量
                </quantity></item></materials><steps>
            
            
              苦瓜搅碎成泥，所有材料混合成浆
            
            
            
              倒入饼铛，烤
            
            
            
              出锅！香香香！
              
            
          </steps><tips/><tags>
        饼
      </tags></item></page_detail></extraction>