<?xml version="1.0" encoding="UTF-8"?><extraction><clueid>99353703</clueid><fullpath><![CDATA[http://www.xiachufang.com/recipe/103789656/]]></fullpath><realpath><![CDATA[http://www.xiachufang.com/recipe/103789656/]]></realpath><theme>food_detail_page</theme><middle>规则_2</middle><createdate>2019-5-14 16:14:35</createdate><pageno>0</pageno><actionno></actionno><actionvalue></actionvalue><prestamp>DSEngine-+--+-0</prestamp><currentstamp>DSEngine-+-ds_browser_top-+-1557821675342</currentstamp><timestamp>1557821675342</timestamp><baseURI><bucketBaseURI><bucketName>page_detail</bucketName><uri><![CDATA[http://www.xiachufang.com/recipe/103789656/]]></uri></bucketBaseURI></baseURI><customInfo><![CDATA[]]></customInfo><dsName>DSEngine</dsName><dsThread>datascraper_top</dsThread><version>80700</version>
<page_detail><item><foodname>
      排骨羊肚菌花胶山药汤
    </foodname><score/><heat>0</heat><author>悠然自悠然</author><materials><item><mate>
                  

    排骨

                </mate><quantity>
                    20块
                </quantity></item><item><mate>
                  

    羊肚菌

                </mate><quantity>
                    20个
                </quantity></item><item><mate>
                  

    mini鱼胶

                </mate><quantity>
                    6片
                </quantity></item><item><mate>
                  

    山药

                </mate><quantity>
                    3根
                </quantity></item><item><mate>
                  

    花椒粒

                </mate><quantity>
                    10粒
                </quantity></item><item><mate>
                  

    姜

                </mate><quantity>
                    10片
                </quantity></item><item><mate>
                  

    盐

                </mate><quantity>
                    依个人喜好
                </quantity></item></materials><steps>
            
            
              羊肚菌
              
            
            
            
              新西兰mini鱼胶
              
            
            
            
              已关火可以品尝啦
              
            
            
            
              在碗汤里微加了一点盐和小香葱
              
            
          </steps><tips>
          小火稳定后只要锅盖盖好看好时间放山药就不用太操心了，再提示下砂锅盖子（留缝隙，可以支根筷子🥢），前10分钟多观察，水多火大都容易溢出来。个人建议不加盐前先尝下原食材煮汤的味道很鲜，后微有盐味即可，喝汤食物本身的味道就是最好的。希望你们都喜欢，大家都健康❤️
        </tips><tags>
        减肥
      </tags></item></page_detail></extraction>