<?xml version="1.0" encoding="UTF-8"?><extraction><clueid>99353957</clueid><fullpath><![CDATA[http://www.xiachufang.com/recipe/25199/]]></fullpath><realpath><![CDATA[http://www.xiachufang.com/recipe/25199/]]></realpath><theme>food_detail_page</theme><middle>规则_2</middle><createdate>2019-5-14 20:55:54</createdate><pageno>0</pageno><actionno></actionno><actionvalue></actionvalue><prestamp>DSEngine-+--+-0</prestamp><currentstamp>DSEngine-+-ds_browser_top-+-1557838554040</currentstamp><timestamp>1557838554040</timestamp><baseURI><bucketBaseURI><bucketName>page_detail</bucketName><uri><![CDATA[http://www.xiachufang.com/recipe/25199/]]></uri></bucketBaseURI></baseURI><customInfo><![CDATA[]]></customInfo><dsName>DSEngine</dsName><dsThread>datascraper_top</dsThread><version>80700</version>
<page_detail><item><foodname>
      秋梨膏
    </foodname><score/><heat>7</heat><author>yaya小舍</author><materials><item><mate>
                  

    干红枣

                </mate><quantity>
                    100g
                </quantity></item><item><mate>
                  

    鸭梨

                </mate><quantity>
                    1500g
                </quantity></item><item><mate>
                  

    冰糖

                </mate><quantity>
                    （我用的黄冰糖）100g
                </quantity></item><item><mate>
                  

    姜

                </mate><quantity>
                    25g
                </quantity></item><item><mate>
                  

    蜂蜜

                </mate><quantity>
                    100g
                </quantity></item></materials><steps>
            
            
              鸭梨，红枣，姜洗净
              
            
            
            
              鸭梨去皮用磨茸器磨成茸
              
            
            
            
              红枣去皮剪碎，姜切碎
              
            
            
            
              红枣，姜，梨茸混合均匀，放火上烧开转小火盖盖咕嘟40分钟，中途放冰糖
              
            
            
            
              用细筛滤除汁水，用勺子背按压可以多出汁，要一次少放，不要心急，不然出的汁儿更少了
              
            
            
            
              滤除渣子的梨水放火上用小火慢慢熬煮至和蜂蜜差不多浓度即可关火
              
            
            
            
              晾凉，混合蜂蜜搅匀倒入干净干爽的密封瓶冷藏；喝的时候温水调入两勺秋梨膏饮用即可……
              
            
          </steps><tips>
          秋梨膏可调整血压，促进食欲，润肺止咳，清热化痰，宁心安神，疗效明显。除胃虚寒与泄肚患者，妇孺老弱皆可饮用。
        </tips><tags>
        甜品
        饮品
        秋梨膏
        宝宝秋梨膏
        宝宝版秋梨膏
        川贝秋梨膏
      </tags></item></page_detail></extraction>