<?xml version="1.0" encoding="UTF-8"?><extraction><clueid>99353476</clueid><fullpath><![CDATA[http://www.xiachufang.com/recipe/103792477/]]></fullpath><realpath><![CDATA[http://www.xiachufang.com/recipe/103792477/]]></realpath><theme>food_detail_page</theme><middle>规则_2</middle><createdate>2019-5-14 15:37:51</createdate><pageno>0</pageno><actionno></actionno><actionvalue></actionvalue><prestamp>DSEngine-+--+-0</prestamp><currentstamp>DSEngine-+-ds_browser_top-+-1557819471222</currentstamp><timestamp>1557819471222</timestamp><baseURI><bucketBaseURI><bucketName>page_detail</bucketName><uri><![CDATA[http://www.xiachufang.com/recipe/103792477/]]></uri></bucketBaseURI></baseURI><customInfo><![CDATA[]]></customInfo><dsName>DSEngine</dsName><dsThread>datascraper_top</dsThread><version>80700</version>
<page_detail><item><foodname>
      蛤蜊苦瓜清火汤
    </foodname><score/><heat>1</heat><author>懒饭App</author><materials><item><mate>
                  

    蛤蜊

                </mate><quantity>
                    300g
                </quantity></item><item><mate>
                  

    苦瓜

                </mate><quantity>
                    1根
                </quantity></item><item><mate>
                  

    姜

                </mate><quantity>
                    2片
                </quantity></item><item><mate>
                  

    生抽

                </mate><quantity>
                    10g
                </quantity></item><item><mate>
                  

    盐

                </mate><quantity>
                    3g
                </quantity></item><item><mate>
                  

    白糖

                </mate><quantity>
                    1g
                </quantity></item><item><mate>
                  

    小葱

                </mate><quantity>
                    3g
                </quantity></item><item><mate>
                  

    芝麻油

                </mate><quantity>
                    3g
                </quantity></item><item><mate>
                  

    温水

                </mate><quantity>
                    500g
                </quantity></item></materials><steps>
            
            
              蛤蜊加入温水、盐1g、油浸泡2~3小时吐沙。小贴士：将蛤蜊放在温盐水中，这样的做法可以模仿蛤蜊的生长环境，从而使其张开贝壳有利吐沙。放入油的作用是使水面形成一层油膜，能够将水与空气分隔开来，让蛤蜊在水中缺氧而加快呼吸，从而加快吐沙进度。一般2-3个小时蛤蜊就能将沙吐净。
              
            
            
            
              苦瓜洗干净去瓤切成片。
              
            
            
            
              锅中水烧开，倒入蛤蜊，加入两片姜，待有大量浮沫漂起，捞出蛤蜊备用。小贴士：这一步是将蛤蜊去腥去脏。
              
            
            
            
              锅中水烧开，加入苦瓜，煮沸后，加入蛤蜊。
              
            
            
            
              再次煮沸后，加入生抽、盐、白糖、小葱、芝麻油调味，搅拌后关火出锅。
              
            
          </steps><tips>
          「懒饭App」现已上线，点击链接即可下载 http://t.cn/EfdN9zQ
        </tips><tags>
        家常菜
        下饭菜
        清淡
        视频菜谱
      </tags></item></page_detail></extraction>