<?xml version="1.0" encoding="UTF-8"?><extraction><clueid>99353013</clueid><fullpath><![CDATA[http://www.xiachufang.com/recipe/100529654/]]></fullpath><realpath><![CDATA[http://www.xiachufang.com/recipe/100529654/]]></realpath><theme>food_detail_page</theme><middle>规则_2</middle><createdate>2019-5-14 12:10:31</createdate><pageno>0</pageno><actionno></actionno><actionvalue></actionvalue><prestamp>DSEngine-+--+-0</prestamp><currentstamp>DSEngine-+-ds_browser_top-+-1557807031693</currentstamp><timestamp>1557807031693</timestamp><baseURI><bucketBaseURI><bucketName>page_detail</bucketName><uri><![CDATA[http://www.xiachufang.com/recipe/100529654/]]></uri></bucketBaseURI></baseURI><customInfo><![CDATA[]]></customInfo><dsName>DSEngine</dsName><dsThread>datascraper_top</dsThread><version>80700</version>
<page_detail><item><foodname>
      咕咾肉
      </foodname><score>8.1</score><heat>151</heat><author>老丁的私房菜</author><materials><item><mate>
                  

    里脊肉

                </mate><quantity>
                    半斤
                </quantity></item><item><mate>
                  

    菠萝

                </mate><quantity>
                    半个
                </quantity></item><item><mate>
                  

    蜂蜜

                </mate><quantity>
                    2勺
                </quantity></item><item><mate>
                  

    番茄酱

                </mate><quantity>
                    2勺
                </quantity></item><item><mate>
                  

    白醋

                </mate><quantity>
                    少许
                </quantity></item></materials><steps>
            
            
              咕咾肉，第一个步骤是炸肉，炸肉最好选里脊肉，里脊肉质嫩，炸出来味道比较棒。把里脊肉洗净，切片，切片过后用刀排松，也可以在肉的表面改十字花刀，花刀可以让肉更入味，也容易挂糊，如果懒可以省略改花刀这个步骤，然后把肉切成小块，放入容器中备用。
              
            
            
            
              切好的肉块，加入盐，味精，五香粉，料酒，抓匀腌制半小时左右入味
              
            
            
            
              然后加入淀粉抓匀
              
            
            
            
              在加入一个鸡蛋抓成糊挂匀
              
            
            
            
              挂匀,在腌制肉块的过程中，可以将菠萝切成小块备用。并准备好接下来的材料，蜂蜜，番茄酱，白醋。
              
            
            
            
              座一锅热油，油4-5成热的时候依次下入肉块，待肉块表面炸挺，略微搅动，使肉块受热均匀。
              
            
            
            
              待肉块炸制金黄色之后，捞出控油。
              
            
            
            
              熬糖醋汁：熬糖醋汁要快，要炸完肉块马上进行，否则肉块放久了表皮就酥软了，没有脆的感觉。锅内留底油，加入一炒勺水，加入两勺蜂蜜，然后加入一些番茄酱，（老丁最近超爱用蜂蜜熬糖醋汁，比原来用冰糖熬感觉味道好的多，当然大家喜欢也可以用冰糖）待锅内泛起小水泡开始变粘稠，加入一点白醋，
              
            
            
            
              等糖醋汁变成大水泡，变粘稠后，加入肉块和菠萝，翻匀，均匀的挂上糖醋汁，出锅即可。
              
            
            
            
              加入肉块和菠萝，翻匀，均匀的挂上糖醋汁，出锅即可。
              
            
          </steps><tips/><tags>
        糖醋
        快手菜
        创意菜
        深夜食堂
        宴客
        减肥
        家常菜
        咕咾肉
        菠萝咕咾肉
      </tags></item></page_detail></extraction>