<?xml version="1.0" encoding="UTF-8"?><extraction><clueid>99353785</clueid><fullpath><![CDATA[http://www.xiachufang.com/recipe/1008040/]]></fullpath><realpath><![CDATA[http://www.xiachufang.com/recipe/1008040/]]></realpath><theme>food_detail_page</theme><middle>规则_2</middle><createdate>2019-5-14 17:49:3</createdate><pageno>0</pageno><actionno></actionno><actionvalue></actionvalue><prestamp>DSEngine-+--+-0</prestamp><currentstamp>DSEngine-+-ds_browser_top-+-1557827343001</currentstamp><timestamp>1557827343001</timestamp><baseURI><bucketBaseURI><bucketName>page_detail</bucketName><uri><![CDATA[http://www.xiachufang.com/recipe/1008040/]]></uri></bucketBaseURI></baseURI><customInfo><![CDATA[]]></customInfo><dsName>DSEngine</dsName><dsThread>datascraper_top</dsThread><version>80700</version>
<page_detail><item><foodname>
      山药薏米糖水
      </foodname><score/><heat>50</heat><author>让心休息</author><materials><item><mate>
                  

    山药

                </mate><quantity>
                    掌心大
                </quantity></item><item><mate>
                  

    薏米

                </mate><quantity>
                    2把
                </quantity></item><item><mate>
                  

    鲜莲子

                </mate><quantity>
                    若干
                </quantity></item><item><mate>
                  

    枸杞

                </mate><quantity>
                    若干
                </quantity></item><item><mate>
                  

    冰糖

                </mate><quantity>
                    适量
                </quantity></item></materials><steps>
            
            
              薏米洗干净后先泡3个小时左右（如果是用干莲子也可以先泡2小时左右）
            
            
            
              山药去皮，切滚刀小块；莲子去芯
            
            
            
              炖锅里放适量的开水，放入薏米，山药，莲子，先大火滚后调小火
            
            
            
              大约一个小时，看到薏米开了就可以了，加入枸杞跟冰糖后关火
            
          </steps><tips>
          我是用炖锅炖的，所以山药看起来没有煲烂了哦，但实际上很软了。如果是用火煲的话，建议可以先放薏米煲到半熟的时候再放山药跟莲子。这样糖水比较清，一起同时煲的话，会比较粘稠，根据自己喜欢就可以了。
        </tips><tags>
        甜品
        饮品
      </tags></item></page_detail></extraction>