<?xml version="1.0" encoding="UTF-8"?><extraction><clueid>99352407</clueid><fullpath><![CDATA[http://www.xiachufang.com/recipe/1003833/]]></fullpath><realpath><![CDATA[http://www.xiachufang.com/recipe/1003833/]]></realpath><theme>food_detail_page</theme><middle>规则_2</middle><createdate>2019-5-13 22:51:58</createdate><pageno>0</pageno><actionno></actionno><actionvalue></actionvalue><prestamp>DSEngine-+--+-0</prestamp><currentstamp>DSEngine-+-ds_browser_top-+-1557759118940</currentstamp><timestamp>1557759118940</timestamp><baseURI><bucketBaseURI><bucketName>page_detail</bucketName><uri><![CDATA[http://www.xiachufang.com/recipe/1003833/]]></uri></bucketBaseURI></baseURI><customInfo><![CDATA[]]></customInfo><dsName>DSEngine</dsName><dsThread>datascraper_top</dsThread><version>80700</version>
<page_detail><item><foodname>
      青椒番茄土豆片
    </foodname><score>7.7</score><heat>3032</heat><author>坦克运转手</author><materials><item><mate>
                  

    青椒

                </mate><quantity>
                </quantity></item><item><mate>
                  

    番茄

                </mate><quantity>
                </quantity></item><item><mate>
                  

    土豆

                </mate><quantity>
                </quantity></item><item><mate>
                  

    蒜

                </mate><quantity>
                </quantity></item><item><mate>
                  

    盐

                </mate><quantity>
                </quantity></item></materials><steps>
            
            
              番茄去皮切小块，土豆切片
            
            
            
              爆香蒜末下土豆片，加少许生抽
            
            
            
              加入番茄块，炒至番茄软烂
            
            
            
              起锅前继续放蒜末，青椒，炒到青椒断生加盐
            
          </steps><tips>
          必杀技是在一开始和起锅前的2段式加蒜末

很多同学问为什么做的不够小清新。。味道才是王道，好吃最重要。。想做好看的同学： 
1. 一定加生抽，一点就行
2. 土豆片切好清水浸泡
3. 不要到处跟人乱讲是我教你做这种小清新的……
        </tips><tags>
        家常菜
        快手菜
        素菜
        宿舍
      </tags></item></page_detail></extraction>