<?xml version="1.0" encoding="UTF-8"?><extraction><clueid>99352249</clueid><fullpath><![CDATA[http://www.xiachufang.com/recipe/100389228/]]></fullpath><realpath><![CDATA[http://www.xiachufang.com/recipe/100389228/]]></realpath><theme>food_detail_page</theme><middle>规则_2</middle><createdate>2019-5-13 22:1:34</createdate><pageno>0</pageno><actionno></actionno><actionvalue></actionvalue><prestamp>DSEngine-+--+-0</prestamp><currentstamp>DSEngine-+-ds_browser_top-+-1557756094445</currentstamp><timestamp>1557756094445</timestamp><baseURI><bucketBaseURI><bucketName>page_detail</bucketName><uri><![CDATA[http://www.xiachufang.com/recipe/100389228/]]></uri></bucketBaseURI></baseURI><customInfo><![CDATA[]]></customInfo><dsName>DSEngine</dsName><dsThread>datascraper_top</dsThread><version>80700</version>
<page_detail><item><foodname>
      老丁的私房菜－蚂蚁上树
      </foodname><score>7.9</score><heat>6831</heat><author>老丁的私房菜</author><materials><item><mate>
                  

    粉丝

                </mate><quantity>
                    2把
                </quantity></item><item><mate>
                  

    肉末

                </mate><quantity>
                    少许
                </quantity></item><item><mate>
                  

    四川郫县豆瓣酱

                </mate><quantity>
                    少许
                </quantity></item><item><mate>
                  

    葱姜蒜，盐，香葱

                </mate><quantity>
                    少许
                </quantity></item></materials><steps>
            
            
              龙口粉丝剪断，防止太长，温水浸泡20分钟，这里粉丝也可以用红薯粉，根据个人口味。浸泡要求泡透，用手可以掐断，没有硬芯即可，泡透即可将粉丝捞出备用
              
            
            
            
              葱姜蒜切沫，肉末，粉丝，郫县豆瓣酱备用
              
            
            
            
              热锅凉油，下入底油，然后加入葱姜蒜沫炒香
              
            
            
            
              加入豆瓣酱炒香，炒出红油，加入肉末翻炒至变色，加入老抽调一下色
              
            
            
            
              加入高汤或者清水
              
            
            
            
              下入粉丝，用筷子拨散均匀
              
            
            
            
              开火后中火煮5-10分钟，大火收汁即可。
              
            
            
            
              装盘，撒上香葱花点缀
              
            
          </steps><tips>
          1、粉丝浸泡20分钟以上，但不要泡太久，泡太久就烂了，没有硬芯即可。2、下入粉丝后，用筷子摇散，均匀煮一会，然后大火收汁。
        </tips><tags>
        下饭菜
        家常菜
        快手菜
        减肥
        宴客
        辣
        蚂蚁上树
      </tags></item></page_detail></extraction>