<?xml version="1.0" encoding="UTF-8"?><extraction><clueid>99353260</clueid><fullpath><![CDATA[http://www.xiachufang.com/recipe/101818084/]]></fullpath><realpath><![CDATA[http://www.xiachufang.com/recipe/101818084/]]></realpath><theme>food_detail_page</theme><middle>规则_2</middle><createdate>2019-5-14 15:1:15</createdate><pageno>0</pageno><actionno></actionno><actionvalue></actionvalue><prestamp>DSEngine-+--+-0</prestamp><currentstamp>DSEngine-+-ds_browser_top-+-1557817275336</currentstamp><timestamp>1557817275336</timestamp><baseURI><bucketBaseURI><bucketName>page_detail</bucketName><uri><![CDATA[http://www.xiachufang.com/recipe/101818084/]]></uri></bucketBaseURI></baseURI><customInfo><![CDATA[]]></customInfo><dsName>DSEngine</dsName><dsThread>datascraper_top</dsThread><version>80700</version>
<page_detail><item><foodname>
      紫苏糖浆
    </foodname><score/><heat>24</heat><author>我是伦家</author><materials><item><mate>
                  

    紫苏

                </mate><quantity>
                    200g
                </quantity></item><item><mate>
                  

    糖（砂糖、碎冰糖都可以）

                </mate><quantity>
                    100g
                </quantity></item><item><mate>
                  

    柠檬

                </mate><quantity>
                    半个
                </quantity></item><item><mate>
                  

    水+锅

                </mate><quantity>
                    
                </quantity></item></materials><steps>
            
            
              紫苏叶洗净去梗~~~
              
            
            
            
              撕碎
              
            
            
            
              加入糖
              
            
            
            
              揉捻并静置半小时左右。（会有水分溢出）
              
            
            
            
              锅中放水烧开然后将紫苏叶放入（水量差不多是紫苏的2倍）~
              
            
            
            
              超不多熬煮10分钟后挤入柠檬汁（柠檬汁可以起到防腐作用）~
              
            
            
            
              再熬3-5分钟即可关火~之后滤掉紫苏叶倒入玻璃罐中储存。
              
            
            
            
              提示：（自制食品没有添加剂，建议2周内食用完）
              
            
            
            
              别只用它垫着食物了
              
            
            
            
              可以选择直接加水、加苏打水、甚至用它来调鸡尾酒...对，做饮料的时候加入奶油打发做topping...
              
            
            
            
              瞬间想到超多的...你想到什么？
              
            
            
            
              分享一下紫苏干叶脱水方法，这样紫苏可以保存很久~随吃随取。
              
            
            
            
              紫苏叶洗净晾干。平铺于烤箱，100度-110度上下火20分钟。轻轻一捏就碎了~可以放入密封罐中保存。
              
            
            
            
              随便包上你爱吃的食材，外层撒上紫苏碎~淡淡的专属香气，超好吃。炒菜炒饭做西餐做意面的时候可以撒点儿，也会有它特殊的香气。
              
            
            
            
              话唠等你告知我更多地食用方法哦~
              
            
          </steps><tips/><tags>
        全部菜单
      </tags></item></page_detail></extraction>