<?xml version="1.0" encoding="UTF-8"?><extraction><clueid>99352657</clueid><fullpath><![CDATA[http://www.xiachufang.com/recipe/100513854/]]></fullpath><realpath><![CDATA[http://www.xiachufang.com/recipe/100513854/]]></realpath><theme>food_detail_page</theme><middle>规则_2</middle><createdate>2019-5-13 23:49:30</createdate><pageno>0</pageno><actionno></actionno><actionvalue></actionvalue><prestamp>DSEngine-+--+-0</prestamp><currentstamp>DSEngine-+-ds_browser_top-+-1557762570140</currentstamp><timestamp>1557762570140</timestamp><baseURI><bucketBaseURI><bucketName>page_detail</bucketName><uri><![CDATA[http://www.xiachufang.com/recipe/100513854/]]></uri></bucketBaseURI></baseURI><customInfo><![CDATA[]]></customInfo><dsName>DSEngine</dsName><dsThread>datascraper_top</dsThread><version>80700</version>
<page_detail><item><foodname>
      酱爆肉丁（简单快手下饭）
      </foodname><score>7.4</score><heat>713</heat><author>洛凡-lola</author><materials><item><mate>
                  

    猪肉

                </mate><quantity>
                    约200g
                </quantity></item><item><mate>
                  

    土豆

                </mate><quantity>
                    一个
                </quantity></item><item><mate>
                  

    胡萝卜

                </mate><quantity>
                    一小截
                </quantity></item><item><mate>
                  

    小黄瓜

                </mate><quantity>
                    一个
                </quantity></item><item><mate>
                  

    盐

                </mate><quantity>
                    小半勺
                </quantity></item><item><mate>
                  

    料酒

                </mate><quantity>
                    一勺
                </quantity></item><item><mate>
                  

    甜面酱

                </mate><quantity>
                    两大勺约100g
                </quantity></item><item><mate>
                  

    郫县豆瓣

                </mate><quantity>
                    一勺
                </quantity></item><item><mate>
                  

    糖

                </mate><quantity>
                    小半勺（可略）
                </quantity></item></materials><steps>
            
            
              所有原料切1cm左右的小丁
            
            
            
              油7，8成热时放肉 快炒（我喜欢中火 煸到肉边儿稍微有点变黄 煸出油来）盛出
            
            
            
              锅里剩下的油煸土豆和胡萝卜 看变色了略透明盛出（也可以微波炉微1-2分钟 适当调节）
            
            
            
              锅里看看有没有油 没有了再放点油小火 炒甜面酱和郫县豆瓣酱看酱与油慢慢融合 冒小泡儿 出酱香 越来越浓
            
            
            
              可以放肉和配菜了调大火 倒肉菜 快速翻炒 裹上酱汁儿出锅（有菜谱说可以再淋点香油 ╮(╯▽╰)╭我不喜欢啦 大家随意）
            
          </steps><tips/><tags>
        快手菜
        家常菜
        酱
        下饭菜
        饭
      </tags></item></page_detail></extraction>