<?xml version="1.0" encoding="UTF-8"?><extraction><clueid>99353949</clueid><fullpath><![CDATA[http://www.xiachufang.com/recipe/160433/]]></fullpath><realpath><![CDATA[http://www.xiachufang.com/recipe/160433/]]></realpath><theme>food_detail_page</theme><middle>规则_2</middle><createdate>2019-5-14 20:46:27</createdate><pageno>0</pageno><actionno></actionno><actionvalue></actionvalue><prestamp>DSEngine-+--+-0</prestamp><currentstamp>DSEngine-+-ds_browser_top-+-1557837987836</currentstamp><timestamp>1557837987836</timestamp><baseURI><bucketBaseURI><bucketName>page_detail</bucketName><uri><![CDATA[http://www.xiachufang.com/recipe/160433/]]></uri></bucketBaseURI></baseURI><customInfo><![CDATA[]]></customInfo><dsName>DSEngine</dsName><dsThread>datascraper_top</dsThread><version>80700</version>
<page_detail><item><foodname>
      红枣花雕鸭
    </foodname><score/><heat>4</heat><author>鲍鱼</author><materials><item><mate>
                  

    干红枣

                </mate><quantity>
                    80克
                </quantity></item><item><mate>
                  

    鸭子

                </mate><quantity>
                    半只
                </quantity></item><item><mate>
                  

    花雕酒

                </mate><quantity>
                    50毫升
                </quantity></item><item><mate>
                  

    冰糖

                </mate><quantity>
                    
                </quantity></item><item><mate>
                  

    老抽

                </mate><quantity>
                    
                </quantity></item><item><mate>
                  

    盐

                </mate><quantity>
                    
                </quantity></item><item><mate>
                  

    葱

                </mate><quantity>
                    
                </quantity></item><item><mate>
                  

    姜

                </mate><quantity>
                    适量
                </quantity></item></materials><steps>
            
            
              干红枣洗净，半片鸭洗净擦干切块备用
            
            
            
              干锅不放油开火，将鸭肉皮冲下码在锅中，不用翻动
            
            
            
              随着锅内温度增高，鸭块会媥出大量油脂
            
            
            
              鸭块出油变色后盛出，将国内多余油脂倒掉
            
            
            
              锅内留少许底油将葱姜爆香
            
            
            
              下入鸭块翻炒
            
            
            
              加入老抽和一小勺白糖翻炒均匀后沿锅边加入花雕酒
            
            
            
              在锅中加入热水，以没过鸭肉为准
            
            
            
              加入香叶两片，冰糖1-5粒
            
            
            
              下入干红枣
            
            
            
              将红枣和鸭肉炒均匀
            
            
            
              小火盖锅盖焖煮30分钟
            
            
            
              分钟后加盐条味儿
            
            
            
              调味儿后大火收汁完成
            
          </steps><tips/><tags>
        焖
        补血
      </tags></item></page_detail></extraction>