<?xml version="1.0" encoding="UTF-8"?><extraction><clueid>99353940</clueid><fullpath><![CDATA[http://www.xiachufang.com/recipe/184576/]]></fullpath><realpath><![CDATA[http://www.xiachufang.com/recipe/184576/]]></realpath><theme>food_detail_page</theme><middle>规则_2</middle><createdate>2019-5-14 20:37:8</createdate><pageno>0</pageno><actionno></actionno><actionvalue></actionvalue><prestamp>DSEngine-+--+-0</prestamp><currentstamp>DSEngine-+-ds_browser_top-+-1557837428029</currentstamp><timestamp>1557837428029</timestamp><baseURI><bucketBaseURI><bucketName>page_detail</bucketName><uri><![CDATA[http://www.xiachufang.com/recipe/184576/]]></uri></bucketBaseURI></baseURI><customInfo><![CDATA[]]></customInfo><dsName>DSEngine</dsName><dsThread>datascraper_top</dsThread><version>80700</version>
<page_detail><item><foodname>
      冰糖银耳牛奶炖牛瓜
    </foodname><score/><heat>7</heat><author>臻妈美食厨房</author><materials><item><mate>
                  

    木瓜

                </mate><quantity>
                    1只
                </quantity></item><item><mate>
                  

    银耳

                </mate><quantity>
                    少许
                </quantity></item><item><mate>
                  

    冰糖

                </mate><quantity>
                    少许
                </quantity></item><item><mate>
                  

    牛奶

                </mate><quantity>
                    少许
                </quantity></item></materials><steps>
            
            
              银耳用温水泡发，放入高压锅里压制软烂（量可以多一些，用不完的话可以配其它甜品或做成红枣银耳甜汤）
              
            
            
            
              将木瓜洗净，削去三分之一，挖去里面的籽，冰糖用刀切成两块（易于溶化）
              
            
            
            
              将软烂的银耳放在木瓜的肚子里，放上冰糖，用牙签将盖子固定住，入开水锅中隔水小火炖约30分钟
              
            
            
            
              取出，加入牛奶，再炖5分钟即可（时间可自由掌握）
              
            
          </steps><tips/><tags>
        全部菜单
      </tags></item></page_detail></extraction>