<?xml version="1.0" encoding="UTF-8"?><extraction><clueid>99352794</clueid><fullpath><![CDATA[http://www.xiachufang.com/recipe/100443331/]]></fullpath><realpath><![CDATA[http://www.xiachufang.com/recipe/100443331/]]></realpath><theme>food_detail_page</theme><middle>规则_2</middle><createdate>2019-5-14 2:9:59</createdate><pageno>0</pageno><actionno></actionno><actionvalue></actionvalue><prestamp>DSEngine-+--+-0</prestamp><currentstamp>DSEngine-+-ds_browser_top-+-1557770999713</currentstamp><timestamp>1557770999713</timestamp><baseURI><bucketBaseURI><bucketName>page_detail</bucketName><uri><![CDATA[http://www.xiachufang.com/recipe/100443331/]]></uri></bucketBaseURI></baseURI><customInfo><![CDATA[]]></customInfo><dsName>DSEngine</dsName><dsThread>datascraper_top</dsThread><version>80700</version>
<page_detail><item><foodname>
      鸡肉蔬菜沙拉
      </foodname><score>7.9</score><heat>912</heat><author>类老虎</author><materials><item><mate>
                  

    盐

                </mate><quantity>
                    少量
                </quantity></item><item><mate>
                  

    淀粉

                </mate><quantity>
                    一汤匙
                </quantity></item><item><mate>
                  

    料酒

                </mate><quantity>
                    一汤匙
                </quantity></item><item><mate>
                  

    生抽

                </mate><quantity>
                    一汤匙
                </quantity></item><item><mate>
                  

    鸡胸肉

                </mate><quantity>
                    150g
                </quantity></item><item><mate>
                  

    生菜

                </mate><quantity>
                    适量
                </quantity></item><item><mate>
                  

    西兰花

                </mate><quantity>
                    半颗
                </quantity></item><item><mate>
                  

    紫甘蓝

                </mate><quantity>
                    3片
                </quantity></item><item><mate>
                  

    红辣椒

                </mate><quantity>
                    2根
                </quantity></item><item><mate>
                  

    鸡蛋

                </mate><quantity>
                    1个
                </quantity></item><item><mate>
                  

    蒜

                </mate><quantity>
                    一瓣
                </quantity></item><item><mate>
                  

    沙拉酱

                </mate><quantity>
                    适量
                </quantity></item><item><mate>
                  

    小番茄

                </mate><quantity>
                    5-7个
                </quantity></item><item><mate>
                  

    卷心菜

                </mate><quantity>
                    3片
                </quantity></item><item><mate>
                  

    玉米

                </mate><quantity>
                    半根
                </quantity></item><item><mate>
                  

    果醋

                </mate><quantity>
                    适量
                </quantity></item><item><mate>
                  

    橄榄油

                </mate><quantity>
                    适量
                </quantity></item></materials><steps>
            
            
              超市买的鸡胸肉一般要解冻，常温静置3小时左右即可。如果赶时间可以加冷水泡过鸡肉，放碗里入微波炉大火3分钟，不够再转。
            
            
            
              将鸡胸肉洗净，斜着鸡肉纹理切1cm左右小丁（横切牛羊竖切猪，斜切鸡）。然后放入碗中加入盐、料酒、生抽、淀粉搅拌腌制
              
            
            
            
              趁鸡肉腌制的时候，将西兰花切小朵，用开水焯一下。焯的时候可以滴几滴油让颜色更鲜亮。紫甘蓝、生菜等蔬菜根据喜好切成丁或者丝，也过一道开水。
              
            
            
            
              焯过西兰花的开水别倒掉，放一个鸡蛋，盖上盖子烫熟
            
            
            
              热锅放油，有条件可以用橄榄油。7成热加入蒜末，爆香后加入鸡丁大火不断翻炒直到表面变白，加入辣椒丁继续翻炒片刻即可出锅。
            
            
            
              将鸡肉与蔬菜混合，根据个人喜好加入适量沙拉酱、橄榄油和果醋进行搅拌，实在觉得味道淡可以再撒少许盐。最后将鸡蛋切开摆上，全部完成。
              
            
          </steps><tips>
          1. 我是为了口感和味道才腌制并炒一下鸡丁，如果完全为了追求健康，可以直接开水煮熟鸡丁和蔬菜拌。2. 鸡丁想要炒的比较嫩，淀粉拌匀腌制和大火快炒是关键。3. 选择沙拉酱的时候最好挑热量低一点的，然后少放一点，毕竟是健康晚餐。我买的时候，两个不同牌子的沙拉酱每100ml差了1000KJ的热量。
        </tips><tags>
        快手菜
        减肥
        沙拉
      </tags></item></page_detail></extraction>