<?xml version="1.0" encoding="UTF-8"?><extraction><clueid>99352860</clueid><fullpath><![CDATA[http://www.xiachufang.com/recipe/100293597/]]></fullpath><realpath><![CDATA[http://www.xiachufang.com/recipe/100293597/]]></realpath><theme>food_detail_page</theme><middle>规则_2</middle><createdate>2019-5-14 10:26:36</createdate><pageno>0</pageno><actionno></actionno><actionvalue></actionvalue><prestamp>DSEngine-+--+-0</prestamp><currentstamp>DSEngine-+-ds_browser_top-+-1557800796678</currentstamp><timestamp>1557800796678</timestamp><baseURI><bucketBaseURI><bucketName>page_detail</bucketName><uri><![CDATA[http://www.xiachufang.com/recipe/100293597/]]></uri></bucketBaseURI></baseURI><customInfo><![CDATA[]]></customInfo><dsName>DSEngine</dsName><dsThread>datascraper_top</dsThread><version>80700</version>
<page_detail><item><foodname>
      妈妈牌：肉末冬瓜汤
      </foodname><score>8.0</score><heat>474</heat><author>鸡蛋花蒋蒋鸡蛋花</author><materials><item><mate>
                  

    肉末

                </mate><quantity>
                </quantity></item><item><mate>
                  

    生抽

                </mate><quantity>
                </quantity></item><item><mate>
                  

    淀粉

                </mate><quantity>
                </quantity></item><item><mate>
                  

    盐

                </mate><quantity>
                </quantity></item><item><mate>
                  

    香油

                </mate><quantity>
                </quantity></item><item><mate>
                  

    胡椒粉

                </mate><quantity>
                </quantity></item><item><mate>
                  

    鸡精

                </mate><quantity>
                </quantity></item><item><mate>
                  

    13香（可不要）

                </mate><quantity>
                </quantity></item><item><mate>
                  

    冬瓜

                </mate><quantity>
                </quantity></item><item><mate>
                  

    小葱

                </mate><quantity>
                </quantity></item></materials><steps>
            
            
              肉末加少许盐，几滴香油，几滴生抽，少许淀粉，一点胡椒粉搅拌腌制15-30分钟，冬瓜去皮切小块，小葱洗干净切葱花
            
            
            
              少许油先爆香肉末，炒至变色
            
            
            
              加冬瓜继续翻炒1-2分钟，加冷水，煮开后加盐，鸡精，一点生抽。小火慢慢煮3-5分钟关火，撒一把小葱搅拌下出锅。如果家里有虾米可以提前1-2分钟放一把虾米，汤超级鲜美的！
            
          </steps><tips/><tags>
        减肥
      </tags></item></page_detail></extraction>