<?xml version="1.0" encoding="UTF-8"?><extraction><clueid>99353174</clueid><fullpath><![CDATA[http://www.xiachufang.com/recipe/100406068/]]></fullpath><realpath><![CDATA[http://www.xiachufang.com/recipe/100406068/]]></realpath><theme>food_detail_page</theme><middle>规则_2</middle><createdate>2019-5-14 14:46:41</createdate><pageno>0</pageno><actionno></actionno><actionvalue></actionvalue><prestamp>DSEngine-+--+-0</prestamp><currentstamp>DSEngine-+-ds_browser_top-+-1557816401194</currentstamp><timestamp>1557816401194</timestamp><baseURI><bucketBaseURI><bucketName>page_detail</bucketName><uri><![CDATA[http://www.xiachufang.com/recipe/100406068/]]></uri></bucketBaseURI></baseURI><customInfo><![CDATA[]]></customInfo><dsName>DSEngine</dsName><dsThread>datascraper_top</dsThread><version>80700</version>
<page_detail><item><foodname>
      美白祛斑 纤体瘦身《陈皮薏米茨实猪脊骨煲冬瓜》
      </foodname><score/><heat>8</heat><author>寻味-专注原生态食材</author><materials><item><mate>
                  

    猪脊骨

                </mate><quantity>
                    500克
                </quantity></item><item><mate>
                  

    冬瓜

                </mate><quantity>
                    500克
                </quantity></item><item><mate>
                  

    薏米

                </mate><quantity>
                    30克
                </quantity></item><item><mate>
                  

    茨实

                </mate><quantity>
                    20克
                </quantity></item><item><mate>
                  

    沙参

                </mate><quantity>
                    10克
                </quantity></item><item><mate>
                  

    陈皮

                </mate><quantity>
                    2克
                </quantity></item><item><mate>
                  

    蜜枣

                </mate><quantity>
                    2枚
                </quantity></item><item><mate>
                  

    生姜

                </mate><quantity>
                    2-3片
                </quantity></item><item><mate>
                  

    盐

                </mate><quantity>
                    适量
                </quantity></item></materials><steps>
            
            
              冬瓜连皮留仁洗净，切块；将薏米、茨实、沙参、陈皮浸泡洗净，陈皮泡至软后用刀刮去白瓤；
            
            
            
              猪脊骨洗净,斩件,飞水（“飞水”即过开水，把材料用清水煮开2-3钟，除去腥味和血水，煮开后捞起，再用清水冲洗干净）。
            
            
            
              各物一起放进汤煲内，加入清水2500毫升（约10碗水量），武火煲沸后，改为文火煲2个小时，调入适量食盐调味即可。
            
          </steps><tips>
          薏米性凉，味甘、淡，能健脾、补肺、清热、利湿、抗癌。《本草新编》曰：“薏苡仁最善利水，不致损耗真阴，凡湿盛在下身者，最宜用之。”含有丰富的B1，B2以及钙 铁 磷等物质 常吃薏仁可以美化肌肤 美容养颜 还可以减肥。芡实：味甘，性平，具有补中、除暑疾、益精气、强志、令耳目聪明的作用。《本草经疏》云：“芡实，味甘气平，无毒，补脾胃固 精气之经也。”  现代研究表明，芡实含有大量对人体有益的营养素，如蛋白质、钙、磷、铁、脂肪、碳水化合物、维生素B1、B2、C、粗纤维、胡萝卜素等，并且容易消化。茨实一直被誉为永葆青春活力、防止未老先衰之良物。凡体质虚弱及患有慢性疾病的人均多可服用，常食用可轻身，延年益寿。沙参：性甘，微寒。归肺、胃经。具有养阴清肺，清胃生津，补气，化痰的功效。沙参在美容界中地位很高，与其它中药配合使用能补胃肺之阴、清胃肺之热，因其滋阴清肺、养胃生津，可以起到养颜润肤之功效。陈皮：柑皮晒干而成的，以贮藏的时间越久越好，故称“陈皮”。是药食同源的宝贵食材之一. 具有理气健脾调中，燥湿化痰、解腻留香、降逆止呕、利尿减肥之功效。用陈皮烹饪，已成为所有广东人的传统习惯。无论蒸排骨、煎鱼、炒菜，还是煲汤、煲糖水，大家都喜欢放一点陈皮调味。陈皮含有挥发油、橙皮油、B族维生素、维生素C等成分，可以理气淡斑、调经养颜。蜜枣，广东汤里都有一种似有似无的甜味，这就是蜜枣的功劳，放两三颗，清润效果非常。蜜枣中含大量蛋白质、碳水化合物、胡罗卜素和微生素C，有补血、健胃、益肺、调胃之功能。
        </tips><tags>
        减肥
      </tags></item></page_detail></extraction>