<?xml version="1.0" encoding="UTF-8"?><extraction><clueid>99353102</clueid><fullpath><![CDATA[http://www.xiachufang.com/recipe/100443550/]]></fullpath><realpath><![CDATA[http://www.xiachufang.com/recipe/100443550/]]></realpath><theme>food_detail_page</theme><middle>规则_2</middle><createdate>2019-5-14 13:10:44</createdate><pageno>0</pageno><actionno></actionno><actionvalue></actionvalue><prestamp>DSEngine-+--+-0</prestamp><currentstamp>DSEngine-+-ds_browser_top-+-1557810644973</currentstamp><timestamp>1557810644973</timestamp><baseURI><bucketBaseURI><bucketName>page_detail</bucketName><uri><![CDATA[http://www.xiachufang.com/recipe/100443550/]]></uri></bucketBaseURI></baseURI><customInfo><![CDATA[]]></customInfo><dsName>DSEngine</dsName><dsThread>datascraper_top</dsThread><version>80700</version>
<page_detail><item><foodname>
      老丁的私房菜-酸辣土豆丝
      </foodname><score>7.5</score><heat>115</heat><author>老丁的私房菜</author><materials><item><mate>
                  

    土豆

                </mate><quantity>
                    2个
                </quantity></item><item><mate>
                  

    红辣椒

                </mate><quantity>
                    3~4个
                </quantity></item><item><mate>
                  

    青辣椒

                </mate><quantity>
                    1个
                </quantity></item><item><mate>
                  

    盐，醋，酱油

                </mate><quantity>
                    少许
                </quantity></item></materials><steps>
            
            
              土豆刮皮，切丝
              
            
            
            
              土豆丝泡水洗净，因为土豆富含淀粉，这一步可以洗去大部分淀粉，让土豆丝更脆，也更白。
              
            
            
            
              红青辣椒切丝备用。
              
            
            
            
              热锅凉油，油三成热，放入红青辣椒丝
              
            
            
            
              倒入土豆丝，快速翻炒，加入一点酱油和醋，最后加盐出锅即可。
              
            
          </steps><tips/><tags>
        家常菜
        快手菜
        下饭菜
        素菜
        深夜食堂
      </tags></item></page_detail></extraction>