<?xml version="1.0" encoding="UTF-8"?><extraction><clueid>99353766</clueid><fullpath><![CDATA[http://www.xiachufang.com/recipe/100618733/]]></fullpath><realpath><![CDATA[http://www.xiachufang.com/recipe/100618733/]]></realpath><theme>food_detail_page</theme><middle>规则_2</middle><createdate>2019-5-14 17:35:35</createdate><pageno>0</pageno><actionno></actionno><actionvalue></actionvalue><prestamp>DSEngine-+--+-0</prestamp><currentstamp>DSEngine-+-ds_browser_top-+-1557826535609</currentstamp><timestamp>1557826535609</timestamp><baseURI><bucketBaseURI><bucketName>page_detail</bucketName><uri><![CDATA[http://www.xiachufang.com/recipe/100618733/]]></uri></bucketBaseURI></baseURI><customInfo><![CDATA[]]></customInfo><dsName>DSEngine</dsName><dsThread>datascraper_top</dsThread><version>80700</version>
<page_detail><item><foodname>
      雪梨汤（止咳润肺）
      </foodname><score>8.1</score><heat>64</heat><author>周而復始舊時光</author><materials><item><mate>
                  

    雪梨

                </mate><quantity>
                    一个
                </quantity></item><item><mate>
                  

    红枣

                </mate><quantity>
                    4 5颗都行
                </quantity></item><item><mate>
                  

    枸杞

                </mate><quantity>
                    一小把
                </quantity></item><item><mate>
                  

    银耳

                </mate><quantity>
                    适量（没有也可不放）
                </quantity></item><item><mate>
                  

    冰糖

                </mate><quantity>
                    一小把
                </quantity></item></materials><steps>
            
            
              把雪梨切片，把所有材料放进锅里，加水，小奶锅的话水加满，大火煮开，换小火慢慢炖，梨透明 熟了就好了，我一般喜欢熬个四十分钟左右，有时也会熬个一小时，看你们的心情 都可以 
              
            
          </steps><tips>
          这个汤自我发挥的余地很大，可以按你们的口味随机搭配，加百合也可以，加莲子也可以，银耳没有的话不放也可以，只要你们开心 怎么来都行 哈哈，有人又说太甜，你可以先少放一点糖，等水开了糖化了，你先尝一尝，不甜就再加一点，按你们的口味来，也有盆友问我加多少水，小锅一个梨加满水，如果是大一点的锅或者家里人多就放两个梨，水也加满😘
        </tips><tags>
        全部菜单
      </tags></item></page_detail></extraction>