<?xml version="1.0" encoding="UTF-8"?><extraction><clueid>99352221</clueid><fullpath><![CDATA[http://www.xiachufang.com/recipe/264149/]]></fullpath><realpath><![CDATA[http://www.xiachufang.com/recipe/264149/]]></realpath><theme>food_detail_page</theme><middle>规则_2</middle><createdate>2019-5-13 21:55:21</createdate><pageno>0</pageno><actionno></actionno><actionvalue></actionvalue><prestamp>DSEngine-+--+-0</prestamp><currentstamp>DSEngine-+-ds_browser_top-+-1557755721908</currentstamp><timestamp>1557755721908</timestamp><baseURI><bucketBaseURI><bucketName>page_detail</bucketName><uri><![CDATA[http://www.xiachufang.com/recipe/264149/]]></uri></bucketBaseURI></baseURI><customInfo><![CDATA[]]></customInfo><dsName>DSEngine</dsName><dsThread>datascraper_top</dsThread><version>80700</version>
<page_detail><item><foodname>
      阿婆手撕包菜
    </foodname><score>7.9</score><heat>12970</heat><author>圆猪猪</author><materials><item><mate>
                  

    圆白菜

                </mate><quantity>
                    半颗
                </quantity></item><item><mate>
                  

    干红椒

                </mate><quantity>
                    3-5颗
                </quantity></item><item><mate>
                  

    五花肉

                </mate><quantity>
                    250克
                </quantity></item><item><mate>
                  

    大蒜

                </mate><quantity>
                    3颗
                </quantity></item><item><mate>
                  

    生姜

                </mate><quantity>
                    5克
                </quantity></item><item><mate>
                  

    盐

                </mate><quantity>
                    1/4小匙
                </quantity></item><item><mate>
                  

    蚝油

                </mate><quantity>
                    1大匙
                </quantity></item><item><mate>
                  

    生抽

                </mate><quantity>
                    1大匙
                </quantity></item><item><mate>
                  

    花椒油

                </mate><quantity>
                    1小匙
                </quantity></item></materials><steps>
            
            
              将圆白菜用手撕成小块，用水冲洗干净，沥净水备用
              
            
            
            
              将五花肉切成薄片，干红椒切成段，大蒜和生姜分别切成颗粒状
              
            
            
            
              炒锅烧热，放入凉油，将五花肉放入用小火干煸
              
            
            
            
              煸至肉变成白色，即可放入干椒段，姜，大蒜，继续用小火煸炒
              
            
            
            
              直至肉色变成微黄色，油脂煎出来，姜蒜炒出香味
              
            
            
            
              这时放入撕好的圆白菜，加入盐，蚝油，生抽，用中火慢慢炒制
              
            
            
            
              直至白菜变软后，加入一匙花椒油或是香油即可出锅
              
            
          </steps><tips>
          1.圆白菜和椰菜都是包菜，但是不要买错了，椰菜的外形很圆，叶子很厚，叶色比较绿，吃起来也很脆硬。圆白菜外形比较扁，叶片很薄，吃起来有带些甜味的。
2.五花肉在这里可以给菜增加一些动物的油脂，增加香味，如果不喜欢吃肉的也可以省去。在煸炒五花肉时尽量用小火，慢慢把油煸出来，这样吃起来才不会油腻。
        </tips><tags>
        家常菜
        下饭菜
        素菜
        宴客
        单身食谱
        阿婆手撕包菜
        手撕包菜搜索
        蚝油手撕包菜
        糖醋手撕包菜
        醋溜手撕包菜
      </tags></item></page_detail></extraction>