<?xml version="1.0" encoding="UTF-8"?><extraction><clueid>99353878</clueid><fullpath><![CDATA[http://www.xiachufang.com/recipe/248669/]]></fullpath><realpath><![CDATA[http://www.xiachufang.com/recipe/248669/]]></realpath><theme>food_detail_page</theme><middle>规则_2</middle><createdate>2019-5-14 19:42:0</createdate><pageno>0</pageno><actionno></actionno><actionvalue></actionvalue><prestamp>DSEngine-+--+-0</prestamp><currentstamp>DSEngine-+-ds_browser_top-+-1557834120241</currentstamp><timestamp>1557834120241</timestamp><baseURI><bucketBaseURI><bucketName>page_detail</bucketName><uri><![CDATA[http://www.xiachufang.com/recipe/248669/]]></uri></bucketBaseURI></baseURI><customInfo><![CDATA[]]></customInfo><dsName>DSEngine</dsName><dsThread>datascraper_top</dsThread><version>80700</version>
<page_detail><item><foodname>
      川贝炖枇杷
    </foodname><score/><heat>18</heat><author>宅与路上</author><materials><item><mate>
                  

    枇杷

                </mate><quantity>
                    6颗（二人份）
                </quantity></item><item><mate>
                  

    冰糖

                </mate><quantity>
                    20克
                </quantity></item><item><mate>
                  

    川贝

                </mate><quantity>
                    5克
                </quantity></item></materials><steps>
            
            
              枇杷洗净，去核去皮
              
            
            
            
              准备好冰糖、川贝和枇杷
              
            
            
            
              将所有材料放入炖盅，加少量开水
              
            
            
            
              盖上炖盅的盖子，锅中水开后放入炖盅隔水炖40分钟即可
              
            
          </steps><tips>
          1、如果只作为糖水喝就不用放川贝。
2、冰糖的量根据自己喜欢调整。
3、这款糖水不适合风寒咳嗽（舌苔发白，夜里咳嗽多为几寒咳嗽）。
        </tips><tags>
        全部菜单
      </tags></item></page_detail></extraction>