<?xml version="1.0" encoding="UTF-8"?><extraction><clueid>99353172</clueid><fullpath><![CDATA[http://www.xiachufang.com/recipe/1048757/]]></fullpath><realpath><![CDATA[http://www.xiachufang.com/recipe/1048757/]]></realpath><theme>food_detail_page</theme><middle>规则_2</middle><createdate>2019-5-14 14:46:9</createdate><pageno>0</pageno><actionno></actionno><actionvalue></actionvalue><prestamp>DSEngine-+--+-0</prestamp><currentstamp>DSEngine-+-ds_browser_top-+-1557816369267</currentstamp><timestamp>1557816369267</timestamp><baseURI><bucketBaseURI><bucketName>page_detail</bucketName><uri><![CDATA[http://www.xiachufang.com/recipe/1048757/]]></uri></bucketBaseURI></baseURI><customInfo><![CDATA[]]></customInfo><dsName>DSEngine</dsName><dsThread>datascraper_top</dsThread><version>80700</version>
<page_detail><item><foodname>
      满记甜品之南北杏雪耳炖木瓜
      </foodname><score/><heat>27</heat><author>小羽私厨</author><materials><item><mate>
                  

    南杏仁

                </mate><quantity>
                    5g
                </quantity></item><item><mate>
                  

    北杏仁

                </mate><quantity>
                    1g
                </quantity></item><item><mate>
                  

    银耳

                </mate><quantity>
                    一朵
                </quantity></item><item><mate>
                  

    木瓜

                </mate><quantity>
                    半只
                </quantity></item><item><mate>
                  

    冰糖

                </mate><quantity>
                    2大勺
                </quantity></item><item><mate>
                  

    蔓越梅

                </mate><quantity>
                    1大勺
                </quantity></item></materials><steps>
            
            
              銀耳用溫水泡發，切小塊，根部黃色部分棄之不用。
            
            
            
              木瓜半只，去核去皮，切成小塊。
            
            
            
              將電飯煲添半鍋水，切好的銀耳、木瓜、南北杏、蔓越梅干、冰糖入鍋。
            
            
            
              如果電飯煲有煮粥模式最好，直接按下就好。等煲好後不要開蓋，用保溫模式悶上一夜或者一日後再吃。這樣出來的甜品就是黏稠軟糯，不會清湯寡水了。
            
            
            
              如果電飯煲沒有煲粥模式，就用煮飯模式，煮好後同樣不要開鍋，悶上一夜或者一日後，再按一次煮飯模式，等再次煮好後就可以吃了。同樣可以達到黏稠軟糯的效果。
            
            
            
              吃不完的可以冷藏，冰吃一樣好味。
            
          </steps><tips/><tags>
        甜品
        饮品
        下午茶
        零食
        满记
      </tags></item></page_detail></extraction>