<?xml version="1.0" encoding="UTF-8"?><extraction><clueid>99352864</clueid><fullpath><![CDATA[http://www.xiachufang.com/recipe/100389639/]]></fullpath><realpath><![CDATA[http://www.xiachufang.com/recipe/100389639/]]></realpath><theme>food_detail_page</theme><middle>规则_2</middle><createdate>2019-5-14 10:35:43</createdate><pageno>0</pageno><actionno></actionno><actionvalue></actionvalue><prestamp>DSEngine-+--+-0</prestamp><currentstamp>DSEngine-+-ds_browser_top-+-1557801343574</currentstamp><timestamp>1557801343574</timestamp><baseURI><bucketBaseURI><bucketName>page_detail</bucketName><uri><![CDATA[http://www.xiachufang.com/recipe/100389639/]]></uri></bucketBaseURI></baseURI><customInfo><![CDATA[]]></customInfo><dsName>DSEngine</dsName><dsThread>datascraper_top</dsThread><version>80700</version>
<page_detail><item><foodname>
      虾皮清炒西葫芦
      </foodname><score>7.9</score><heat>646</heat><author>往生花</author><materials><item><mate>
                  

    西葫芦

                </mate><quantity>
                    1个
                </quantity></item><item><mate>
                  

    虾皮

                </mate><quantity>
                    1小把
                </quantity></item><item><mate>
                  

    葱花

                </mate><quantity>
                    少许
                </quantity></item><item><mate>
                  

    盐

                </mate><quantity>
                    适量
                </quantity></item><item><mate>
                  

    生抽

                </mate><quantity>
                    少许
                </quantity></item><item><mate>
                  

    鸡精

                </mate><quantity>
                    适量
                </quantity></item><item><mate>
                  

    食用油

                </mate><quantity>
                    适量
                </quantity></item></materials><steps>
            
            
              西葫芦顺长切成2半，然后切段（每段的宽度就是切片的长度）。然后再切成长方形的厚片。
              
            
            
            
              葱切葱花，虾皮抓一小把备用。（虾皮买回来后放冰箱冷冻贮存，可以保持虾皮不干而鲜美。）
              
            
            
            
              炒锅热油，下葱花虾皮爆香，然后放入西葫芦炒至断生。加入盐、生抽、鸡精适量翻炒均匀即可。
              
            
          </steps><tips>
          西葫芦炒至断生即可，不要太软。
        </tips><tags>
        快手菜
        下饭菜
        下酒菜
        减肥
        家常菜
      </tags></item></page_detail></extraction>