<?xml version="1.0" encoding="UTF-8"?><extraction><clueid>99352466</clueid><fullpath><![CDATA[http://www.xiachufang.com/recipe/1068028/]]></fullpath><realpath><![CDATA[http://www.xiachufang.com/recipe/1068028/]]></realpath><theme>food_detail_page</theme><middle>规则_2</middle><createdate>2019-5-13 23:2:28</createdate><pageno>0</pageno><actionno></actionno><actionvalue></actionvalue><prestamp>DSEngine-+--+-0</prestamp><currentstamp>DSEngine-+-ds_browser_top-+-1557759748858</currentstamp><timestamp>1557759748858</timestamp><baseURI><bucketBaseURI><bucketName>page_detail</bucketName><uri><![CDATA[http://www.xiachufang.com/recipe/1068028/]]></uri></bucketBaseURI></baseURI><customInfo><![CDATA[]]></customInfo><dsName>DSEngine</dsName><dsThread>datascraper_top</dsThread><version>80700</version>
<page_detail><item><foodname>
      红烧牛腩
    </foodname><score>8.0</score><heat>2167</heat><author>小辞xiaoci</author><materials><item><mate>
                  

    牛腩

                </mate><quantity>
                    500g
                </quantity></item><item><mate>
                  

    土豆

                </mate><quantity>
                    500g
                </quantity></item><item><mate>
                  

    姜片

                </mate><quantity>
                    适量
                </quantity></item><item><mate>
                  

    八角

                </mate><quantity>
                    1个
                </quantity></item><item><mate>
                  

    香叶

                </mate><quantity>
                    2片
                </quantity></item><item><mate>
                  

    花椒

                </mate><quantity>
                    一小撮
                </quantity></item><item><mate>
                  

    干辣椒

                </mate><quantity>
                    5个
                </quantity></item><item><mate>
                  

    老抽

                </mate><quantity>
                    15ml
                </quantity></item><item><mate>
                  

    料酒

                </mate><quantity>
                    15ml
                </quantity></item><item><mate>
                  

    盐

                </mate><quantity>
                    4g
                </quantity></item><item><mate>
                  

    糖

                </mate><quantity>
                    2g
                </quantity></item></materials><steps>
            
            
              牛腩洗净，沥干水份备用（个人建议买带点肥肉的牛腩，炖出来会更香）
              
            
            
            
              锅热后倒少量油，待油温烧到七成热时，放牛腩煸炒
            
            
            
              当牛腩的血水彻底炒干直至出现焦糖色后，调中小火，加入姜片、八角、香叶、花椒和干辣椒炒匀
            
            
            
              当调料炒出香味后，烹入料酒炒匀
            
            
            
              再倒入老抽炒至牛腩均匀裹上色
            
            
            
              加入足量开水大火烧开后，撇去浮沫，盖上盖转小火焖烧。
            
            
            
              烧牛腩的同时，土豆去皮洗净，切成与牛腩大小相当的块，入油锅中炒至表面微焦
            
            
            
              当牛腩烧至软烂后，将炒好的土豆加入牛腩锅中，继续焖10-20分钟，最后调入盐和糖拌匀后大火收汁即可
            
          </steps><tips>
          **牛腩在煸炒时，一定要把血水炒干了直到出现焦糖色后再放香料，不然会有腥味的。当然也可以将牛腩先焯水，再入锅煸炒这个方法，但各人更喜欢这种直接将生肉入锅煸炒的方式，不仅更方便，而且一样可以起到给牛肉去腥的目的。

**红烧牛腩除了加土豆一块烧之外，也可以根据自己的喜好加笋，或者白萝卜烧。

**辛香料虽说能起到去腥增香的作用，不过也不要一次放太多，以免抢了肉味，不吃辣的，干辣椒可以省略，或者少放点取其香气

**牛肉烧开后要给足时间小火慢炖，才能软烂，不要心急。中途如果水份烧干，要加开水，不能加冷水哦。

**最后收汁的时候，根据自己的喜好来决定保留汤汁的分量，多留些汤汁的话可以用来拌饭，或者做红烧牛肉面也不错
        </tips><tags>
        家常菜
        红烧
        红烧牛腩
        红烧牛腩面
        红烧牛腩煲
        牛腩
        牛腩火锅
      </tags></item></page_detail></extraction>