<?xml version="1.0" encoding="UTF-8"?><extraction><clueid>99353377</clueid><fullpath><![CDATA[http://www.xiachufang.com/recipe/1071218/]]></fullpath><realpath><![CDATA[http://www.xiachufang.com/recipe/1071218/]]></realpath><theme>food_detail_page</theme><middle>规则_2</middle><createdate>2019-5-14 15:22:0</createdate><pageno>0</pageno><actionno></actionno><actionvalue></actionvalue><prestamp>DSEngine-+--+-0</prestamp><currentstamp>DSEngine-+-ds_browser_top-+-1557818520618</currentstamp><timestamp>1557818520618</timestamp><baseURI><bucketBaseURI><bucketName>page_detail</bucketName><uri><![CDATA[http://www.xiachufang.com/recipe/1071218/]]></uri></bucketBaseURI></baseURI><customInfo><![CDATA[]]></customInfo><dsName>DSEngine</dsName><dsThread>datascraper_top</dsThread><version>80700</version>
<page_detail><item><foodname>
      清热去火的蜂蜜柚子茶
    </foodname><score/><heat>3</heat><author>黄豆豆的一家</author><materials><item><mate>
                  

    柚子1个

                </mate><quantity>
                </quantity></item><item><mate>
                  

    冰糖1把

                </mate><quantity>
                </quantity></item><item><mate>
                  

    蜂蜜1杯子

                </mate><quantity>
                </quantity></item><item><mate>
                  

    水3碗

                </mate><quantity>
                </quantity></item></materials><steps>
            
            
              在柚子顶部以米字刀切开口，慢慢把抽子皮剥开
用刀将柚子皮里的白色瓤清理干净,清洗干净后切成细丝
              
            
            
            
              电饭锅中加入准备好的水，接通电源，倒入切好的柚子丝
              
            
            
            
              电饭锅中煮柚子皮时，开始准备柚子肉，一片片将柚子果肉上的外膜剥掉
              
            
            
            
              柚子果肉全部剥完后和冰糖一起放入电饭锅中煮45分钟左右关火。待柚子茶放凉后加入适量的蜂蜜拌匀装入保鲜盒中放入冰箱保存。
              
            
          </steps><tips/><tags>
        全部菜单
      </tags></item></page_detail></extraction>