<?xml version="1.0" encoding="UTF-8"?><extraction><clueid>99352431</clueid><fullpath><![CDATA[http://www.xiachufang.com/recipe/86282/]]></fullpath><realpath><![CDATA[http://www.xiachufang.com/recipe/86282/]]></realpath><theme>food_detail_page</theme><middle>规则_2</middle><createdate>2019-5-13 22:55:47</createdate><pageno>0</pageno><actionno></actionno><actionvalue></actionvalue><prestamp>DSEngine-+--+-0</prestamp><currentstamp>DSEngine-+-ds_browser_top-+-1557759347691</currentstamp><timestamp>1557759347691</timestamp><baseURI><bucketBaseURI><bucketName>page_detail</bucketName><uri><![CDATA[http://www.xiachufang.com/recipe/86282/]]></uri></bucketBaseURI></baseURI><customInfo><![CDATA[]]></customInfo><dsName>DSEngine</dsName><dsThread>datascraper_top</dsThread><version>80700</version>
<page_detail><item><foodname>
      青椒炒肉丝
    </foodname><score>7.8</score><heat>3427</heat><author>璐稔</author><materials><item><mate>
                  

    青椒

                </mate><quantity>
                </quantity></item><item><mate>
                  

    肉丝

                </mate><quantity>
                </quantity></item><item><mate>
                  

    葱

                </mate><quantity>
                </quantity></item><item><mate>
                  

    姜

                </mate><quantity>
                </quantity></item><item><mate>
                  

    蒜

                </mate><quantity>
                </quantity></item><item><mate>
                  

    盐

                </mate><quantity>
                </quantity></item><item><mate>
                  

    酱油

                </mate><quantity>
                </quantity></item><item><mate>
                  

    料酒

                </mate><quantity>
                </quantity></item><item><mate>
                  

    淀粉

                </mate><quantity>
                </quantity></item></materials><steps>
            
            
              加两勺料酒、一勺酱油，一勺淀粉、半勺盐、然后抓一下，腌制20分钟。这个过程叫做“码味儿”
              
            
            
            
              螺丝辣椒洗净，去蒂，一剖两瓣，然后切成细丝。
              
            
            
            
              锅中油烧热，下葱、姜、蒜、小米椒煸炒（这个时候把火稍微调小，火太大容易炒焦），炒出香味儿。
              
            
            
            
              下腌好的肉丝滑至七八成熟，可以先盛起来，偷懒拨一边儿也可。
              
            
            
            
              这时候下青椒丝、改大火略炒2分钟，一点点蚝油，再与肉丝拌匀快炒，少许盐（之前肉丝已经码过味了，所以请酌情放盐），最后勾一点点味精，关火，出锅。
              
            
            
            
              青椒清脆碧绿、肉丝香辣宜人，米饭杀手来啦~~下饭绝佳！
              
            
          </steps><tips>
          1、青椒我选用的是螺丝辣子，这种卷卷曲曲，状如螺丝的辣椒皮薄、肉厚、关键是辣味十足。买不到螺丝辣子的童鞋可以选用其他辣椒，但最好选择皮薄的辣椒。
2、肉丝最好要提前上浆，就是将肉丝用蛋清或者水淀粉码一下，淀粉不要太多，浆不要挂太厚，腌制20分钟，这样炒出来的肉丝口感十分滑嫩入味，不柴。
3、青椒要后放，放早了就不脆嫩了，盐也要最后放，放早了青椒会出水，颜色也会变黄。
4、炒的时候放一点点蚝油，是此菜的秘诀哟！
        </tips><tags>
        家常菜
        快手菜
        单身食谱
        青椒炒肉丝
        青椒香干炒肉丝
        炒青椒肉丝
        青椒炒牛肉丝
        青椒肉丝
      </tags></item></page_detail></extraction>