<?xml version="1.0" encoding="UTF-8"?><extraction><clueid>99352258</clueid><fullpath><![CDATA[http://www.xiachufang.com/recipe/256030/]]></fullpath><realpath><![CDATA[http://www.xiachufang.com/recipe/256030/]]></realpath><theme>food_detail_page</theme><middle>规则_2</middle><createdate>2019-5-13 22:4:19</createdate><pageno>0</pageno><actionno></actionno><actionvalue></actionvalue><prestamp>DSEngine-+--+-0</prestamp><currentstamp>DSEngine-+-ds_browser_top-+-1557756259145</currentstamp><timestamp>1557756259145</timestamp><baseURI><bucketBaseURI><bucketName>page_detail</bucketName><uri><![CDATA[http://www.xiachufang.com/recipe/256030/]]></uri></bucketBaseURI></baseURI><customInfo><![CDATA[]]></customInfo><dsName>DSEngine</dsName><dsThread>datascraper_top</dsThread><version>80700</version>
<page_detail><item><foodname>
      虎皮青椒
    </foodname><score>8.1</score><heat>7950</heat><author>随心煮意</author><materials><item><mate>
                  

    青辣椒

                </mate><quantity>
                    8个
                </quantity></item><item><mate>
                  

    大蒜

                </mate><quantity>
                    2瓣
                </quantity></item><item><mate>
                  

    香醋

                </mate><quantity>
                    15ml
                </quantity></item><item><mate>
                  

    白糖

                </mate><quantity>
                    15g
                </quantity></item><item><mate>
                  

    生抽

                </mate><quantity>
                    5ml
                </quantity></item><item><mate>
                  

    油

                </mate><quantity>
                    15ml
                </quantity></item><item><mate>
                  

    盐

                </mate><quantity>
                    少许
                </quantity></item><item><mate>
                  

    青辣椒

                </mate><quantity>
                    3个
                </quantity></item><item><mate>
                  

    大蒜

                </mate><quantity>
                    1瓣
                </quantity></item><item><mate>
                  

    香醋

                </mate><quantity>
                    15ml
                </quantity></item><item><mate>
                  

    白糖

                </mate><quantity>
                    15g
                </quantity></item><item><mate>
                  

    生抽

                </mate><quantity>
                    5ml
                </quantity></item><item><mate>
                  

    油

                </mate><quantity>
                    15ml
                </quantity></item><item><mate>
                  

    盐

                </mate><quantity>
                    少许
                </quantity></item></materials><steps>
            
            
              将青椒洗干净
              
            
            
            
              把蒂部切掉，用小刀挖掉籽
              
            
            
            
              大蒜拍破后去皮，切成碎末
              
            
            
            
              将生抽、白糖、香醋、盐放入碗里混合均匀成调料汁备用
              
            
            
            
              锅中倒入油，中火加热至4成热后，将青椒排放锅中入
              
            
            
            
              用锅铲轻轻按压青椒
              
            
            
            
              并不时的将青椒翻面，使之均匀的受热
              
            
            
            
              青椒两面表皮都煸出皱纹
              
            
            
            
              将青椒拨到锅头的一边，放入蒜末煸香
              
            
            
            
              倒入步骤（2）的调料汁，翻炒入味，待汤汁收浓稠时即可盛入盘中
              
            
          </steps><tips>
          1.如果不怕辣，可以不用去掉青椒的籽籽。我吃的辣，平时做都不去芯的，酸甜香辣的很够味。
2.还可以选用杭椒来做，味道会更香辣哦。
        </tips><tags>
        家常菜
        素菜
        宴客
        宿舍
        单身食谱
        虎皮青椒
        虎皮青椒皮蛋
        虎皮青椒酿肉
      </tags></item></page_detail></extraction>