<?xml version="1.0" encoding="UTF-8"?><extraction><clueid>99353983</clueid><fullpath><![CDATA[http://www.xiachufang.com/recipe/100435988/]]></fullpath><realpath><![CDATA[http://www.xiachufang.com/recipe/100435988/]]></realpath><theme>food_detail_page</theme><middle>规则_2</middle><createdate>2019-5-14 21:9:20</createdate><pageno>0</pageno><actionno></actionno><actionvalue></actionvalue><prestamp>DSEngine-+--+-0</prestamp><currentstamp>DSEngine-+-ds_browser_top-+-1557839360625</currentstamp><timestamp>1557839360625</timestamp><baseURI><bucketBaseURI><bucketName>page_detail</bucketName><uri><![CDATA[http://www.xiachufang.com/recipe/100435988/]]></uri></bucketBaseURI></baseURI><customInfo><![CDATA[]]></customInfo><dsName>DSEngine</dsName><dsThread>datascraper_top</dsThread><version>80700</version>
<page_detail><item><foodname>
      外公的冲蛋和外婆的糖炒鸡蛋（止咳土方）
      </foodname><score/><heat>5</heat><author>黛山</author><materials><item><mate>
                  

    冲蛋

                </mate><quantity>
                    
                </quantity></item><item><mate>
                  

    鸡蛋

                </mate><quantity>
                    1枚
                </quantity></item><item><mate>
                  

    砂糖

                </mate><quantity>
                    适量
                </quantity></item><item><mate>
                  

    水

                </mate><quantity>
                    一碗
                </quantity></item><item><mate>
                  

    糖炒鸡蛋

                </mate><quantity>
                    
                </quantity></item><item><mate>
                  

    鸡蛋

                </mate><quantity>
                    一枚
                </quantity></item><item><mate>
                  

    砂糖

                </mate><quantity>
                    适量
                </quantity></item><item><mate>
                  

    油

                </mate><quantity>
                    一大匙
                </quantity></item></materials><steps>
            
            
              冲蛋：鸡蛋提前拿出来回温，如果时间没有余裕，请用更大的碗，更多的水。
            
            
            
              鸡蛋在碗里加入砂糖打散，小奶锅烧着开水。
            
            
            
              水开后，冲入碗中，切记快速连续。水满后，把小奶锅的盖子盖到碗上，稍闷一会儿。
            
            
            
              一口气喝吧！
            
            
            
              糖炒鸡蛋：鸡蛋在碗里打散，锅里热油。
            
            
            
              倒入蛋液撒入砂糖，快速搅散。
            
            
            
              装到碟子里吃吧！
            
          </steps><tips>
          1.土方说：砂糖用的越多越好，炒鸡蛋剩下的糖油也喝掉为上。不过毕竟是土方，可信度很难讲，治咳嗽还是多休息和消炎药。2.一大匙=一汤匙
        </tips><tags>
        早餐
      </tags></item></page_detail></extraction>