<?xml version="1.0" encoding="UTF-8"?><extraction><clueid>99353296</clueid><fullpath><![CDATA[http://www.xiachufang.com/recipe/100409771/]]></fullpath><realpath><![CDATA[http://www.xiachufang.com/recipe/100409771/]]></realpath><theme>food_detail_page</theme><middle>规则_2</middle><createdate>2019-5-14 15:8:26</createdate><pageno>0</pageno><actionno></actionno><actionvalue></actionvalue><prestamp>DSEngine-+--+-0</prestamp><currentstamp>DSEngine-+-ds_browser_top-+-1557817706451</currentstamp><timestamp>1557817706451</timestamp><baseURI><bucketBaseURI><bucketName>page_detail</bucketName><uri><![CDATA[http://www.xiachufang.com/recipe/100409771/]]></uri></bucketBaseURI></baseURI><customInfo><![CDATA[]]></customInfo><dsName>DSEngine</dsName><dsThread>datascraper_top</dsThread><version>80700</version>
<page_detail><item><foodname>
      三七清炖鸡
      </foodname><score/><heat>10</heat><author>小美的美食</author><materials><item><mate>
                  

    整只鸡

                </mate><quantity>
                </quantity></item><item><mate>
                  

    红枣

                </mate><quantity>
                </quantity></item><item><mate>
                  

    枸杞

                </mate><quantity>
                </quantity></item><item><mate>
                  

    生姜片

                </mate><quantity>
                </quantity></item><item><mate>
                  

    三七

                </mate><quantity>
                </quantity></item><item><mate>
                  

    白酒

                </mate><quantity>
                </quantity></item><item><mate>
                  

    盐

                </mate><quantity>
                </quantity></item></materials><steps>
            
            
              拿一个盘子装半盘子的白酒，取小段餐巾纸点燃放在白酒里面，把白酒引燃。
              
            
            
            
              鸡洗干净之后在白酒上烤至焦黄，全面的烤黄哦。
              
            
            
            
              取一个砂锅，整只鸡放进去加水至把鸡肉全部淹没，在加入红枣、枸杞、生姜片、三七开火（看看这光溜溜的躺在里面，瞬间邪恶了。）
              
            
            
            
              水沸腾以后转小火煲1-2小时。
              
            
            
            
              等待美味成熟，先去忙点别的事。 用筷子插鸡肉看是否熟透了，轻轻的插上去就能穿透就代表可以享用了。在关火之前要加适量盐调味哦！
              
            
            
            
              成品图（冷光下拍摄）
              
            
          </steps><tips>
          1、用白酒烤过的鸡肉表皮非常的香，用白酒烤可以去腥、去表皮的绒毛，煲的时候不用放料酒了。2、整只鸡我没有切小块，省事。鸡头毛毛太多我也不吃就扔掉了。3、如果担心鸡肉没盐味，可以在炖之前加少许盐，出锅的时候再加一部分。
        </tips><tags>
        清淡
      </tags></item></page_detail></extraction>