<?xml version="1.0" encoding="UTF-8"?><extraction><clueid>99352732</clueid><fullpath><![CDATA[http://www.xiachufang.com/recipe/166062/]]></fullpath><realpath><![CDATA[http://www.xiachufang.com/recipe/166062/]]></realpath><theme>food_detail_page</theme><middle>规则_2</middle><createdate>2019-5-14 0:23:33</createdate><pageno>0</pageno><actionno></actionno><actionvalue></actionvalue><prestamp>DSEngine-+--+-0</prestamp><currentstamp>DSEngine-+-ds_browser_top-+-1557764613039</currentstamp><timestamp>1557764613039</timestamp><baseURI><bucketBaseURI><bucketName>page_detail</bucketName><uri><![CDATA[http://www.xiachufang.com/recipe/166062/]]></uri></bucketBaseURI></baseURI><customInfo><![CDATA[]]></customInfo><dsName>DSEngine</dsName><dsThread>datascraper_top</dsThread><version>80700</version>
<page_detail><item><foodname>
      杏鲍菇扣西兰花
    </foodname><score>7.9</score><heat>3014</heat><author>简单煮意</author><materials><item><mate>
                  

    杏鲍菇

                </mate><quantity>
                    2个（大约150克）
                </quantity></item><item><mate>
                  

    西兰花

                </mate><quantity>
                    150克
                </quantity></item><item><mate>
                  

    葱

                </mate><quantity>
                    
                </quantity></item><item><mate>
                  

    姜

                </mate><quantity>
                    
                </quantity></item><item><mate>
                  

    蒜

                </mate><quantity>
                    
                </quantity></item><item><mate>
                  

    蚝油

                </mate><quantity>
                    1汤勺
                </quantity></item><item><mate>
                  

    老抽

                </mate><quantity>
                    1汤勺
                </quantity></item><item><mate>
                  

    白糖

                </mate><quantity>
                    1/2茶勺
                </quantity></item><item><mate>
                  

    盐

                </mate><quantity>
                    1茶勺
                </quantity></item></materials><steps>
            
            
              杏鲍菇切片,西兰花掰成小朵,葱姜蒜切末
            
            
            
              热锅入油,油温后下一半葱姜蒜煸出香味,入西兰花煸炒,加盐和高汤(或清水),大火1分钟出锅装盘
            
            
            
              另起锅入油,油温后下另一半葱姜蒜煸出香味,入杏鲍菇煸炒
            
            
            
              加蚝油、老抽、白糖,烧至汤汁稠浓,出锅扣在西兰花上即可
            
          </steps><tips/><tags>
        减肥
        家常菜
        素菜
        宴客
      </tags></item></page_detail></extraction>