<?xml version="1.0" encoding="UTF-8"?><extraction><clueid>99353830</clueid><fullpath><![CDATA[http://www.xiachufang.com/recipe/258738/]]></fullpath><realpath><![CDATA[http://www.xiachufang.com/recipe/258738/]]></realpath><theme>food_detail_page</theme><middle>规则_2</middle><createdate>2019-5-14 19:19:9</createdate><pageno>0</pageno><actionno></actionno><actionvalue></actionvalue><prestamp>DSEngine-+--+-0</prestamp><currentstamp>DSEngine-+-ds_browser_top-+-1557832749096</currentstamp><timestamp>1557832749096</timestamp><baseURI><bucketBaseURI><bucketName>page_detail</bucketName><uri><![CDATA[http://www.xiachufang.com/recipe/258738/]]></uri></bucketBaseURI></baseURI><customInfo><![CDATA[]]></customInfo><dsName>DSEngine</dsName><dsThread>datascraper_top</dsThread><version>80700</version>
<page_detail><item><foodname>
      冰糖炖莲子
    </foodname><score>8.2</score><heat>29</heat><author>小潺zh</author><materials><item><mate>
                  

    莲子

                </mate><quantity>
                </quantity></item><item><mate>
                  

    冰糖

                </mate><quantity>
                </quantity></item><item><mate>
                  

    清水

                </mate><quantity>
                </quantity></item></materials><steps>
            
            
              干莲子加清水浸泡
              
            
            
            
              去除莲子芯
              
            
            
            
              洗净后装入炖碗中
              
            
            
            
              放上适量的冰糖和清水
              
            
            
            
              小火炖3小时
              
            
          </steps><tips/><tags>
        全部菜单
      </tags></item></page_detail></extraction>