<?xml version="1.0" encoding="UTF-8"?><extraction><clueid>99353506</clueid><fullpath><![CDATA[http://www.xiachufang.com/recipe/100442573/]]></fullpath><realpath><![CDATA[http://www.xiachufang.com/recipe/100442573/]]></realpath><theme>food_detail_page</theme><middle>规则_2</middle><createdate>2019-5-14 15:42:23</createdate><pageno>0</pageno><actionno></actionno><actionvalue></actionvalue><prestamp>DSEngine-+--+-0</prestamp><currentstamp>DSEngine-+-ds_browser_top-+-1557819743546</currentstamp><timestamp>1557819743546</timestamp><baseURI><bucketBaseURI><bucketName>page_detail</bucketName><uri><![CDATA[http://www.xiachufang.com/recipe/100442573/]]></uri></bucketBaseURI></baseURI><customInfo><![CDATA[]]></customInfo><dsName>DSEngine</dsName><dsThread>datascraper_top</dsThread><version>80700</version>
<page_detail><item><foodname>
      清热润肺甜汤
    </foodname><score/><heat>1</heat><author>浇灌一朵花的时间</author><materials><item><mate>
                  

    竹芋（可用红薯代替）

                </mate><quantity>
                    只要嫩的部位三四个
                </quantity></item><item><mate>
                  

    东京丸

                </mate><quantity>
                    一手
                </quantity></item><item><mate>
                  

    鸡蛋

                </mate><quantity>
                    一个
                </quantity></item><item><mate>
                  

    汤圆

                </mate><quantity>
                    四个或者多少均可，随自己喜爱
                </quantity></item><item><mate>
                  

    单晶冰糖（可用白糖或者红糖代替）

                </mate><quantity>
                    五六个
                </quantity></item></materials><steps>
            
            
              我喜欢材料全部弄好再一起煮，竹芋洗净切片。（如果用的红薯的话可以切小丁，红薯难熟，要先下水煮熟）
              
            
            
            
              烧水开了之后先下汤圆，盖上~
              
            
            
            
              汤圆快熟的时候下竹芋，煮30秒左右可以看到汤圆跟竹芋都熟了，下冰糖。
              
            
            
            
              接着下东京丸的时候要注意，慢慢的下，然后用筷子顺着锅延画圈搅拌，避免结块~
              
            
            
            
              东京丸下了之后再次等水开，这里要下点冷水，不需要多，一两勺就可以了。
              
            
            
            
              这个时候鸡蛋敲下去，白糖或者红糖在这个时候下，一碗甜汤就搞定了！
              
            
          </steps><tips>
          东京丸想要全煮熟最后一定要下一点冷水
        </tips><tags>
        甜品
      </tags></item></page_detail></extraction>