<?xml version="1.0" encoding="UTF-8"?><extraction><clueid>99352603</clueid><fullpath><![CDATA[http://www.xiachufang.com/recipe/102886729/]]></fullpath><realpath><![CDATA[http://www.xiachufang.com/recipe/102886729/]]></realpath><theme>food_detail_page</theme><middle>规则_2</middle><createdate>2019-5-13 23:40:34</createdate><pageno>0</pageno><actionno></actionno><actionvalue></actionvalue><prestamp>DSEngine-+--+-0</prestamp><currentstamp>DSEngine-+-ds_browser_top-+-1557762034180</currentstamp><timestamp>1557762034180</timestamp><baseURI><bucketBaseURI><bucketName>page_detail</bucketName><uri><![CDATA[http://www.xiachufang.com/recipe/102886729/]]></uri></bucketBaseURI></baseURI><customInfo><![CDATA[]]></customInfo><dsName>DSEngine</dsName><dsThread>datascraper_top</dsThread><version>80700</version>
<page_detail><item><foodname>
      菌汤面条 看得见的香菇 尝得到的鲜美 这才是真正的菌汤
    </foodname><score>8.0</score><heat>1242</heat><author>千寻树</author><materials><item><mate>
                  

    挂面或细面条

                </mate><quantity>
                    3人份的量
                </quantity></item><item><mate>
                  

    香菇

                </mate><quantity>
                    14朵
                </quantity></item><item><mate>
                  

    小青菜

                </mate><quantity>
                    1把
                </quantity></item><item><mate>
                  

    西红柿

                </mate><quantity>
                    半个
                </quantity></item><item><mate>
                  

    蚝油

                </mate><quantity>
                    2勺
                </quantity></item><item><mate>
                  

    生抽

                </mate><quantity>
                    2勺
                </quantity></item><item><mate>
                  

    盐

                </mate><quantity>
                    1勺
                </quantity></item></materials><steps>
            
            
              鲜香菇用淡盐水浸泡10分钟，目的是为了去除香菇自身的那股土腥气。
              
            
            
            
              小青菜一片一片的撕开，先用水冲洗干净菜上的泥土，再用清水泡上。
              
            
            
            
              香菇切成小丁。
              
            
            
            
              锅内放油，油五六成热后放入切好的香菇丁，翻炒。
              
            
            
            
              可以先加一点点盐，香菇炒软之后水分就开始析出，菌类的那种香味也开始越来越浓。
              
            
            
            
              继续炒，直到香菇粒炒到汁液变得稍浓。
              
            
            
            
              加热水，烧开，放蚝油、生抽、盐调味，盖盖转小火煮5分钟。
              
            
            
            
              打开锅盖，大火保持沸腾，把面条下入，用筷子搅散。
              
            
            
            
              面条煮到五六成熟，下入青菜叶子，面条七八成熟没有硬芯就可以准备盛出来了。
              
            
            
            
              锅里扔几片西红柿片，煮上几秒就可捞出，做面条装饰用。
              
            
            
            
              这份一世情深菌汤面条就做好了！
              
            
            
            
              简简单单却又滋味悠长。
              
            
          </steps><tips>
          香菇切丁后之后在锅里要中小火炒到微微浓稠，看起来像勾芡了一样，这个时候香菇的味道才被完全释放出来，很浓郁。
        </tips><tags>
        家常菜
        快手菜
        面条
        汤粥主食
        宴客
        创意菜
        外貌协会
        小清新
        节日节气
      </tags></item></page_detail></extraction>