<?xml version="1.0" encoding="UTF-8"?><extraction><clueid>99352830</clueid><fullpath><![CDATA[http://www.xiachufang.com/recipe/1078283/]]></fullpath><realpath><![CDATA[http://www.xiachufang.com/recipe/1078283/]]></realpath><theme>food_detail_page</theme><middle>规则_2</middle><createdate>2019-5-14 10:11:29</createdate><pageno>0</pageno><actionno></actionno><actionvalue></actionvalue><prestamp>DSEngine-+--+-0</prestamp><currentstamp>DSEngine-+-ds_browser_top-+-1557799889740</currentstamp><timestamp>1557799889740</timestamp><baseURI><bucketBaseURI><bucketName>page_detail</bucketName><uri><![CDATA[http://www.xiachufang.com/recipe/1078283/]]></uri></bucketBaseURI></baseURI><customInfo><![CDATA[]]></customInfo><dsName>DSEngine</dsName><dsThread>datascraper_top</dsThread><version>80700</version>
<page_detail><item><foodname>
      茼蒿拌鸡丝
      </foodname><score>8.2</score><heat>558</heat><author>Pan小月</author><materials><item><mate>
                  

    食物油

                </mate><quantity>
                    1小勺
                </quantity></item><item><mate>
                  

    茼蒿

                </mate><quantity>
                    1大把
                </quantity></item><item><mate>
                  

    鸡胸肉

                </mate><quantity>
                    1小块
                </quantity></item><item><mate>
                  

    生抽

                </mate><quantity>
                    1大勺
                </quantity></item><item><mate>
                  

    香油

                </mate><quantity>
                    2小勺
                </quantity></item><item><mate>
                  

    芝麻

                </mate><quantity>
                    1小撮
                </quantity></item><item><mate>
                  

    红辣椒

                </mate><quantity>
                    可省略
                </quantity></item></materials><steps>
            
            
              茼蒿掐去根部，洗净
              
            
            
            
              鸡胸肉放入冷水中煮熟，取出，撕成丝
              
            
            
            
              另外烧开一锅水，放入1小勺食用油
              
            
            
            
              放入茼蒿。最好先放入根茎烫十几秒，再将叶子浸入水里，整体再烫半分钟即可
              
            
            
            
              取出后，稍微挤干一下（小心烫），切段
              
            
            
            
              和鸡丝一起放在大碗里，加1大勺生抽、2小勺香油，撒点芝麻，拌匀即可。最后可以撒点红辣椒圈，更赏心悦目
              
            
          </steps><tips/><tags>
        减肥
        宿舍
        茼蒿拌鸡丝
        拌鸡丝
        茼蒿
        鸡丝拌黄瓜
        鸡丝
      </tags></item></page_detail></extraction>