<?xml version="1.0" encoding="UTF-8"?><extraction><clueid>99352679</clueid><fullpath><![CDATA[http://www.xiachufang.com/recipe/100629476/]]></fullpath><realpath><![CDATA[http://www.xiachufang.com/recipe/100629476/]]></realpath><theme>food_detail_page</theme><middle>规则_2</middle><createdate>2019-5-13 23:52:37</createdate><pageno>0</pageno><actionno></actionno><actionvalue></actionvalue><prestamp>DSEngine-+--+-0</prestamp><currentstamp>DSEngine-+-ds_browser_top-+-1557762757657</currentstamp><timestamp>1557762757657</timestamp><baseURI><bucketBaseURI><bucketName>page_detail</bucketName><uri><![CDATA[http://www.xiachufang.com/recipe/100629476/]]></uri></bucketBaseURI></baseURI><customInfo><![CDATA[]]></customInfo><dsName>DSEngine</dsName><dsThread>datascraper_top</dsThread><version>80700</version>
<page_detail><item><foodname>
      四分钟煎好一块鲜嫩多汁的牛排
      </foodname><score>7.9</score><heat>1419</heat><author>牛奶少女丶</author><materials><item><mate>
                  

    牛排

                </mate><quantity>
                </quantity></item><item><mate>
                  

    现磨黑胡椒（可达怡）

                </mate><quantity>
                </quantity></item><item><mate>
                  

    油

                </mate><quantity>
                </quantity></item><item><mate>
                  

    海盐

                </mate><quantity>
                </quantity></item></materials><steps>
            
            
              冷冻的牛排移至冷藏室解冻，然后再取出放置室温。
              
            
            
            
              用厨房纸把牛排表面的血水吸干净。牛排切忌不要用水泡。
              
            
            
            
              在牛排两面均匀的撒上现磨黑胡椒和海盐（请用粗粒海盐，不要用平时炒菜的普通食盐），在牛排两面都刷上薄薄一层油，油不需要多。
              
            
            
            
              煎牛排的锅我用的是带底纹的铸铁锅，导热快，可以做出外焦里嫩的口感，煎出来的牛排还有纹路颜值高哈哈。将锅大火加热到冒烟，滴一滴水在锅里马上就能蒸发的程度，这个时候就可以把牛排放进去了，温度一定要够高，牛排放下去能听到兹拉兹拉的声音。
              
            
            
            
              根据牛排的厚度，每一面煎的时间大约掌握在1分半-2分钟，反正时间随着厚度的增加而增加。我的牛排厚度一般，所以我一共只煎了3分30秒，七分熟。煎出十字纹的方法就是：一面先煎1分钟，然后把牛排旋转45°（不是翻面），再煎45秒左右再翻面即可。
              
            
            
            
              煎好的牛排放到盘子里，先别急着吃，静置5分钟，你正好可以趁着这个时候拍张照片装装逼哈哈哈。静置5分钟的原因是松弛肉纤维锁住肉汁，然后就可以开动啦！一块好的牛排其实是不需要再添加额外的酱汁的，现磨黑胡椒碎和海盐就可以很好地衬托牛排本身的味道。
              
            
          </steps><tips/><tags>
        快手菜
        主食
        煎
        煎牛排
        牛排
        好吃到哭的煎牛排
        煎
        烧牛排
      </tags></item></page_detail></extraction>